HGB,RBC,MCV,MCH,MCHC,label,Class
9.8,4.02,70.95,24.38,34.37,1,Anemic
15.4,5.35,86.67,28.82,33.23,0,Non-Anemic
13.0,4.81,78.31,27.03,34.54,2,Compensated Microcytosis
9.8,4.77,64.29,20.56,31.96,1,Anemic
5.9,2.37,69.71,24.87,35.73,1,Anemic
12.2,4.5,75.71,27.09,35.84,2,Compensated Microcytosis
13.2,4.47,86.08,29.53,34.31,2,Compensated Microcytosis
16.15,5.84,79.27,27.65,34.89,2,Compensated Microcytosis
13.7,5.17,80.15,26.53,33.09,2,Compensated Microcytosis
13.2,4.3,87.78,30.71,35.0,0,Non-Anemic
8.4,2.26,118.09,37.13,31.44,1,Anemic
13.68,4.23,93.8,32.33,34.46,2,Compensated Microcytosis
12.0,4.39,82.25,27.34,33.27,0,Non-Anemic
15.0,4.29,108.15,34.96,32.32,0,Non-Anemic
14.5,5.28,80.28,27.43,34.25,0,Non-Anemic
16.1,4.77,105.23,33.78,32.12,0,Non-Anemic
15.1,5.39,77.96,28.02,35.9,0,Non-Anemic
14.6,5.63,76.13,25.94,34.06,2,Compensated Microcytosis
12.79,4.35,88.17,29.38,33.33,2,Compensated Microcytosis
12.66,4.94,78.0,25.65,32.89,2,Compensated Microcytosis
13.0,4.12,96.43,31.59,32.7,0,Non-Anemic
14.2,5.06,89.93,28.09,31.21,0,Non-Anemic
11.3,4.27,84.37,26.43,31.33,1,Anemic
17.1,4.74,99.94,36.07,36.08,0,Non-Anemic
7.8,3.94,57.38,19.81,34.49,1,Anemic
13.0,5.14,76.62,25.3,33.04,2,Compensated Microcytosis
9.8,4.97,56.81,19.68,34.73,1,Anemic
14.6,5.4,80.04,27.06,33.8,2,Compensated Microcytosis
10.5,3.81,77.8,27.56,35.39,1,Anemic
12.52,4.63,78.22,27.08,34.58,2,Compensated Microcytosis
13.54,4.35,91.62,31.15,33.97,2,Compensated Microcytosis
12.5,4.62,76.72,27.04,35.25,2,Compensated Microcytosis
12.3,4.84,74.77,25.44,34.01,1,Anemic
14.6,4.58,90.38,31.86,35.26,0,Non-Anemic
14.2,5.29,81.32,26.84,33.01,2,Compensated Microcytosis
8.7,3.59,68.44,24.22,35.39,1,Anemic
11.2,3.29,95.06,34.06,35.85,1,Anemic
13.3,5.2,77.3,25.61,33.09,2,Compensated Microcytosis
13.8,5.4,72.81,25.57,35.07,2,Compensated Microcytosis
12.3,4.65,77.29,26.45,34.25,2,Compensated Microcytosis
10.7,4.56,74.14,23.47,31.67,1,Anemic
8.6,5.38,47.54,16.0,33.64,1,Anemic
13.95,4.32,93.73,32.29,34.42,2,Compensated Microcytosis
14.7,4.85,94.17,30.29,32.18,0,Non-Anemic
11.6,4.71,70.48,24.62,34.93,1,Anemic
14.3,4.83,85.89,29.6,34.47,0,Non-Anemic
13.0,4.54,84.42,28.62,33.91,0,Non-Anemic
14.6,4.4,96.6,33.19,34.33,0,Non-Anemic
10.8,3.82,84.69,28.29,33.38,1,Anemic
11.7,4.5,74.58,25.99,34.88,1,Anemic
16.79,4.95,99.09,33.89,34.21,2,Compensated Microcytosis
10.2,3.58,79.85,28.49,35.71,1,Anemic
15.3,5.74,78.92,26.65,33.81,2,Compensated Microcytosis
14.41,5.68,72.05,25.35,35.18,2,Compensated Microcytosis
12.6,4.31,89.42,29.21,32.72,1,Anemic
13.0,5.0,74.2,26.01,35.02,2,Compensated Microcytosis
13.6,5.04,76.76,26.96,35.15,2,Compensated Microcytosis
12.5,4.43,77.28,28.22,36.51,1,Anemic
13.1,4.4,84.36,29.81,35.3,0,Non-Anemic
14.1,5.09,81.91,27.7,33.83,0,Non-Anemic
13.8,5.5,75.23,25.11,33.35,2,Compensated Microcytosis
11.9,5.96,59.29,19.98,33.69,1,Anemic
15.26,4.8,93.74,31.82,33.93,2,Compensated Microcytosis
13.4,4.95,77.23,27.09,35.08,2,Compensated Microcytosis
11.2,4.97,62.33,22.55,36.13,1,Anemic
15.0,5.18,83.2,28.97,34.8,0,Non-Anemic
12.3,4.83,76.64,25.47,33.2,2,Compensated Microcytosis
16.67,6.03,82.1,27.62,33.69,2,Compensated Microcytosis
15.9,4.62,101.3,34.45,33.98,0,Non-Anemic
11.9,4.4,77.23,27.07,35.03,1,Anemic
16.16,5.35,88.43,30.22,34.11,0,Non-Anemic
5.9,2.55,66.71,23.13,34.73,1,Anemic
14.2,5.4,79.7,26.33,33.0,2,Compensated Microcytosis
7.2,4.06,53.28,17.75,33.28,1,Anemic
12.67,4.73,75.65,26.76,35.42,2,Compensated Microcytosis
14.0,5.2,79.32,26.91,33.97,2,Compensated Microcytosis
14.58,4.58,92.06,31.81,34.62,0,Non-Anemic
11.7,4.95,72.63,23.63,32.51,1,Anemic
12.3,4.11,87.53,29.89,34.2,1,Anemic
11.8,2.94,109.24,40.13,36.7,1,Anemic
12.1,4.51,75.49,26.81,35.54,2,Compensated Microcytosis
10.8,3.9,82.15,27.65,33.7,1,Anemic
13.2,4.78,81.37,27.63,33.93,0,Non-Anemic
9.1,3.04,84.24,29.9,35.5,1,Anemic
14.6,5.01,88.98,29.12,32.72,0,Non-Anemic
9.7,3.18,84.56,30.54,36.07,1,Anemic
12.5,4.61,86.53,27.13,31.32,1,Anemic
15.88,5.49,82.25,28.94,35.13,2,Compensated Microcytosis
8.7,3.59,72.46,24.2,33.49,1,Anemic
14.4,5.03,81.22,28.66,35.26,0,Non-Anemic
14.69,4.88,88.13,30.13,34.16,2,Compensated Microcytosis
12.3,5.29,68.6,23.24,33.9,2,Compensated Microcytosis
14.2,5.4,75.0,26.29,35.02,2,Compensated Microcytosis
14.7,4.3,97.64,34.21,34.97,0,Non-Anemic
15.0,4.97,89.37,30.22,33.78,0,Non-Anemic
10.7,3.99,79.4,26.85,33.79,1,Anemic
11.6,4.82,69.05,24.04,34.85,1,Anemic
13.92,4.47,94.27,31.16,33.03,2,Compensated Microcytosis
16.57,5.53,87.95,29.98,34.04,0,Non-Anemic
13.0,5.0,76.64,26.03,33.96,2,Compensated Microcytosis
15.64,5.26,86.8,29.77,34.23,0,Non-Anemic
12.2,4.6,83.7,26.54,31.68,2,Compensated Microcytosis
15.4,5.0,92.04,30.77,33.49,0,Non-Anemic
14.96,5.29,81.24,28.29,34.8,2,Compensated Microcytosis
10.0,4.54,66.83,22.03,32.96,1,Anemic
13.9,4.73,82.87,29.35,35.5,0,Non-Anemic
7.3,2.84,75.92,25.72,33.84,1,Anemic
14.9,4.42,103.44,33.73,32.63,2,Compensated Microcytosis
16.59,5.44,89.55,30.49,34.06,2,Compensated Microcytosis
9.0,4.77,57.84,18.83,32.6,1,Anemic
8.1,4.23,56.77,19.18,33.73,1,Anemic
12.7,4.16,92.52,30.52,33.01,1,Anemic
13.8,4.8,82.85,28.75,34.67,0,Non-Anemic
12.4,4.29,85.05,28.92,34.03,0,Non-Anemic
13.5,4.29,91.02,31.48,34.57,0,Non-Anemic
13.6,5.03,77.56,27.08,34.91,2,Compensated Microcytosis
15.2,4.75,92.87,32.0,34.46,0,Non-Anemic
9.9,3.47,81.58,28.5,35.01,1,Anemic
15.5,5.16,85.5,30.06,35.16,0,Non-Anemic
13.16,4.33,88.66,30.39,34.27,0,Non-Anemic
11.8,4.22,83.32,27.96,33.58,1,Anemic
14.4,4.76,95.19,30.21,31.79,0,Non-Anemic
13.8,5.5,72.39,25.12,34.65,2,Compensated Microcytosis
10.9,4.56,71.32,23.92,33.57,1,Anemic
13.8,4.55,89.39,30.34,33.94,2,Compensated Microcytosis
9.6,2.89,96.95,33.24,34.3,1,Anemic
13.15,5.11,74.01,25.7,34.78,2,Compensated Microcytosis
9.1,4.42,60.07,20.62,34.27,1,Anemic
18.0,5.86,92.18,30.69,33.35,0,Non-Anemic
14.64,5.72,74.25,25.61,34.48,2,Compensated Microcytosis
3.1,1.42,66.9,21.82,32.64,1,Anemic
12.71,4.88,81.2,26.03,32.07,2,Compensated Microcytosis
11.9,3.54,98.9,33.61,33.98,1,Anemic
15.2,4.79,94.07,31.72,33.76,0,Non-Anemic
12.5,4.66,76.73,26.83,34.96,1,Anemic
12.9,5.27,74.02,24.52,33.02,2,Compensated Microcytosis
14.2,5.15,81.49,27.61,33.84,0,Non-Anemic
11.5,4.86,73.03,23.66,32.35,1,Anemic
13.47,4.26,98.24,31.6,32.16,0,Non-Anemic
11.4,4.19,83.04,27.17,32.79,1,Anemic
10.9,3.59,89.57,30.37,33.94,1,Anemic
12.9,4.49,80.39,28.7,35.75,0,Non-Anemic
7.3,3.99,52.97,18.31,34.57,1,Anemic
17.1,5.8,82.51,29.46,35.72,0,Non-Anemic
16.74,5.88,81.01,28.5,35.15,2,Compensated Microcytosis
14.72,5.5,77.52,26.74,34.55,2,Compensated Microcytosis
14.8,5.5,80.01,26.9,33.65,2,Compensated Microcytosis
15.6,5.51,85.82,28.32,32.98,0,Non-Anemic
15.4,5.01,90.71,30.76,33.83,0,Non-Anemic
11.1,3.86,90.7,28.73,31.67,1,Anemic
11.9,3.89,92.58,30.6,33.01,1,Anemic
10.7,4.43,73.26,24.14,32.98,1,Anemic
11.5,4.2,80.68,27.39,33.95,1,Anemic
14.02,5.5,75.59,25.47,33.7,2,Compensated Microcytosis
14.2,5.06,87.31,28.06,32.16,2,Compensated Microcytosis
8.8,5.22,49.34,16.87,34.15,1,Anemic
10.6,3.8,77.39,27.92,36.02,1,Anemic
8.6,5.38,44.56,15.96,35.93,1,Anemic
10.2,3.84,74.0,26.6,35.91,1,Anemic
14.1,4.67,86.92,30.23,34.75,0,Non-Anemic
14.5,5.2,80.69,27.87,34.56,0,Non-Anemic
12.6,4.24,85.94,29.72,34.63,0,Non-Anemic
12.0,4.52,79.58,26.58,33.34,2,Compensated Microcytosis
8.3,4.04,60.37,20.58,34.04,1,Anemic
13.9,5.31,72.13,26.19,36.26,2,Compensated Microcytosis
13.4,4.65,85.48,28.85,33.72,0,Non-Anemic
12.4,4.11,93.49,30.19,32.26,1,Anemic
14.6,5.06,82.09,28.84,35.13,2,Compensated Microcytosis
15.0,5.3,83.01,28.33,34.09,2,Compensated Microcytosis
11.0,4.11,77.49,26.73,34.52,1,Anemic
13.1,4.79,80.72,27.34,33.87,0,Non-Anemic
10.9,3.59,93.71,30.32,32.36,1,Anemic
13.2,5.0,77.67,26.39,33.97,2,Compensated Microcytosis
14.94,4.73,93.55,31.57,33.77,2,Compensated Microcytosis
10.2,3.84,74.0,26.59,35.88,1,Anemic
14.3,4.68,90.24,30.55,33.83,0,Non-Anemic
10.5,4.26,75.49,24.68,32.64,1,Anemic
10.7,3.58,89.04,29.85,33.57,1,Anemic
12.5,4.68,82.95,26.73,32.19,2,Compensated Microcytosis
13.71,4.35,94.17,31.52,33.5,2,Compensated Microcytosis
14.3,5.03,88.98,28.42,31.96,0,Non-Anemic
14.3,4.53,90.92,31.58,34.74,0,Non-Anemic
11.8,4.22,82.15,27.96,34.04,1,Anemic
14.22,4.71,83.79,30.17,36.06,0,Non-Anemic
12.0,4.16,86.27,28.86,33.44,1,Anemic
15.0,5.36,85.58,28.01,32.71,0,Non-Anemic
16.3,5.48,85.55,29.73,34.77,2,Compensated Microcytosis
15.2,5.89,74.51,25.82,34.65,2,Compensated Microcytosis
13.0,5.0,71.24,25.96,36.49,2,Compensated Microcytosis
15.0,5.2,82.11,28.85,35.18,0,Non-Anemic
13.6,5.04,79.31,27.0,34.0,2,Compensated Microcytosis
12.8,4.3,91.08,29.74,32.69,1,Anemic
13.85,5.41,76.3,25.62,33.54,2,Compensated Microcytosis
10.8,4.47,76.54,24.2,31.56,1,Anemic
13.93,5.28,71.82,26.41,36.77,2,Compensated Microcytosis
11.0,4.22,78.35,26.04,33.26,1,Anemic
11.3,4.27,78.45,26.48,33.72,1,Anemic
12.1,4.18,84.71,28.93,34.16,1,Anemic
14.4,5.3,79.76,27.14,34.05,0,Non-Anemic
14.1,4.74,85.05,29.72,34.98,0,Non-Anemic
15.65,5.15,94.62,30.35,32.13,2,Compensated Microcytosis
10.8,5.23,62.57,20.65,32.96,1,Anemic
10.6,3.54,89.09,29.93,33.6,1,Anemic
13.7,4.52,96.54,30.33,31.36,0,Non-Anemic
13.9,5.77,69.92,24.11,34.46,2,Compensated Microcytosis
12.4,4.18,85.89,29.67,34.53,1,Anemic
8.2,3.99,63.45,20.52,32.34,1,Anemic
14.4,4.76,92.22,30.29,32.76,0,Non-Anemic
12.3,4.42,78.65,27.86,35.42,1,Anemic
12.8,4.8,82.28,26.63,32.38,1,Anemic
5.0,3.18,47.24,15.69,33.3,1,Anemic
9.8,4.02,70.15,24.38,34.79,1,Anemic
10.9,5.34,61.85,20.42,33.01,1,Anemic
12.3,4.38,81.75,28.07,34.37,1,Anemic
11.6,4.09,81.74,28.4,34.66,1,Anemic
11.9,4.87,71.62,24.42,34.1,1,Anemic
9.2,3.79,75.97,24.24,31.94,1,Anemic
9.8,4.02,69.97,24.37,34.86,1,Anemic
15.09,5.09,86.53,29.63,34.3,0,Non-Anemic
17.19,5.46,84.82,31.5,37.1,2,Compensated Microcytosis
13.92,5.37,79.29,25.89,32.69,2,Compensated Microcytosis
11.1,5.1,63.08,21.76,34.5,1,Anemic
9.1,4.42,57.02,20.62,36.12,1,Anemic
16.39,4.78,101.52,34.26,33.74,2,Compensated Microcytosis
10.3,5.03,61.76,20.47,33.14,1,Anemic
12.1,4.11,89.69,29.47,32.83,0,Non-Anemic
11.0,4.31,75.44,25.52,33.85,1,Anemic
10.6,3.8,82.76,27.9,33.69,1,Anemic
13.5,5.35,76.43,25.27,33.01,2,Compensated Microcytosis
14.9,4.83,90.05,30.88,34.23,0,Non-Anemic
15.0,4.55,93.84,32.98,35.13,0,Non-Anemic
16.31,5.07,97.51,32.19,33.01,0,Non-Anemic
10.3,3.85,81.47,26.73,32.83,1,Anemic
12.93,4.31,88.97,30.02,33.73,0,Non-Anemic
9.5,4.1,64.66,23.14,35.85,1,Anemic
13.4,4.65,79.03,28.79,36.48,0,Non-Anemic
13.84,5.04,82.17,27.43,33.45,0,Non-Anemic
14.3,4.24,102.69,33.7,32.83,0,Non-Anemic
9.3,2.26,123.94,41.13,33.18,1,Anemic
15.9,5.06,93.68,31.39,33.55,0,Non-Anemic
14.8,4.99,91.55,29.63,32.37,2,Compensated Microcytosis
12.4,3.94,95.1,31.5,33.11,2,Compensated Microcytosis
14.0,5.11,80.47,27.4,34.07,2,Compensated Microcytosis
13.1,5.34,69.82,24.5,35.15,2,Compensated Microcytosis
13.95,5.63,73.01,24.76,33.9,2,Compensated Microcytosis
14.0,4.82,87.47,29.05,33.2,0,Non-Anemic
13.3,4.64,84.23,28.66,34.07,0,Non-Anemic
8.7,4.22,63.6,20.63,32.43,1,Anemic
13.27,5.16,79.05,25.75,32.56,2,Compensated Microcytosis
13.4,4.35,88.01,30.84,35.01,2,Compensated Microcytosis
11.0,3.74,89.01,29.42,33.08,1,Anemic
14.3,5.08,79.9,28.12,35.23,0,Non-Anemic
17.0,5.25,90.75,32.36,35.67,0,Non-Anemic
10.4,3.7,81.94,28.12,34.26,1,Anemic
13.3,4.4,96.1,30.24,31.43,0,Non-Anemic
10.8,4.45,72.66,24.3,33.42,1,Anemic
13.9,4.73,83.44,29.42,35.2,0,Non-Anemic
12.6,4.33,81.04,29.14,35.9,2,Compensated Microcytosis
7.3,2.84,72.46,25.73,35.5,1,Anemic
11.7,4.35,78.18,26.89,34.39,1,Anemic
11.8,4.19,83.11,28.17,33.9,1,Anemic
14.2,5.11,81.3,27.82,34.19,0,Non-Anemic
11.1,5.65,57.32,19.65,34.28,1,Anemic
11.8,4.2,81.73,28.1,34.39,1,Anemic
14.3,5.11,81.79,28.01,34.18,0,Non-Anemic
16.3,5.93,81.03,27.51,33.98,0,Non-Anemic
12.6,4.8,72.44,26.22,36.26,1,Anemic
15.5,4.78,98.61,32.4,32.84,0,Non-Anemic
15.4,4.97,91.71,30.96,33.82,0,Non-Anemic
11.9,3.92,89.59,30.32,33.87,1,Anemic
15.5,5.65,85.39,27.42,32.09,0,Non-Anemic
9.3,4.44,64.51,20.94,32.5,1,Anemic
14.67,5.93,73.92,24.73,33.47,2,Compensated Microcytosis
14.8,4.89,89.69,30.26,33.71,0,Non-Anemic
12.5,4.32,86.73,28.91,33.38,0,Non-Anemic
11.4,4.19,80.71,27.22,33.75,1,Anemic
16.86,5.86,87.45,28.79,32.87,2,Compensated Microcytosis
14.09,4.85,84.39,29.02,34.43,0,Non-Anemic
13.6,4.51,90.03,30.16,33.51,0,Non-Anemic
15.8,6.1,74.57,25.94,34.77,2,Compensated Microcytosis
10.6,4.44,66.83,23.85,35.75,1,Anemic
13.4,4.87,80.0,27.48,34.4,0,Non-Anemic
10.2,3.6,80.73,28.35,35.13,1,Anemic
14.63,5.58,74.73,26.21,35.07,2,Compensated Microcytosis
12.4,3.94,93.79,31.5,33.54,1,Anemic
16.6,4.77,100.29,34.84,34.66,0,Non-Anemic
12.11,4.59,77.3,26.4,34.13,2,Compensated Microcytosis
11.6,4.32,79.49,26.82,33.75,1,Anemic
11.3,5.65,59.0,19.99,33.96,1,Anemic
15.2,5.32,85.95,28.54,33.24,0,Non-Anemic
13.6,4.14,103.79,32.84,31.63,2,Compensated Microcytosis
9.3,4.28,60.98,21.69,35.61,1,Anemic
15.9,5.27,83.43,30.18,36.14,2,Compensated Microcytosis
12.0,4.4,80.7,27.27,33.82,1,Anemic
14.68,5.46,78.46,26.92,34.26,2,Compensated Microcytosis
13.2,3.81,102.96,34.66,33.65,0,Non-Anemic
14.3,4.5,92.17,31.77,34.48,0,Non-Anemic
12.6,4.11,92.26,30.62,33.26,1,Anemic
15.2,5.5,81.7,27.64,33.79,0,Non-Anemic
13.48,5.36,73.74,25.13,34.08,2,Compensated Microcytosis
9.3,4.77,54.34,19.46,35.91,1,Anemic
14.17,5.02,81.53,28.23,34.66,0,Non-Anemic
14.4,4.92,87.16,29.27,33.6,0,Non-Anemic
10.5,4.26,70.43,24.64,34.96,1,Anemic
9.1,4.83,55.61,18.8,33.86,1,Anemic
15.9,5.59,88.56,28.42,32.08,0,Non-Anemic
12.3,4.41,82.21,27.91,33.94,1,Anemic
13.8,4.6,87.98,30.03,34.12,0,Non-Anemic
12.1,5.55,61.9,21.79,35.24,1,Anemic
13.8,4.66,87.96,29.59,33.71,2,Compensated Microcytosis
15.87,5.3,81.84,29.93,36.63,0,Non-Anemic
17.1,5.35,87.58,31.96,36.47,0,Non-Anemic
10.4,3.7,81.68,28.13,34.37,1,Anemic
12.9,5.03,74.6,25.64,34.35,1,Anemic
11.4,3.87,82.55,29.49,35.66,1,Anemic
13.0,4.87,83.17,26.67,32.05,2,Compensated Microcytosis
10.3,3.34,95.28,30.81,32.34,1,Anemic
11.5,4.12,81.11,27.94,34.39,1,Anemic
12.6,4.8,80.06,26.21,32.77,2,Compensated Microcytosis
10.3,4.27,74.42,24.14,32.4,1,Anemic
14.4,4.82,85.41,29.91,35.01,0,Non-Anemic
14.1,4.25,103.65,33.15,32.02,0,Non-Anemic
11.6,4.2,78.57,27.6,35.18,1,Anemic
12.4,4.98,74.22,24.87,33.57,1,Anemic
15.37,5.69,80.28,27.03,33.69,2,Compensated Microcytosis
11.0,3.59,89.91,30.62,34.11,1,Anemic
14.5,4.92,90.2,29.5,32.68,0,Non-Anemic
14.29,5.25,76.03,27.22,35.84,2,Compensated Microcytosis
14.7,5.5,77.82,26.75,34.39,2,Compensated Microcytosis
12.3,4.61,80.71,26.67,33.05,2,Compensated Microcytosis
12.2,4.6,84.28,26.54,31.5,1,Anemic
11.0,4.41,72.31,24.91,34.55,1,Anemic
15.8,5.47,83.26,28.89,34.67,0,Non-Anemic
9.8,4.03,74.49,24.33,32.64,1,Anemic
15.0,4.87,92.28,30.82,33.36,0,Non-Anemic
13.7,5.11,81.94,26.82,32.67,2,Compensated Microcytosis
14.02,4.75,87.53,29.53,33.74,0,Non-Anemic
13.8,4.24,92.14,32.57,35.32,2,Compensated Microcytosis
13.9,5.06,84.86,27.48,32.39,0,Non-Anemic
14.15,5.49,76.25,25.74,33.79,2,Compensated Microcytosis
16.35,5.02,97.47,32.61,33.4,2,Compensated Microcytosis
13.9,4.36,98.39,31.85,32.42,0,Non-Anemic
14.8,5.31,79.54,27.91,35.06,0,Non-Anemic
13.96,5.49,74.92,25.46,33.96,2,Compensated Microcytosis
12.7,4.83,77.9,26.27,33.77,1,Anemic
14.7,4.69,86.79,31.34,36.08,0,Non-Anemic
14.3,4.85,87.15,29.49,33.84,0,Non-Anemic
8.6,4.01,62.98,21.43,33.99,1,Anemic
13.4,4.85,79.43,27.59,34.82,2,Compensated Microcytosis
11.8,4.2,81.75,28.1,34.36,1,Anemic
13.61,5.17,78.24,26.31,33.67,2,Compensated Microcytosis
16.6,4.81,103.75,34.54,33.27,0,Non-Anemic
12.0,4.3,82.9,27.94,33.66,2,Compensated Microcytosis
13.7,4.54,88.92,30.21,33.95,0,Non-Anemic
12.4,5.12,70.44,24.23,34.37,2,Compensated Microcytosis
15.7,5.32,88.31,29.5,33.47,0,Non-Anemic
14.9,5.8,79.67,25.72,32.25,2,Compensated Microcytosis
13.4,5.11,76.42,26.2,34.35,2,Compensated Microcytosis
13.3,4.23,89.96,31.45,34.9,0,Non-Anemic
9.6,4.54,65.93,21.18,32.03,1,Anemic
14.4,4.15,106.39,34.67,32.62,0,Non-Anemic
12.7,4.38,86.25,28.97,33.65,0,Non-Anemic
9.0,3.01,85.84,29.86,34.85,1,Anemic
12.1,4.71,78.75,25.66,32.61,1,Anemic
10.0,3.81,76.63,26.27,34.25,1,Anemic
13.6,4.26,93.9,31.95,33.97,0,Non-Anemic
12.3,4.89,74.8,25.17,33.6,1,Anemic
9.8,3.72,75.98,26.37,34.62,1,Anemic
8.3,3.54,69.59,23.47,33.71,1,Anemic
12.7,4.29,84.73,29.64,34.96,1,Anemic
15.4,4.89,87.88,31.52,35.85,0,Non-Anemic
14.7,5.07,85.63,28.95,33.85,0,Non-Anemic
11.5,4.2,86.98,27.39,31.47,1,Anemic
13.7,4.77,81.62,28.7,35.2,0,Non-Anemic
12.6,4.13,91.91,30.54,33.21,1,Anemic
15.1,4.96,88.78,30.48,34.27,0,Non-Anemic
13.2,5.3,72.74,24.89,34.22,2,Compensated Microcytosis
13.4,4.87,74.62,27.53,36.91,2,Compensated Microcytosis
13.7,4.78,80.02,28.64,35.77,2,Compensated Microcytosis
11.1,4.34,74.8,25.54,34.18,1,Anemic
10.4,3.7,81.63,28.07,34.46,1,Anemic
9.8,4.27,68.1,22.94,33.68,1,Anemic
12.5,4.45,85.85,28.09,32.7,0,Non-Anemic
10.8,3.79,82.9,28.49,34.37,1,Anemic
16.7,4.81,110.61,34.72,31.41,2,Compensated Microcytosis
13.0,4.86,76.35,26.75,35.0,2,Compensated Microcytosis
17.04,4.71,108.32,36.16,33.39,2,Compensated Microcytosis
14.9,4.53,96.45,32.89,34.16,0,Non-Anemic
14.9,4.99,89.92,29.89,33.22,0,Non-Anemic
12.2,4.6,75.41,26.55,35.13,1,Anemic
13.4,4.36,95.08,30.77,32.33,0,Non-Anemic
16.34,4.86,100.15,33.62,33.6,0,Non-Anemic
12.5,4.7,78.83,26.62,33.69,1,Anemic
14.35,5.03,80.16,28.56,35.57,0,Non-Anemic
15.6,6.08,77.91,25.63,32.89,2,Compensated Microcytosis
13.1,4.29,91.7,30.55,33.27,2,Compensated Microcytosis
8.3,5.19,49.37,15.96,32.42,1,Anemic
10.3,3.34,85.13,30.8,36.23,1,Anemic
11.9,5.12,66.75,23.24,34.84,1,Anemic
12.5,4.8,80.46,26.08,32.32,1,Anemic
12.9,4.4,85.02,29.29,34.46,0,Non-Anemic
12.39,4.75,74.96,26.07,34.78,2,Compensated Microcytosis
11.0,4.0,86.32,27.49,31.86,1,Anemic
8.4,3.12,74.54,26.93,36.14,1,Anemic
13.57,5.19,72.5,26.17,36.02,2,Compensated Microcytosis
13.4,4.31,88.1,31.12,35.26,0,Non-Anemic
11.0,4.31,70.04,25.52,36.45,1,Anemic
13.4,4.74,80.27,28.29,35.23,0,Non-Anemic
9.7,3.17,94.5,30.56,32.42,1,Anemic
12.3,4.33,85.51,28.4,33.25,1,Anemic
9.3,4.62,57.48,20.13,35.01,1,Anemic
11.1,3.5,90.74,31.75,34.9,1,Anemic
12.6,4.8,79.62,26.26,32.97,2,Compensated Microcytosis
12.9,4.44,88.3,29.06,32.92,1,Anemic
10.1,4.1,69.49,24.67,35.44,1,Anemic
11.6,4.43,79.15,26.15,33.07,1,Anemic
17.7,5.49,95.23,32.22,33.86,0,Non-Anemic
16.37,5.73,88.67,28.58,32.19,2,Compensated Microcytosis
15.6,4.9,92.46,31.84,34.41,0,Non-Anemic
12.7,4.8,80.93,26.46,32.72,1,Anemic
12.3,4.53,78.78,27.13,34.46,2,Compensated Microcytosis
13.7,5.02,80.97,27.31,33.71,0,Non-Anemic
14.79,4.9,99.06,30.21,30.5,2,Compensated Microcytosis
12.6,4.49,77.25,28.05,36.37,0,Non-Anemic
4.2,1.91,65.34,21.97,33.67,1,Anemic
14.7,4.88,82.31,30.14,36.64,0,Non-Anemic
10.5,4.22,72.3,24.86,34.44,1,Anemic
10.2,4.24,69.83,24.08,34.4,1,Anemic
12.84,5.36,69.04,23.93,34.69,2,Compensated Microcytosis
10.5,3.93,86.83,26.69,30.75,1,Anemic
15.1,5.38,77.95,28.06,36.02,0,Non-Anemic
12.9,4.26,86.12,30.25,35.15,1,Anemic
14.83,5.09,86.58,29.14,33.69,0,Non-Anemic
10.2,4.4,69.0,23.14,33.55,1,Anemic
14.5,4.86,92.31,29.82,32.32,0,Non-Anemic
15.28,5.09,90.09,30.04,33.3,2,Compensated Microcytosis
12.7,4.8,76.04,26.49,34.83,1,Anemic
16.5,5.06,95.43,32.64,34.19,2,Compensated Microcytosis
11.4,3.91,85.19,29.14,34.23,1,Anemic
13.8,4.23,94.48,32.6,34.51,2,Compensated Microcytosis
14.2,4.21,97.51,33.69,34.61,0,Non-Anemic
15.5,5.55,83.98,27.96,33.24,2,Compensated Microcytosis
14.6,5.5,78.3,26.53,33.9,2,Compensated Microcytosis
13.25,4.79,82.29,27.67,33.62,2,Compensated Microcytosis
12.8,4.57,81.01,28.02,34.58,2,Compensated Microcytosis
14.51,4.61,91.64,31.5,34.37,0,Non-Anemic
12.85,4.7,83.02,27.34,32.91,0,Non-Anemic
15.6,5.41,81.55,28.86,35.33,0,Non-Anemic
12.6,4.36,84.67,28.91,34.14,1,Anemic
12.5,4.48,84.23,27.89,33.1,0,Non-Anemic
8.6,3.21,73.87,26.79,36.26,1,Anemic
12.6,4.8,73.99,26.22,35.46,1,Anemic
9.4,4.1,67.47,22.91,34.0,1,Anemic
15.25,5.16,89.87,29.55,32.9,2,Compensated Microcytosis
16.7,5.47,94.4,30.55,32.33,0,Non-Anemic
13.89,5.89,71.63,23.56,32.89,2,Compensated Microcytosis
13.9,4.91,79.94,28.29,35.44,0,Non-Anemic
10.4,4.71,62.53,22.1,35.31,1,Anemic
12.2,4.66,77.79,26.17,33.69,1,Anemic
10.9,4.36,73.56,25.03,34.02,1,Anemic
11.6,4.49,78.94,25.81,32.69,1,Anemic
12.5,4.7,76.59,26.59,34.7,1,Anemic
18.3,5.61,99.77,32.63,32.69,2,Compensated Microcytosis
12.9,4.7,80.96,27.43,33.89,2,Compensated Microcytosis
14.45,5.15,88.0,28.04,31.86,2,Compensated Microcytosis
10.0,3.9,73.72,25.68,34.74,1,Anemic
15.8,5.35,83.64,29.5,35.32,0,Non-Anemic
12.3,4.27,90.95,28.78,31.67,1,Anemic
12.0,5.55,61.76,21.6,34.97,1,Anemic
14.3,5.28,79.11,27.08,34.21,2,Compensated Microcytosis
14.74,5.12,83.2,28.76,34.63,2,Compensated Microcytosis
11.1,4.37,73.89,25.39,34.34,1,Anemic
13.0,5.06,72.46,25.72,35.44,2,Compensated Microcytosis
10.5,5.4,53.64,19.42,36.24,1,Anemic
13.22,5.27,74.22,25.07,33.82,2,Compensated Microcytosis
14.56,6.1,72.68,23.9,32.85,2,Compensated Microcytosis
15.0,4.84,89.58,31.02,34.6,0,Non-Anemic
12.3,4.27,89.3,28.77,32.27,1,Anemic
7.7,2.53,88.87,30.45,34.25,1,Anemic
11.9,4.09,83.12,29.07,35.02,1,Anemic
14.2,5.2,80.9,27.3,33.75,0,Non-Anemic
8.5,4.05,58.42,20.96,35.94,1,Anemic
12.6,4.52,79.59,27.85,35.02,2,Compensated Microcytosis
13.95,4.58,84.7,30.47,35.98,0,Non-Anemic
14.77,6.09,73.06,24.26,33.15,2,Compensated Microcytosis
13.91,5.13,81.52,27.13,33.25,2,Compensated Microcytosis
10.3,3.54,82.49,29.07,35.29,1,Anemic
12.7,4.67,82.56,27.16,32.95,1,Anemic
12.77,4.93,78.95,25.89,32.84,2,Compensated Microcytosis
8.1,3.5,67.82,23.13,34.1,1,Anemic
10.9,4.18,74.01,26.1,35.26,1,Anemic
10.9,3.8,83.04,28.66,34.58,1,Anemic
9.8,4.22,69.23,23.18,33.54,1,Anemic
12.7,4.8,80.4,26.42,32.9,1,Anemic
14.2,5.2,81.61,27.27,33.46,0,Non-Anemic
8.4,5.33,43.16,15.79,36.52,1,Anemic
9.3,5.51,50.57,16.88,33.34,1,Anemic
16.3,5.24,95.82,31.09,32.48,0,Non-Anemic
14.44,4.8,87.31,30.09,34.49,2,Compensated Microcytosis
12.9,4.58,80.35,28.18,35.1,0,Non-Anemic
11.6,4.4,81.17,26.34,32.5,1,Anemic
6.9,1.92,109.39,35.93,32.84,1,Anemic
12.1,3.47,103.2,34.84,33.82,2,Compensated Microcytosis
14.44,5.35,79.9,26.96,33.76,2,Compensated Microcytosis
13.0,4.52,83.18,28.74,34.58,0,Non-Anemic
13.1,5.71,66.9,22.95,34.32,2,Compensated Microcytosis
13.1,4.47,86.52,29.33,33.9,0,Non-Anemic
14.34,5.41,78.81,26.51,33.66,2,Compensated Microcytosis
13.6,5.6,70.47,24.3,34.49,2,Compensated Microcytosis
14.3,4.86,81.49,29.4,36.11,0,Non-Anemic
12.9,4.44,89.36,29.05,32.5,1,Anemic
13.95,5.99,67.18,23.32,34.71,2,Compensated Microcytosis
12.9,4.4,87.96,29.35,33.33,1,Anemic
11.5,4.81,71.0,23.88,33.71,1,Anemic
9.3,3.31,84.96,28.07,33.07,1,Anemic
14.9,4.68,93.37,31.87,34.09,0,Non-Anemic
13.2,5.1,72.61,25.88,35.67,2,Compensated Microcytosis
16.16,4.99,95.66,32.39,33.89,2,Compensated Microcytosis
14.28,4.96,77.63,28.79,37.14,0,Non-Anemic
12.6,4.5,87.19,27.99,32.11,0,Non-Anemic
14.9,4.87,92.67,30.63,32.98,0,Non-Anemic
11.8,4.55,75.7,25.92,34.29,1,Anemic
15.4,5.04,86.81,30.56,35.19,0,Non-Anemic
14.35,5.21,82.79,27.51,33.24,2,Compensated Microcytosis
11.6,4.62,79.17,25.12,31.68,1,Anemic
14.7,4.95,91.69,29.67,32.42,0,Non-Anemic
16.36,5.93,78.29,27.59,35.25,2,Compensated Microcytosis
12.1,4.79,76.17,25.23,33.19,1,Anemic
12.34,4.87,76.27,25.38,33.25,2,Compensated Microcytosis
15.6,5.53,83.32,28.18,33.82,0,Non-Anemic
10.7,4.43,74.07,24.19,32.59,1,Anemic
11.7,6.06,57.62,19.3,33.52,1,Anemic
8.6,4.94,52.66,17.37,33.04,1,Anemic
15.1,5.39,82.94,28.01,33.74,2,Compensated Microcytosis
13.9,4.32,90.5,32.21,35.54,0,Non-Anemic
14.6,5.4,77.69,27.02,34.8,2,Compensated Microcytosis
9.5,4.78,57.75,19.85,34.39,1,Anemic
13.5,5.05,75.68,26.72,35.37,2,Compensated Microcytosis
14.1,5.39,76.53,26.17,34.19,2,Compensated Microcytosis
13.4,4.46,85.11,30.04,35.29,0,Non-Anemic
12.8,4.3,86.97,29.74,34.22,1,Anemic
15.1,5.05,86.26,29.88,34.7,0,Non-Anemic
7.4,3.34,61.95,22.12,35.76,1,Anemic
11.9,4.27,79.5,27.86,35.07,1,Anemic
15.6,5.34,84.53,29.18,34.59,0,Non-Anemic
13.0,4.58,86.45,28.41,32.81,0,Non-Anemic
15.0,5.58,78.46,26.86,34.28,2,Compensated Microcytosis
14.0,4.89,86.2,28.67,33.21,0,Non-Anemic
11.1,3.85,83.01,28.84,34.69,1,Anemic
14.1,4.58,92.06,30.75,33.48,0,Non-Anemic
14.65,5.12,87.21,28.59,32.81,0,Non-Anemic
11.3,4.24,76.32,26.68,34.93,1,Anemic
14.07,4.71,90.25,29.9,33.08,2,Compensated Microcytosis
14.5,5.35,79.46,27.09,34.16,2,Compensated Microcytosis
10.0,4.61,62.57,21.66,34.7,1,Anemic
14.8,5.09,84.31,29.07,34.47,0,Non-Anemic
14.8,4.49,96.12,32.99,34.27,0,Non-Anemic
14.9,4.3,108.39,34.63,31.97,2,Compensated Microcytosis
11.9,4.09,88.06,29.08,33.03,1,Anemic
15.51,5.66,76.23,27.42,35.97,2,Compensated Microcytosis
14.6,5.5,74.49,26.56,35.64,2,Compensated Microcytosis
10.5,4.69,66.41,22.42,33.69,1,Anemic
14.5,4.23,97.18,34.31,35.31,0,Non-Anemic
13.97,4.78,81.99,29.26,35.65,2,Compensated Microcytosis
14.7,5.07,87.45,28.99,33.19,0,Non-Anemic
12.2,3.62,99.12,33.73,33.96,2,Compensated Microcytosis
14.81,5.2,87.98,28.52,32.33,2,Compensated Microcytosis
15.1,4.52,100.14,33.42,33.41,0,Non-Anemic
13.4,4.37,94.12,30.63,32.56,0,Non-Anemic
16.4,5.86,80.82,27.98,34.64,0,Non-Anemic
13.9,3.48,117.88,39.97,33.9,2,Compensated Microcytosis
14.24,4.59,92.79,31.06,33.42,2,Compensated Microcytosis
4.2,1.91,69.21,21.98,31.73,1,Anemic
14.6,5.4,74.48,27.02,36.29,2,Compensated Microcytosis
14.69,4.21,102.18,34.89,34.18,0,Non-Anemic
12.1,3.79,98.98,31.97,32.27,1,Anemic
8.4,4.74,50.98,17.71,34.72,1,Anemic
9.7,3.52,77.33,27.52,35.66,1,Anemic
14.1,5.38,78.74,26.22,33.29,2,Compensated Microcytosis
13.5,4.15,92.92,32.56,35.01,0,Non-Anemic
13.37,4.72,79.94,28.31,35.44,2,Compensated Microcytosis
14.54,4.55,92.13,31.94,34.71,0,Non-Anemic
13.4,4.8,84.84,27.89,32.9,2,Compensated Microcytosis
14.6,4.78,91.2,30.57,33.48,0,Non-Anemic
13.8,5.3,75.63,26.03,34.45,2,Compensated Microcytosis
13.97,4.35,92.98,32.14,34.54,2,Compensated Microcytosis
14.87,4.73,92.3,31.42,34.07,0,Non-Anemic
13.3,4.92,76.11,27.03,35.55,2,Compensated Microcytosis
10.6,3.53,92.22,30.04,32.58,1,Anemic
12.8,4.19,87.84,30.51,34.78,0,Non-Anemic
11.0,4.21,81.36,26.1,32.12,1,Anemic
12.96,4.84,78.95,26.8,33.92,2,Compensated Microcytosis
16.95,5.56,94.55,30.52,32.24,0,Non-Anemic
12.4,4.73,75.22,26.22,34.82,1,Anemic
12.9,4.74,79.62,27.23,34.19,1,Anemic
12.0,4.3,85.86,27.93,32.51,1,Anemic
7.3,2.77,78.61,26.34,33.58,1,Anemic
12.1,4.5,77.8,26.89,34.6,2,Compensated Microcytosis
13.4,5.7,68.28,23.52,34.43,2,Compensated Microcytosis
8.4,4.45,56.18,18.9,33.6,1,Anemic
13.1,5.08,78.44,25.76,32.84,2,Compensated Microcytosis
13.7,5.0,82.56,27.43,33.21,0,Non-Anemic
14.43,5.88,72.25,24.51,33.97,2,Compensated Microcytosis
15.1,4.87,94.67,30.99,32.76,0,Non-Anemic
9.7,3.52,78.0,27.57,35.33,1,Anemic
14.4,5.3,78.74,27.19,34.48,0,Non-Anemic
12.4,4.28,95.02,28.95,30.47,1,Anemic
10.9,4.36,73.87,25.01,33.89,1,Anemic
13.3,5.1,75.52,26.07,34.5,2,Compensated Microcytosis
13.2,4.47,89.25,29.55,33.06,0,Non-Anemic
9.4,3.95,72.09,23.8,33.0,1,Anemic
10.3,3.7,75.96,27.81,36.65,1,Anemic
17.12,5.65,84.33,30.26,35.94,2,Compensated Microcytosis
12.2,4.1,87.67,29.76,33.95,0,Non-Anemic
13.4,4.88,82.44,27.46,33.27,0,Non-Anemic
12.59,4.78,75.39,26.34,34.92,2,Compensated Microcytosis
14.4,4.72,90.79,30.51,33.58,0,Non-Anemic
15.3,4.82,91.01,31.73,34.92,0,Non-Anemic
13.1,5.34,70.89,24.52,34.58,2,Compensated Microcytosis
15.0,4.95,85.08,30.34,35.63,0,Non-Anemic
15.6,5.36,82.24,29.14,35.4,0,Non-Anemic
15.1,4.54,96.94,33.25,34.33,0,Non-Anemic
12.51,5.01,68.03,24.94,36.68,2,Compensated Microcytosis
13.83,5.36,71.7,25.83,35.93,2,Compensated Microcytosis
9.9,4.12,69.83,24.01,34.39,1,Anemic
16.2,5.73,80.48,28.3,35.13,0,Non-Anemic
11.4,4.54,72.57,25.11,34.63,1,Anemic
7.7,4.58,48.32,16.82,34.79,1,Anemic
13.2,5.28,75.73,25.02,32.98,2,Compensated Microcytosis
12.1,4.52,79.23,26.79,33.79,2,Compensated Microcytosis
13.9,4.03,98.67,34.5,34.96,0,Non-Anemic
14.5,4.53,94.03,32.05,34.02,0,Non-Anemic
16.53,5.87,82.89,28.14,34.0,0,Non-Anemic
15.44,4.92,89.37,31.35,35.08,2,Compensated Microcytosis
15.99,5.61,86.71,28.48,32.87,0,Non-Anemic
9.5,3.41,77.3,27.87,36.02,1,Anemic
11.4,3.64,90.11,31.28,34.77,1,Anemic
13.94,5.22,78.02,26.7,34.19,2,Compensated Microcytosis
15.42,5.9,78.47,26.16,33.28,2,Compensated Microcytosis
12.9,4.55,89.41,28.35,31.67,0,Non-Anemic
14.7,4.6,96.33,31.94,33.21,0,Non-Anemic
16.7,5.12,102.04,32.61,31.99,0,Non-Anemic
12.4,4.98,74.75,24.9,33.35,2,Compensated Microcytosis
12.0,4.4,75.44,27.29,36.15,0,Non-Anemic
14.6,4.77,89.41,30.58,34.26,0,Non-Anemic
9.1,3.6,80.19,25.25,31.5,1,Anemic
15.9,5.06,92.09,31.42,34.13,0,Non-Anemic
12.5,4.02,87.97,31.1,35.38,0,Non-Anemic
15.42,5.16,87.52,29.91,34.14,2,Compensated Microcytosis
14.0,4.53,88.22,30.94,35.08,0,Non-Anemic
13.5,5.1,77.03,26.45,34.4,2,Compensated Microcytosis
14.26,4.2,95.85,33.94,35.39,0,Non-Anemic
16.97,5.64,93.49,30.05,32.19,0,Non-Anemic
15.08,5.73,76.83,26.32,34.21,2,Compensated Microcytosis
14.8,5.09,84.15,29.09,34.56,0,Non-Anemic
14.62,5.18,83.1,28.2,33.94,0,Non-Anemic
16.7,5.63,85.43,29.69,34.74,0,Non-Anemic
16.2,4.92,89.32,32.9,36.85,0,Non-Anemic
12.3,4.53,78.25,27.18,34.68,1,Anemic
12.6,5.14,72.04,24.48,34.04,2,Compensated Microcytosis
15.03,5.04,92.89,29.81,32.11,0,Non-Anemic
12.55,4.34,89.29,28.92,32.4,0,Non-Anemic
16.4,5.36,92.43,30.58,33.12,0,Non-Anemic
15.5,5.75,79.7,26.99,33.8,2,Compensated Microcytosis
17.2,5.8,87.48,29.69,33.9,2,Compensated Microcytosis
12.56,4.98,71.18,25.26,35.41,2,Compensated Microcytosis
11.2,4.41,71.74,25.36,35.37,1,Anemic
12.49,4.68,82.23,26.65,32.42,2,Compensated Microcytosis
14.4,5.3,82.58,27.18,32.89,0,Non-Anemic
15.4,5.83,77.43,26.4,34.11,2,Compensated Microcytosis
15.6,5.59,83.73,27.87,33.34,0,Non-Anemic
16.0,4.91,93.0,32.6,35.04,0,Non-Anemic
10.3,4.0,74.82,25.75,34.44,1,Anemic
9.2,3.49,74.39,26.38,35.49,1,Anemic
8.8,5.17,51.32,17.05,33.16,1,Anemic
13.7,4.88,80.48,28.06,34.89,0,Non-Anemic
16.1,5.42,90.52,29.69,32.8,0,Non-Anemic
10.2,4.85,59.27,21.02,35.52,1,Anemic
14.4,5.23,79.84,27.5,34.48,0,Non-Anemic
16.1,5.03,98.61,32.01,32.47,0,Non-Anemic
14.6,4.41,104.94,33.09,31.52,0,Non-Anemic
15.0,6.09,78.18,24.67,31.51,2,Compensated Microcytosis
11.9,4.56,79.75,26.11,32.74,1,Anemic
16.8,5.53,89.76,30.4,33.85,0,Non-Anemic
9.5,3.84,69.17,24.72,35.76,1,Anemic
11.8,4.48,78.17,26.35,33.65,1,Anemic
13.4,3.24,119.69,41.34,34.58,2,Compensated Microcytosis
13.8,4.66,88.61,29.63,33.45,0,Non-Anemic
14.7,4.52,93.15,32.49,34.93,2,Compensated Microcytosis
14.3,5.0,79.58,28.62,35.93,2,Compensated Microcytosis
6.8,3.85,52.32,17.63,33.79,1,Anemic
14.4,5.29,78.56,27.19,34.69,2,Compensated Microcytosis
14.0,5.2,78.2,26.95,34.41,2,Compensated Microcytosis
11.8,4.1,83.87,28.8,34.3,1,Anemic
10.3,3.17,91.83,32.53,35.36,1,Anemic
14.35,5.06,80.53,28.37,35.25,2,Compensated Microcytosis
16.92,4.92,100.96,34.35,34.11,2,Compensated Microcytosis
11.8,4.7,77.87,25.14,32.29,1,Anemic
10.4,3.68,82.3,28.26,34.3,1,Anemic
14.6,5.08,83.88,28.74,34.23,0,Non-Anemic
14.9,4.61,94.76,32.3,34.15,0,Non-Anemic
14.07,5.5,77.15,25.55,33.18,2,Compensated Microcytosis
15.5,5.01,88.9,30.92,34.84,0,Non-Anemic
14.79,6.04,70.37,24.52,34.82,2,Compensated Microcytosis
16.17,5.91,83.89,27.34,32.62,0,Non-Anemic
15.4,4.86,87.46,31.72,36.19,0,Non-Anemic
10.6,3.8,81.24,27.89,34.39,1,Anemic
12.1,4.73,76.21,25.56,33.54,2,Compensated Microcytosis
12.8,4.3,88.42,29.79,33.69,0,Non-Anemic
12.5,3.45,107.24,36.22,33.76,0,Non-Anemic
12.3,5.05,69.07,24.37,35.23,2,Compensated Microcytosis
16.3,5.5,86.13,29.64,34.39,0,Non-Anemic
13.4,5.1,75.66,26.28,34.7,2,Compensated Microcytosis
12.12,4.45,82.46,27.25,33.05,0,Non-Anemic
14.1,4.61,86.7,30.58,35.23,0,Non-Anemic
16.3,4.8,96.25,33.96,35.32,0,Non-Anemic
14.48,4.88,79.92,29.66,37.14,0,Non-Anemic
14.64,4.74,87.77,30.86,35.24,0,Non-Anemic
8.8,3.96,65.45,22.19,33.98,1,Anemic
13.5,4.35,96.52,31.03,32.16,0,Non-Anemic
14.4,4.85,83.68,29.68,35.5,0,Non-Anemic
15.2,5.03,89.22,30.22,33.84,0,Non-Anemic
16.6,5.38,91.65,30.89,33.66,0,Non-Anemic
13.0,4.14,92.18,31.37,34.08,0,Non-Anemic
16.61,5.92,84.49,28.09,33.2,2,Compensated Microcytosis
14.7,5.07,88.17,29.0,32.87,2,Compensated Microcytosis
13.7,5.11,77.74,26.83,34.51,2,Compensated Microcytosis
12.7,4.32,83.78,29.38,35.07,1,Anemic
15.1,5.7,76.79,26.52,34.45,2,Compensated Microcytosis
14.52,6.04,70.67,24.02,33.99,2,Compensated Microcytosis
7.0,4.21,48.17,16.62,34.54,1,Anemic
12.3,3.89,93.85,31.6,33.67,1,Anemic
11.7,4.5,75.6,26.0,34.38,1,Anemic
12.7,5.07,75.79,25.03,33.09,2,Compensated Microcytosis
9.0,3.17,85.46,28.39,33.2,1,Anemic
14.8,5.5,82.53,26.9,32.65,2,Compensated Microcytosis
12.4,4.98,72.6,24.9,34.32,1,Anemic
13.9,5.72,73.48,24.32,33.06,2,Compensated Microcytosis
8.4,5.33,47.53,15.75,33.18,1,Anemic
6.1,2.17,85.31,28.11,32.96,1,Anemic
13.43,4.56,86.71,29.48,33.93,2,Compensated Microcytosis
9.5,4.65,57.68,20.41,35.4,1,Anemic
15.1,5.1,88.5,29.58,33.49,0,Non-Anemic
12.7,4.43,77.36,28.68,37.02,1,Anemic
13.41,4.87,78.14,27.51,35.26,0,Non-Anemic
14.31,4.84,86.81,29.6,34.05,0,Non-Anemic
12.98,4.73,84.7,27.47,32.41,2,Compensated Microcytosis
13.8,4.38,84.48,31.54,37.31,0,Non-Anemic
15.0,4.73,95.78,31.75,33.14,0,Non-Anemic
11.3,3.96,86.02,28.5,33.21,1,Anemic
13.14,4.4,92.59,29.86,32.26,2,Compensated Microcytosis
12.27,5.23,66.98,23.47,35.01,2,Compensated Microcytosis
12.49,4.46,82.99,28.04,33.73,2,Compensated Microcytosis
10.5,3.8,78.92,27.6,34.99,1,Anemic
13.3,4.95,78.23,26.84,34.39,2,Compensated Microcytosis
12.7,4.61,81.21,27.56,33.97,1,Anemic
13.0,4.5,84.4,28.9,34.2,0,Non-Anemic
13.5,4.4,91.52,30.67,33.52,0,Non-Anemic
15.6,5.45,85.85,28.63,33.33,0,Non-Anemic
15.2,5.8,79.03,26.2,33.2,2,Compensated Microcytosis
15.0,4.85,86.34,30.91,35.85,0,Non-Anemic
11.5,3.48,91.87,33.05,35.93,1,Anemic
11.9,4.93,70.2,24.11,34.38,1,Anemic
9.6,3.44,78.02,27.91,35.75,1,Anemic
13.9,5.3,77.83,26.21,33.7,2,Compensated Microcytosis
15.0,5.27,83.26,28.47,34.21,0,Non-Anemic
15.5,4.23,109.26,36.66,33.53,0,Non-Anemic
14.25,5.18,84.93,27.51,32.41,2,Compensated Microcytosis
15.9,5.5,85.81,28.92,33.68,2,Compensated Microcytosis
13.6,4.88,83.46,27.86,33.39,2,Compensated Microcytosis
14.97,4.46,98.9,33.53,33.93,0,Non-Anemic
15.6,4.93,94.08,31.62,33.63,0,Non-Anemic
12.6,4.27,84.11,29.54,35.04,0,Non-Anemic
15.9,5.53,85.68,28.74,33.58,0,Non-Anemic
11.4,3.41,96.03,33.47,34.83,1,Anemic
17.1,6.1,84.21,28.05,33.25,2,Compensated Microcytosis
16.3,5.28,89.46,30.91,34.47,0,Non-Anemic
13.2,5.5,71.42,24.02,33.61,2,Compensated Microcytosis
9.2,3.75,75.51,24.53,32.53,1,Anemic
12.8,3.84,96.38,33.34,34.55,1,Anemic
14.8,5.3,78.63,27.95,35.51,2,Compensated Microcytosis
7.1,3.99,51.07,17.78,34.86,1,Anemic
11.3,4.85,67.73,23.27,34.36,1,Anemic
15.8,5.22,89.28,30.25,33.93,0,Non-Anemic
10.9,4.34,75.14,25.11,33.46,1,Anemic
13.1,4.55,87.61,28.78,32.9,0,Non-Anemic
8.1,5.28,49.08,15.36,31.24,1,Anemic
16.3,5.54,84.2,29.41,34.94,0,Non-Anemic
14.6,5.01,87.51,29.11,33.28,0,Non-Anemic
14.5,5.63,75.73,25.79,33.98,2,Compensated Microcytosis
12.9,4.48,90.52,28.83,31.84,2,Compensated Microcytosis
13.53,4.74,85.93,28.51,33.25,2,Compensated Microcytosis
14.16,6.05,68.42,23.38,34.21,2,Compensated Microcytosis
15.76,5.15,86.47,30.56,35.38,2,Compensated Microcytosis
12.5,4.7,77.87,26.6,34.14,2,Compensated Microcytosis
15.6,5.78,79.35,26.97,34.03,2,Compensated Microcytosis
13.25,5.32,77.56,24.9,32.14,2,Compensated Microcytosis
13.1,4.6,86.5,28.46,32.89,0,Non-Anemic
13.2,4.63,75.56,28.53,37.71,0,Non-Anemic
7.1,3.6,59.28,19.7,33.27,1,Anemic
13.22,4.77,80.97,27.72,34.19,0,Non-Anemic
13.92,4.88,78.74,28.49,36.23,0,Non-Anemic
13.0,4.23,95.03,30.75,32.33,0,Non-Anemic
12.0,4.33,81.34,27.75,34.09,0,Non-Anemic
13.5,5.1,73.46,26.48,36.04,2,Compensated Microcytosis
14.83,4.94,91.46,30.04,32.82,2,Compensated Microcytosis
10.5,4.02,79.79,26.1,32.77,1,Anemic
11.3,3.7,89.32,30.51,34.17,1,Anemic
9.7,3.17,86.74,30.61,35.28,1,Anemic
14.1,6.04,69.6,23.37,33.55,2,Compensated Microcytosis
9.8,4.03,73.13,24.28,33.25,1,Anemic
14.21,5.36,78.57,26.53,33.74,2,Compensated Microcytosis
14.2,5.82,75.94,24.37,32.18,2,Compensated Microcytosis
14.3,5.22,83.1,27.41,32.94,2,Compensated Microcytosis
13.4,4.52,83.52,29.67,35.5,0,Non-Anemic
12.83,5.19,76.51,24.76,32.31,2,Compensated Microcytosis
14.1,4.85,80.72,29.05,36.03,0,Non-Anemic
13.6,4.68,82.61,29.03,35.16,0,Non-Anemic
16.8,5.28,96.3,31.8,33.02,0,Non-Anemic
12.3,4.33,79.83,28.4,35.58,1,Anemic
13.3,4.2,96.18,31.67,32.91,0,Non-Anemic
14.2,4.29,100.58,33.11,32.92,0,Non-Anemic
11.8,4.3,77.38,27.41,35.45,1,Anemic
11.8,4.37,78.52,26.98,34.41,1,Anemic
11.2,4.43,68.54,25.3,36.89,1,Anemic
15.71,5.87,82.74,26.76,32.35,2,Compensated Microcytosis
13.2,3.36,113.86,39.3,34.53,2,Compensated Microcytosis
13.7,5.03,80.36,27.24,33.93,0,Non-Anemic
14.4,5.9,73.26,24.39,33.34,2,Compensated Microcytosis
12.7,5.46,68.33,23.24,34.08,2,Compensated Microcytosis
14.91,4.24,100.87,35.17,34.88,0,Non-Anemic
12.7,5.46,68.88,23.27,33.82,2,Compensated Microcytosis
15.48,4.83,95.42,32.05,33.64,2,Compensated Microcytosis
14.6,4.73,89.08,30.9,34.69,0,Non-Anemic
16.89,5.35,96.14,31.59,32.82,0,Non-Anemic
13.5,4.22,93.8,32.02,34.08,0,Non-Anemic
14.5,5.15,81.19,28.17,34.69,0,Non-Anemic
11.6,4.38,76.49,26.5,34.62,1,Anemic
9.8,3.42,82.4,28.67,34.79,1,Anemic
10.4,4.53,64.52,22.93,35.6,1,Anemic
9.8,4.03,74.47,24.32,32.66,1,Anemic
13.1,4.78,81.9,27.38,33.44,0,Non-Anemic
12.1,4.5,78.05,26.88,34.4,2,Compensated Microcytosis
13.0,4.12,86.33,31.56,36.57,0,Non-Anemic
13.1,5.01,79.28,26.15,32.99,2,Compensated Microcytosis
11.4,4.36,80.62,26.13,32.44,1,Anemic
14.7,5.28,84.44,27.81,33.0,2,Compensated Microcytosis
11.1,3.87,84.57,28.67,33.94,1,Anemic
12.6,4.52,81.06,27.86,34.37,2,Compensated Microcytosis
12.3,4.5,78.14,27.34,34.98,2,Compensated Microcytosis
10.2,5.0,59.42,20.43,34.31,1,Anemic
14.6,4.86,85.47,30.05,35.17,0,Non-Anemic
13.3,4.64,82.34,28.69,34.8,0,Non-Anemic
11.1,4.3,75.4,25.8,34.22,1,Anemic
14.2,5.79,72.01,24.54,34.03,2,Compensated Microcytosis
14.5,5.2,82.85,27.85,33.67,0,Non-Anemic
13.3,5.25,72.63,25.32,34.94,2,Compensated Microcytosis
9.9,4.06,70.09,24.37,34.77,1,Anemic
10.7,3.58,87.31,29.86,34.23,1,Anemic
15.7,5.4,82.74,29.07,35.16,0,Non-Anemic
14.9,5.22,84.27,28.54,33.88,0,Non-Anemic
10.0,3.81,83.98,26.25,31.2,1,Anemic
13.4,4.55,84.21,29.48,34.98,0,Non-Anemic
15.6,5.05,87.59,30.9,35.3,0,Non-Anemic
13.9,4.95,87.36,28.06,32.12,0,Non-Anemic
12.0,4.83,76.03,24.85,32.69,2,Compensated Microcytosis
11.1,4.34,76.56,25.59,33.41,1,Anemic
11.9,4.61,76.43,25.81,33.8,1,Anemic
11.6,4.2,79.85,27.61,34.61,1,Anemic
10.7,4.43,72.13,24.17,33.46,1,Anemic
13.7,4.76,84.31,28.76,34.13,0,Non-Anemic
15.1,4.8,98.05,31.42,32.11,0,Non-Anemic
11.6,4.93,66.81,23.51,35.22,1,Anemic
15.53,5.88,77.94,26.45,33.92,2,Compensated Microcytosis
15.9,5.5,86.55,28.89,33.36,0,Non-Anemic
14.01,4.65,91.29,30.14,33.03,2,Compensated Microcytosis
5.9,2.37,79.01,24.87,31.51,1,Anemic
12.9,3.68,98.08,35.09,35.75,1,Anemic
14.9,5.8,73.0,25.71,35.19,2,Compensated Microcytosis
14.4,5.39,88.74,26.69,30.09,2,Compensated Microcytosis
13.3,4.41,86.94,30.19,34.71,0,Non-Anemic
9.0,4.36,55.88,20.65,36.92,1,Anemic
13.9,4.45,99.17,31.25,31.5,0,Non-Anemic
4.2,1.91,64.19,21.97,34.23,1,Anemic
10.1,3.67,77.24,27.48,35.62,1,Anemic
11.6,3.67,87.25,31.57,36.24,1,Anemic
14.8,5.26,84.67,28.11,33.24,0,Non-Anemic
12.0,4.59,77.9,26.15,33.56,2,Compensated Microcytosis
8.5,4.05,61.26,21.01,34.21,1,Anemic
7.3,2.84,79.62,25.67,32.31,1,Anemic
10.9,4.34,70.24,25.09,35.73,1,Anemic
11.4,4.07,87.33,28.04,32.05,1,Anemic
14.1,4.99,85.12,28.23,33.16,0,Non-Anemic
11.7,4.24,80.23,27.6,34.4,1,Anemic
13.6,5.6,73.1,24.31,33.24,2,Compensated Microcytosis
10.5,4.07,76.12,25.8,33.94,1,Anemic
14.1,4.32,92.01,32.67,35.44,2,Compensated Microcytosis
13.1,4.97,80.62,26.32,32.69,2,Compensated Microcytosis
15.8,5.79,78.32,27.25,34.84,0,Non-Anemic
14.67,4.22,104.67,34.78,33.24,2,Compensated Microcytosis
11.9,4.09,93.23,29.09,31.24,1,Anemic
12.9,4.47,88.74,28.9,32.53,2,Compensated Microcytosis
7.8,3.15,75.3,24.79,32.89,1,Anemic
14.5,5.2,76.64,27.91,36.38,0,Non-Anemic
10.2,4.18,68.47,24.38,35.64,1,Anemic
13.3,4.85,87.56,27.43,31.29,0,Non-Anemic
16.61,4.89,102.09,33.94,33.28,2,Compensated Microcytosis
11.3,3.41,91.9,33.15,36.06,1,Anemic
12.5,4.46,83.4,28.05,33.58,1,Anemic
8.5,4.15,61.74,20.47,33.18,1,Anemic
4.2,1.91,62.99,21.99,34.87,1,Anemic
14.82,5.06,83.45,29.3,35.1,2,Compensated Microcytosis
15.6,6.6,65.28,23.65,36.22,2,Compensated Microcytosis
15.2,4.78,93.4,31.79,34.03,0,Non-Anemic
15.1,5.06,90.27,29.81,33.06,0,Non-Anemic
13.22,4.83,76.99,27.39,35.54,2,Compensated Microcytosis
12.4,4.57,81.72,27.15,33.17,2,Compensated Microcytosis
8.1,2.55,91.88,31.75,34.59,1,Anemic
16.54,5.8,89.64,28.55,31.83,0,Non-Anemic
10.3,4.87,64.97,21.11,32.56,1,Anemic
12.0,3.52,107.83,34.08,31.58,2,Compensated Microcytosis
13.57,5.06,80.83,26.79,33.17,2,Compensated Microcytosis
13.5,5.05,80.09,26.77,33.41,2,Compensated Microcytosis
7.7,3.77,63.65,20.42,32.05,1,Anemic
14.4,5.39,82.14,26.75,32.53,2,Compensated Microcytosis
14.4,5.09,80.33,28.33,35.24,0,Non-Anemic
14.31,5.09,78.57,28.14,35.75,2,Compensated Microcytosis
13.4,4.92,80.35,27.2,33.89,2,Compensated Microcytosis
14.3,5.55,73.6,25.77,35.02,2,Compensated Microcytosis
10.0,3.81,81.62,26.28,32.19,1,Anemic
15.0,4.46,98.41,33.63,34.19,2,Compensated Microcytosis
13.44,5.14,74.27,26.12,35.23,2,Compensated Microcytosis
11.9,4.65,72.15,25.6,35.45,1,Anemic
10.7,3.9,77.67,27.47,35.3,1,Anemic
15.1,5.38,85.74,28.06,32.74,0,Non-Anemic
8.5,4.8,50.16,17.72,35.31,1,Anemic
12.4,4.7,78.7,26.37,33.55,1,Anemic
9.0,3.01,85.3,29.88,35.01,1,Anemic
10.6,4.6,69.09,23.06,33.36,1,Anemic
16.3,5.53,80.85,29.47,36.47,0,Non-Anemic
14.28,5.47,80.83,26.13,32.34,2,Compensated Microcytosis
13.0,5.0,76.59,25.99,33.99,2,Compensated Microcytosis
14.38,5.21,78.45,27.58,35.2,0,Non-Anemic
15.2,5.8,78.1,26.2,33.54,2,Compensated Microcytosis
14.8,4.9,91.77,30.24,32.92,0,Non-Anemic
13.9,4.44,89.85,31.29,34.84,0,Non-Anemic
14.84,4.34,99.05,34.18,34.52,2,Compensated Microcytosis
16.0,4.98,94.33,32.15,34.05,0,Non-Anemic
14.9,5.29,79.73,28.14,35.29,0,Non-Anemic
13.3,4.69,87.85,28.34,32.25,0,Non-Anemic
10.2,3.67,81.68,27.75,34.03,1,Anemic
14.4,5.2,82.61,27.66,33.56,0,Non-Anemic
11.1,3.5,92.56,31.71,34.3,1,Anemic
12.7,5.09,70.92,24.93,35.14,2,Compensated Microcytosis
13.8,4.98,79.73,27.71,34.79,0,Non-Anemic
16.3,5.85,80.81,27.86,34.5,0,Non-Anemic
13.0,4.31,94.97,30.17,31.72,0,Non-Anemic
14.8,4.99,89.56,29.63,33.11,0,Non-Anemic
11.0,3.78,83.32,29.13,34.9,1,Anemic
13.8,4.31,96.3,32.03,33.24,0,Non-Anemic
13.6,4.36,91.84,31.17,33.94,0,Non-Anemic
12.6,4.44,85.66,28.42,33.15,0,Non-Anemic
12.5,4.68,81.31,26.69,32.8,2,Compensated Microcytosis
15.0,5.09,85.82,29.49,34.33,0,Non-Anemic
12.0,4.71,74.28,25.44,34.34,2,Compensated Microcytosis
6.8,3.85,50.62,17.7,34.9,1,Anemic
14.7,4.48,98.81,32.85,33.25,0,Non-Anemic
12.7,4.23,86.52,30.03,34.71,0,Non-Anemic
14.2,5.05,84.12,28.09,33.4,0,Non-Anemic
14.5,5.69,73.08,25.48,34.83,2,Compensated Microcytosis
15.58,5.99,74.92,26.05,34.71,2,Compensated Microcytosis
13.0,5.0,77.94,26.01,33.36,2,Compensated Microcytosis
10.9,4.42,72.9,24.68,33.81,1,Anemic
11.1,5.1,65.68,21.78,33.11,1,Anemic
13.2,4.18,93.88,31.61,33.64,0,Non-Anemic
13.1,4.1,90.48,31.96,35.29,0,Non-Anemic
15.47,6.08,74.38,25.47,34.18,2,Compensated Microcytosis
15.1,5.25,88.18,28.79,32.66,2,Compensated Microcytosis
9.6,2.89,98.91,33.19,33.57,1,Anemic
11.8,4.2,80.22,28.06,35.05,1,Anemic
14.7,4.89,84.48,30.03,35.57,0,Non-Anemic
4.2,1.91,65.45,22.02,33.58,1,Anemic
10.7,4.16,73.85,25.74,34.84,1,Anemic
16.16,5.8,78.96,27.82,35.33,0,Non-Anemic
13.67,5.08,79.19,26.88,33.94,2,Compensated Microcytosis
13.3,4.62,83.88,28.8,34.3,0,Non-Anemic
12.0,4.71,74.77,25.48,34.04,1,Anemic
16.9,6.07,83.48,27.83,33.36,0,Non-Anemic
12.0,4.73,77.22,25.35,32.85,2,Compensated Microcytosis
13.2,5.0,83.91,26.38,31.43,2,Compensated Microcytosis
16.2,5.94,80.34,27.26,33.94,2,Compensated Microcytosis
12.4,4.7,78.13,26.36,33.72,2,Compensated Microcytosis
13.3,5.07,81.45,26.27,32.2,2,Compensated Microcytosis
12.9,4.86,76.24,26.51,34.8,2,Compensated Microcytosis
15.15,5.48,82.34,27.66,33.56,2,Compensated Microcytosis
13.1,4.6,85.95,28.5,33.09,2,Compensated Microcytosis
11.0,4.41,72.25,24.91,34.54,1,Anemic
16.1,5.47,92.05,29.43,31.96,0,Non-Anemic
12.8,3.84,95.82,33.33,34.81,0,Non-Anemic
12.57,5.14,72.44,24.45,33.74,2,Compensated Microcytosis
13.41,4.23,89.49,31.7,35.45,2,Compensated Microcytosis
12.7,4.21,84.3,30.14,35.79,0,Non-Anemic
12.3,4.6,86.72,26.74,30.87,2,Compensated Microcytosis
14.2,5.24,80.82,27.06,33.55,2,Compensated Microcytosis
14.57,5.3,79.92,27.52,34.41,2,Compensated Microcytosis
12.0,3.52,93.71,34.08,36.38,1,Anemic
12.7,5.2,69.37,24.4,35.22,1,Anemic
14.53,5.93,76.05,24.5,32.2,2,Compensated Microcytosis
17.2,5.19,99.02,33.15,33.45,0,Non-Anemic
12.5,4.86,73.75,25.73,34.87,2,Compensated Microcytosis
10.4,4.28,71.94,24.27,33.77,1,Anemic
14.55,5.53,79.19,26.32,33.23,2,Compensated Microcytosis
14.5,5.22,82.14,27.75,33.87,0,Non-Anemic
13.1,4.4,85.27,29.74,34.87,2,Compensated Microcytosis
12.5,4.6,85.42,27.18,31.82,0,Non-Anemic
9.3,4.28,62.54,21.75,34.74,1,Anemic
16.2,4.74,110.93,34.16,30.8,0,Non-Anemic
10.8,3.82,77.41,28.3,36.54,1,Anemic
15.95,5.27,87.84,30.31,34.48,2,Compensated Microcytosis
12.9,6.05,63.74,21.34,33.41,1,Anemic
12.38,4.96,72.61,24.95,34.38,2,Compensated Microcytosis
14.85,5.29,83.09,28.03,33.83,0,Non-Anemic
13.1,4.77,83.15,27.5,33.03,0,Non-Anemic
11.9,4.51,73.93,26.37,35.7,1,Anemic
12.18,4.39,82.15,27.75,33.81,0,Non-Anemic
14.8,5.3,81.04,27.9,34.5,0,Non-Anemic
10.5,4.69,68.45,22.39,32.72,1,Anemic
10.4,4.74,69.22,21.97,31.74,1,Anemic
10.5,4.54,68.59,23.14,33.75,1,Anemic
14.64,4.88,91.32,30.0,32.86,0,Non-Anemic
13.41,4.88,80.5,27.52,34.17,2,Compensated Microcytosis
9.7,3.52,83.52,27.58,33.03,1,Anemic
16.92,5.04,93.2,33.53,36.04,0,Non-Anemic
13.8,4.79,89.16,28.81,32.28,0,Non-Anemic
11.8,4.2,81.31,28.11,34.57,1,Anemic
14.7,5.4,83.06,27.22,32.78,2,Compensated Microcytosis
10.1,3.78,81.43,26.71,32.81,1,Anemic
14.5,4.99,89.22,29.09,32.6,0,Non-Anemic
12.7,4.8,78.96,26.47,33.49,2,Compensated Microcytosis
14.2,5.2,77.96,27.28,35.06,0,Non-Anemic
11.4,3.91,89.38,29.19,32.59,1,Anemic
11.3,3.56,96.61,31.72,32.89,1,Anemic
13.88,4.8,88.24,28.93,32.73,0,Non-Anemic
15.1,5.39,85.67,27.98,32.67,0,Non-Anemic
14.8,4.63,93.21,31.94,34.29,0,Non-Anemic
9.5,4.11,69.33,23.13,33.35,1,Anemic
15.0,4.85,95.6,30.96,32.39,0,Non-Anemic
9.0,3.01,86.26,29.93,34.63,1,Anemic
17.3,5.97,82.9,28.98,34.96,0,Non-Anemic
11.1,3.51,100.77,31.6,31.33,1,Anemic
13.7,5.1,76.91,26.85,34.9,2,Compensated Microcytosis
13.6,4.41,91.45,30.85,33.74,0,Non-Anemic
14.6,5.07,88.19,28.76,32.64,2,Compensated Microcytosis
13.5,5.3,71.79,25.46,35.48,2,Compensated Microcytosis
16.5,5.07,107.78,32.52,30.21,0,Non-Anemic
15.1,5.17,83.09,29.2,35.15,0,Non-Anemic
14.08,4.73,92.68,29.73,32.13,2,Compensated Microcytosis
15.07,5.36,79.26,28.15,35.5,0,Non-Anemic
11.2,3.29,99.09,34.01,34.37,1,Anemic
11.8,4.3,76.8,27.46,35.73,1,Anemic
13.1,4.14,87.69,31.64,36.06,0,Non-Anemic
9.9,3.33,86.7,29.77,34.34,1,Anemic
13.6,4.73,85.46,28.72,33.66,0,Non-Anemic
9.4,2.97,94.11,31.64,33.61,1,Anemic
7.9,4.06,57.9,19.44,33.64,1,Anemic
9.8,3.53,83.28,27.78,33.35,1,Anemic
13.57,4.26,99.34,31.89,32.04,0,Non-Anemic
15.64,5.95,72.41,26.28,36.29,2,Compensated Microcytosis
14.7,5.03,82.69,29.26,35.33,0,Non-Anemic
13.9,4.95,85.68,28.06,32.75,0,Non-Anemic
9.3,4.45,62.9,20.92,33.19,1,Anemic
12.24,4.95,72.8,24.72,33.93,2,Compensated Microcytosis
9.3,2.26,130.45,41.11,31.55,1,Anemic
10.3,4.87,60.12,21.13,35.19,1,Anemic
17.05,5.51,89.18,30.97,34.7,2,Compensated Microcytosis
14.3,4.68,92.93,30.55,32.9,0,Non-Anemic
13.8,5.54,73.04,24.93,34.08,2,Compensated Microcytosis
10.6,3.71,82.23,28.54,34.74,1,Anemic
9.0,3.42,77.04,26.33,34.16,1,Anemic
10.4,3.7,80.87,28.14,34.79,1,Anemic
16.76,5.0,101.45,33.54,33.01,2,Compensated Microcytosis
11.5,4.92,68.97,23.37,33.92,1,Anemic
13.1,4.24,85.16,30.94,36.31,0,Non-Anemic
12.0,4.16,82.95,28.87,34.81,2,Compensated Microcytosis
7.2,3.81,54.2,18.91,34.86,1,Anemic
14.4,5.3,80.16,27.19,33.85,0,Non-Anemic
13.9,4.51,92.67,30.82,33.25,0,Non-Anemic
15.39,5.33,84.47,28.85,34.15,2,Compensated Microcytosis
15.2,4.99,87.29,30.48,34.89,0,Non-Anemic
16.5,5.33,92.38,30.96,33.5,0,Non-Anemic
14.5,5.2,82.71,27.87,33.76,2,Compensated Microcytosis
11.6,4.03,83.67,28.8,34.4,1,Anemic
14.59,4.93,88.36,29.58,33.51,2,Compensated Microcytosis
11.0,5.08,61.54,21.61,35.19,1,Anemic
15.6,5.45,82.78,28.62,34.58,0,Non-Anemic
12.41,4.23,85.69,29.37,34.26,2,Compensated Microcytosis
15.0,4.92,95.78,30.46,31.86,0,Non-Anemic
10.9,3.59,89.37,30.33,33.95,1,Anemic
12.9,4.78,75.72,26.99,35.66,1,Anemic
10.9,4.88,68.57,22.32,32.58,1,Anemic
15.0,4.9,90.02,30.59,33.95,0,Non-Anemic
11.9,4.7,72.25,25.28,35.01,1,Anemic
14.54,5.03,84.95,28.9,33.99,0,Non-Anemic
10.0,4.71,64.49,21.21,32.88,1,Anemic
13.01,4.46,85.46,29.14,34.15,2,Compensated Microcytosis
9.3,5.2,52.11,17.87,34.36,1,Anemic
14.7,4.6,98.72,31.95,32.37,0,Non-Anemic
15.1,4.74,95.29,31.82,33.41,0,Non-Anemic
15.0,5.8,74.34,25.87,34.8,2,Compensated Microcytosis
12.5,4.23,85.35,29.55,34.61,1,Anemic
12.79,4.36,88.64,29.34,33.07,2,Compensated Microcytosis
11.9,4.4,81.17,27.04,33.36,1,Anemic
13.9,5.59,71.94,24.89,34.57,2,Compensated Microcytosis
16.3,4.85,98.42,33.58,34.14,0,Non-Anemic
11.6,4.11,85.21,28.22,33.13,1,Anemic
13.4,5.1,79.58,26.24,33.02,2,Compensated Microcytosis
11.9,4.4,76.0,27.08,35.6,1,Anemic
7.3,2.77,73.54,26.33,35.83,1,Anemic
16.2,4.93,95.31,32.85,34.5,0,Non-Anemic
12.2,4.56,80.73,26.75,33.17,2,Compensated Microcytosis
13.7,4.85,80.02,28.29,35.34,0,Non-Anemic
16.6,5.65,89.29,29.39,32.9,0,Non-Anemic
11.2,3.82,85.68,29.29,34.25,1,Anemic
13.0,4.14,94.07,31.44,33.38,0,Non-Anemic
13.4,4.39,87.9,30.53,34.7,0,Non-Anemic
14.0,4.75,86.89,29.46,33.89,0,Non-Anemic
14.8,5.58,73.39,26.52,36.09,2,Compensated Microcytosis
6.2,2.56,68.19,24.2,35.47,1,Anemic
12.78,5.2,75.19,24.6,32.7,2,Compensated Microcytosis
13.2,5.1,78.19,25.84,33.13,2,Compensated Microcytosis
11.4,4.09,85.2,27.88,32.71,1,Anemic
11.2,4.87,69.46,23.01,33.1,1,Anemic
15.6,4.97,96.12,31.36,32.64,0,Non-Anemic
13.97,5.26,78.7,26.58,33.79,2,Compensated Microcytosis
14.89,5.91,68.88,25.16,36.6,2,Compensated Microcytosis
12.2,4.66,76.19,26.17,34.34,2,Compensated Microcytosis
12.2,4.75,73.69,25.7,34.86,1,Anemic
15.7,6.04,77.86,26.03,33.36,2,Compensated Microcytosis
14.06,5.66,69.21,24.84,35.85,2,Compensated Microcytosis
13.2,4.53,84.4,29.12,34.56,2,Compensated Microcytosis
12.0,4.4,81.14,27.25,33.63,1,Anemic
8.1,2.25,105.95,35.99,33.98,1,Anemic
14.1,4.63,89.76,30.48,33.96,0,Non-Anemic
14.39,5.82,67.75,24.76,36.54,2,Compensated Microcytosis
13.4,4.7,79.5,28.52,35.83,2,Compensated Microcytosis
13.47,4.97,79.33,27.12,34.2,2,Compensated Microcytosis
16.2,5.37,82.7,30.19,36.48,0,Non-Anemic
13.11,5.04,76.87,26.04,33.8,2,Compensated Microcytosis
13.9,4.54,85.11,30.65,35.95,0,Non-Anemic
14.4,4.84,84.86,29.75,35.04,0,Non-Anemic
13.3,5.2,73.61,25.59,34.72,2,Compensated Microcytosis
16.2,5.41,82.42,29.92,36.36,0,Non-Anemic
15.4,5.71,79.75,26.96,33.83,2,Compensated Microcytosis
12.51,5.22,71.42,24.0,33.57,2,Compensated Microcytosis
14.3,5.16,80.05,27.68,34.61,2,Compensated Microcytosis
14.0,5.52,73.64,25.33,34.44,2,Compensated Microcytosis
14.0,5.25,78.44,26.66,33.99,2,Compensated Microcytosis
12.4,4.46,80.77,27.81,34.42,0,Non-Anemic
14.8,5.58,77.81,26.5,34.09,2,Compensated Microcytosis
10.5,3.75,86.26,28.02,32.5,1,Anemic
12.1,4.36,84.89,27.74,32.74,1,Anemic
11.0,4.18,72.11,26.34,36.48,1,Anemic
10.6,4.35,74.62,24.33,32.64,1,Anemic
12.1,4.9,71.77,24.71,34.44,1,Anemic
16.3,5.88,80.59,27.72,34.43,0,Non-Anemic
12.2,4.88,72.1,25.02,34.68,1,Anemic
12.7,4.72,75.3,26.92,35.75,1,Anemic
14.2,4.68,90.05,30.32,33.7,2,Compensated Microcytosis
12.4,3.76,93.08,32.98,35.42,1,Anemic
14.0,4.43,87.4,31.61,36.18,0,Non-Anemic
8.4,4.51,56.94,18.6,32.68,1,Anemic
14.63,6.0,73.13,24.35,33.36,2,Compensated Microcytosis
14.8,5.5,76.71,26.95,35.09,2,Compensated Microcytosis
14.6,5.13,92.19,28.45,30.84,0,Non-Anemic
13.0,4.75,78.83,27.38,34.7,0,Non-Anemic
13.6,4.75,84.53,28.61,33.9,0,Non-Anemic
12.2,3.77,94.71,32.34,34.2,0,Non-Anemic
13.0,5.29,70.86,24.58,34.69,2,Compensated Microcytosis
12.5,5.17,67.8,24.19,35.65,2,Compensated Microcytosis
10.3,4.59,61.92,22.44,36.26,1,Anemic
9.2,3.34,78.12,27.56,35.29,1,Anemic
17.0,5.63,88.56,30.16,34.06,0,Non-Anemic
11.7,3.81,86.4,30.75,35.56,1,Anemic
16.6,4.93,96.62,33.68,34.85,0,Non-Anemic
11.9,4.24,82.29,28.06,34.13,1,Anemic
14.1,5.4,77.93,26.1,33.52,2,Compensated Microcytosis
11.0,4.21,78.46,26.12,33.33,1,Anemic
14.4,4.72,93.05,30.53,32.77,0,Non-Anemic
16.67,5.05,98.0,32.98,33.69,2,Compensated Microcytosis
10.3,5.04,61.1,20.46,33.48,1,Anemic
11.8,4.24,77.28,27.84,36.0,1,Anemic
11.6,3.7,93.46,31.36,33.58,1,Anemic
14.2,5.25,82.19,27.01,32.89,2,Compensated Microcytosis
12.27,4.34,76.47,28.29,36.97,0,Non-Anemic
13.28,4.57,84.87,29.05,34.24,0,Non-Anemic
11.2,4.53,76.8,24.68,32.15,1,Anemic
7.1,1.96,101.29,36.2,35.81,1,Anemic
11.2,3.7,87.98,30.24,34.43,1,Anemic
9.4,4.24,65.76,22.19,33.66,1,Anemic
14.0,5.0,82.01,27.99,34.12,0,Non-Anemic
11.7,5.31,62.28,22.04,35.39,1,Anemic
15.6,4.85,92.55,32.14,34.76,0,Non-Anemic
7.6,4.25,52.89,17.87,33.84,1,Anemic
13.8,4.4,93.08,31.32,33.68,0,Non-Anemic
12.86,4.5,82.93,28.59,34.44,2,Compensated Microcytosis
11.7,4.1,81.87,28.53,34.8,1,Anemic
14.0,5.2,80.95,26.94,33.22,2,Compensated Microcytosis
13.5,5.17,76.39,26.09,34.17,2,Compensated Microcytosis
13.3,4.73,82.35,28.09,34.11,0,Non-Anemic
13.4,4.34,92.7,30.84,33.26,0,Non-Anemic
13.0,4.32,90.32,30.11,33.34,0,Non-Anemic
14.7,5.5,75.82,26.74,35.25,2,Compensated Microcytosis
4.82,3.2,43.64,15.03,34.54,1,Anemic
8.2,4.49,54.15,18.26,33.73,1,Anemic
11.6,4.38,79.41,26.48,33.34,1,Anemic
12.3,4.43,83.71,27.8,33.18,0,Non-Anemic
8.4,5.33,47.8,15.77,32.91,1,Anemic
13.8,4.55,88.8,30.32,34.2,2,Compensated Microcytosis
6.3,3.66,50.46,17.21,34.13,1,Anemic
14.0,4.61,92.55,30.4,32.8,2,Compensated Microcytosis
13.6,4.89,83.38,27.81,33.35,2,Compensated Microcytosis
15.69,5.56,80.27,28.26,35.15,2,Compensated Microcytosis
10.2,4.85,64.66,21.07,32.53,1,Anemic
13.2,4.53,83.22,29.1,35.04,0,Non-Anemic
10.0,4.61,62.51,21.72,34.73,1,Anemic
7.8,2.83,79.01,27.53,34.92,1,Anemic
16.81,5.95,80.58,28.26,35.07,0,Non-Anemic
12.2,3.65,102.19,33.4,32.71,1,Anemic
8.8,3.52,73.49,24.98,34.02,1,Anemic
12.3,3.92,92.14,31.35,34.01,1,Anemic
12.2,4.73,72.6,25.83,35.57,1,Anemic
13.3,4.31,90.18,30.87,34.2,0,Non-Anemic
16.4,5.61,84.43,29.21,34.61,0,Non-Anemic
12.53,4.2,84.18,29.84,35.42,0,Non-Anemic
13.4,4.35,86.74,30.78,35.56,0,Non-Anemic
15.4,5.28,81.76,29.18,35.68,0,Non-Anemic
14.4,5.29,81.85,27.21,33.27,0,Non-Anemic
12.2,5.23,66.56,23.32,35.01,1,Anemic
10.6,4.39,72.17,24.15,33.46,1,Anemic
13.7,4.62,89.44,29.69,33.17,2,Compensated Microcytosis
14.1,4.33,94.71,32.57,34.37,2,Compensated Microcytosis
14.8,5.18,78.9,28.56,36.22,0,Non-Anemic
15.65,5.32,85.03,29.42,34.59,2,Compensated Microcytosis
13.2,5.72,67.27,23.09,34.29,2,Compensated Microcytosis
16.2,6.03,76.53,26.87,35.12,2,Compensated Microcytosis
13.9,5.77,73.36,24.07,32.85,2,Compensated Microcytosis
9.7,4.55,62.19,21.31,34.26,1,Anemic
8.4,3.24,78.25,25.96,33.09,1,Anemic
13.7,4.39,91.1,31.19,34.25,0,Non-Anemic
11.0,5.75,53.66,19.11,35.68,1,Anemic
14.6,4.65,91.82,31.39,34.21,0,Non-Anemic
14.3,4.78,84.26,29.94,35.53,0,Non-Anemic
14.96,4.85,87.61,30.85,35.21,0,Non-Anemic
16.41,5.74,85.68,28.56,33.38,0,Non-Anemic
13.7,4.96,82.64,27.6,33.45,0,Non-Anemic
13.11,4.58,85.44,28.62,33.47,2,Compensated Microcytosis
14.68,5.67,74.22,25.9,34.86,2,Compensated Microcytosis
14.61,5.37,76.2,27.21,35.7,2,Compensated Microcytosis
15.8,4.81,97.94,32.88,33.55,0,Non-Anemic
12.6,4.8,79.69,26.22,32.96,1,Anemic
12.25,5.38,69.59,22.74,32.7,2,Compensated Microcytosis
13.5,4.86,80.66,27.76,34.46,0,Non-Anemic
16.43,4.78,96.03,34.39,35.77,2,Compensated Microcytosis
14.2,5.2,77.92,27.33,35.03,0,Non-Anemic
15.2,5.38,83.76,28.23,33.73,0,Non-Anemic
16.1,5.49,89.0,29.29,32.97,0,Non-Anemic
13.33,4.61,85.47,28.93,33.84,2,Compensated Microcytosis
11.1,3.85,78.84,28.82,36.56,1,Anemic
11.5,4.14,81.82,27.74,33.96,1,Anemic
16.19,5.26,92.86,30.8,33.16,2,Compensated Microcytosis
9.9,3.33,81.99,29.7,36.26,1,Anemic
15.31,4.74,89.41,32.27,36.17,2,Compensated Microcytosis
16.5,4.84,99.52,34.11,34.31,0,Non-Anemic
10.3,4.41,68.11,23.35,34.28,1,Anemic
13.39,5.36,68.77,24.97,36.3,2,Compensated Microcytosis
12.3,4.58,75.22,26.83,35.71,2,Compensated Microcytosis
17.1,5.96,83.91,28.68,34.17,0,Non-Anemic
13.3,5.24,75.32,25.35,33.7,2,Compensated Microcytosis
11.0,4.0,82.94,27.46,33.13,1,Anemic
13.9,5.02,81.07,27.71,34.14,0,Non-Anemic
12.7,3.95,90.76,32.19,35.44,0,Non-Anemic
14.9,5.84,77.76,25.52,32.79,2,Compensated Microcytosis
10.3,4.53,68.93,22.74,32.95,1,Anemic
12.6,4.52,83.41,27.86,33.46,2,Compensated Microcytosis
15.15,4.98,91.49,30.43,33.25,2,Compensated Microcytosis
15.4,4.68,99.86,32.94,32.93,0,Non-Anemic
14.5,5.1,86.15,28.44,32.98,0,Non-Anemic
16.85,6.04,84.24,27.87,33.15,0,Non-Anemic
11.5,4.22,77.32,27.29,35.26,1,Anemic
14.2,5.2,82.04,27.31,33.28,0,Non-Anemic
14.0,5.15,78.88,27.18,34.43,0,Non-Anemic
15.5,4.23,107.5,36.65,34.08,0,Non-Anemic
15.93,5.43,87.24,29.37,33.6,2,Compensated Microcytosis
12.9,4.47,83.24,28.88,34.7,0,Non-Anemic
16.89,4.81,107.0,35.14,32.81,2,Compensated Microcytosis
14.2,5.4,83.91,26.28,31.33,2,Compensated Microcytosis
14.06,4.59,89.34,30.62,34.26,2,Compensated Microcytosis
11.9,4.87,70.09,24.4,34.82,1,Anemic
10.3,4.11,75.01,25.04,33.38,1,Anemic
15.6,5.79,80.77,26.94,33.4,2,Compensated Microcytosis
14.5,4.47,102.41,32.41,31.67,0,Non-Anemic
16.0,5.13,92.91,31.16,33.62,0,Non-Anemic
13.6,4.99,78.15,27.28,34.9,0,Non-Anemic
14.6,5.4,83.37,27.05,32.4,2,Compensated Microcytosis
14.21,4.26,98.0,33.36,34.02,2,Compensated Microcytosis
17.6,5.65,92.29,31.14,33.79,0,Non-Anemic
12.5,4.8,79.3,26.05,32.89,2,Compensated Microcytosis
13.9,4.97,79.01,27.99,35.4,0,Non-Anemic
7.3,2.84,74.36,25.7,34.54,1,Anemic
15.81,5.9,79.59,26.76,33.66,2,Compensated Microcytosis
13.89,5.46,76.08,25.4,33.4,2,Compensated Microcytosis
14.1,4.81,90.25,29.32,32.46,0,Non-Anemic
11.3,4.21,79.91,26.8,33.56,1,Anemic
15.07,6.05,76.12,24.94,32.71,2,Compensated Microcytosis
8.1,2.55,90.75,31.78,34.97,1,Anemic
15.0,5.2,85.6,28.83,33.69,0,Non-Anemic
13.1,4.31,93.41,30.43,32.55,0,Non-Anemic
10.7,4.34,73.37,24.63,33.57,1,Anemic
9.3,4.62,59.08,20.16,34.06,1,Anemic
12.98,4.64,77.79,27.97,35.99,2,Compensated Microcytosis
13.5,4.87,79.26,27.75,35.01,0,Non-Anemic
10.9,4.42,71.65,24.67,34.42,1,Anemic
13.6,5.6,72.32,24.28,33.6,2,Compensated Microcytosis
15.1,5.39,82.96,27.98,33.75,0,Non-Anemic
11.8,4.2,82.59,28.11,34.04,1,Anemic
12.5,4.7,75.71,26.61,35.11,1,Anemic
10.6,4.89,64.82,21.64,33.46,1,Anemic
15.2,4.88,90.16,31.17,34.54,0,Non-Anemic
12.8,5.46,67.9,23.44,34.58,1,Anemic
9.2,4.43,57.49,20.73,36.12,1,Anemic
16.9,5.92,85.71,28.52,33.3,0,Non-Anemic
14.5,5.87,73.64,24.71,33.53,2,Compensated Microcytosis
13.8,5.27,79.25,26.18,33.04,2,Compensated Microcytosis
14.7,5.5,76.11,26.75,35.13,2,Compensated Microcytosis
8.4,2.26,111.21,37.18,33.39,1,Anemic
14.28,4.58,88.36,31.2,35.3,0,Non-Anemic
14.94,4.84,88.04,30.88,35.09,0,Non-Anemic
10.2,4.01,74.6,25.47,34.12,1,Anemic
9.3,2.26,115.87,41.16,35.47,1,Anemic
15.0,5.8,73.76,25.83,35.1,2,Compensated Microcytosis
14.6,5.95,70.95,24.52,34.62,2,Compensated Microcytosis
15.2,5.5,81.72,27.62,33.82,0,Non-Anemic
10.7,3.5,86.5,30.57,35.33,1,Anemic
13.1,4.51,83.44,29.01,34.81,0,Non-Anemic
11.3,4.1,89.02,27.56,30.96,1,Anemic
13.53,5.29,73.69,25.56,34.72,2,Compensated Microcytosis
14.6,4.6,88.46,31.71,35.92,0,Non-Anemic
15.29,5.98,73.85,25.54,34.58,2,Compensated Microcytosis
12.2,4.6,78.56,26.54,33.76,1,Anemic
13.5,4.81,87.34,28.07,32.16,0,Non-Anemic
13.6,4.6,86.1,29.6,34.32,2,Compensated Microcytosis
14.91,4.56,94.43,32.66,34.66,2,Compensated Microcytosis
8.8,3.52,75.21,24.99,33.27,1,Anemic
10.3,3.7,77.08,27.81,36.15,1,Anemic
11.3,4.21,83.96,26.83,31.98,1,Anemic
9.6,5.66,53.81,16.97,31.52,1,Anemic
15.11,5.08,93.2,29.75,31.93,2,Compensated Microcytosis
10.6,4.8,65.37,22.12,33.8,1,Anemic
14.3,4.22,98.94,33.91,34.26,0,Non-Anemic
13.0,5.0,76.39,25.99,34.02,2,Compensated Microcytosis
13.2,4.45,89.49,29.63,33.17,0,Non-Anemic
11.9,4.22,82.02,28.19,34.36,1,Anemic
14.7,6.05,67.27,24.34,36.13,2,Compensated Microcytosis
19.6,6.58,90.16,29.77,33.07,0,Non-Anemic
13.0,6.67,53.39,19.48,36.55,2,Compensated Microcytosis
10.2,3.44,83.15,29.63,35.65,1,Anemic
10.3,3.54,84.61,29.09,34.38,1,Anemic
12.6,4.72,80.09,26.7,33.37,2,Compensated Microcytosis
11.9,4.4,79.7,27.04,33.94,1,Anemic
12.9,6.05,62.85,21.31,33.94,1,Anemic
15.44,6.01,76.76,25.72,33.44,2,Compensated Microcytosis
14.3,4.69,90.44,30.49,33.73,0,Non-Anemic
8.5,4.8,52.92,17.71,33.44,1,Anemic
14.86,4.5,97.19,33.03,33.95,0,Non-Anemic
15.7,5.63,85.82,27.85,32.48,0,Non-Anemic
13.06,5.32,74.82,24.52,32.79,2,Compensated Microcytosis
15.1,5.8,76.96,26.01,33.84,2,Compensated Microcytosis
12.6,4.4,86.8,28.64,32.97,1,Anemic
11.4,4.36,76.72,26.18,34.04,1,Anemic
17.03,4.99,97.15,34.16,35.16,0,Non-Anemic
12.5,4.2,88.47,29.74,33.65,1,Anemic
12.0,4.01,88.17,29.94,33.92,1,Anemic
13.3,4.7,87.03,28.29,32.55,0,Non-Anemic
13.1,4.73,83.62,27.73,33.16,2,Compensated Microcytosis
12.5,4.8,77.24,26.06,33.71,1,Anemic
14.3,5.57,73.36,25.7,34.94,2,Compensated Microcytosis
11.2,3.68,90.86,30.47,33.52,1,Anemic
16.59,5.46,89.79,30.42,33.86,2,Compensated Microcytosis
14.1,4.76,86.22,29.6,34.36,0,Non-Anemic
12.1,4.6,81.87,26.27,32.11,1,Anemic
12.32,4.83,73.63,25.5,34.61,2,Compensated Microcytosis
11.3,4.95,67.21,22.8,33.94,1,Anemic
13.86,5.62,75.29,24.65,32.77,2,Compensated Microcytosis
9.3,3.95,74.38,23.57,31.65,1,Anemic
17.0,6.03,79.89,28.16,35.31,0,Non-Anemic
12.37,4.96,72.02,24.93,34.66,2,Compensated Microcytosis
15.1,5.7,77.03,26.49,34.41,2,Compensated Microcytosis
8.1,4.62,52.81,17.53,33.23,1,Anemic
14.2,4.92,87.28,28.85,33.09,0,Non-Anemic
15.6,4.66,99.7,33.44,33.57,0,Non-Anemic
12.16,5.01,75.67,24.23,32.08,2,Compensated Microcytosis
11.9,3.54,97.51,33.65,34.5,1,Anemic
12.5,4.24,88.0,29.47,33.52,0,Non-Anemic
11.3,3.56,94.61,31.77,33.56,1,Anemic
14.21,4.89,86.0,29.04,33.82,0,Non-Anemic
10.6,4.35,71.6,24.36,34.0,1,Anemic
15.8,5.04,94.24,31.36,33.31,0,Non-Anemic
12.36,4.5,80.47,27.5,34.12,2,Compensated Microcytosis
13.1,4.51,87.18,29.05,33.36,0,Non-Anemic
12.7,4.9,78.13,25.89,33.2,2,Compensated Microcytosis
14.6,5.06,80.75,28.87,35.75,0,Non-Anemic
12.5,4.7,76.67,26.61,34.71,1,Anemic
16.0,5.19,93.06,30.84,33.12,0,Non-Anemic
12.7,4.9,74.14,25.96,34.98,1,Anemic
10.8,3.34,98.61,32.3,32.81,1,Anemic
10.5,3.51,89.6,29.95,33.38,1,Anemic
14.6,5.17,83.24,28.27,33.91,0,Non-Anemic
12.3,4.66,77.13,26.37,34.26,1,Anemic
13.9,5.68,74.88,24.45,32.67,2,Compensated Microcytosis
16.23,5.76,83.66,28.17,33.67,2,Compensated Microcytosis
8.7,3.58,71.76,24.32,33.85,1,Anemic
13.84,5.99,66.65,23.14,34.66,2,Compensated Microcytosis
17.05,5.59,92.11,30.47,33.15,2,Compensated Microcytosis
10.3,4.27,70.37,24.11,34.3,1,Anemic
11.0,4.86,65.01,22.67,34.81,1,Anemic
7.3,2.84,78.22,25.68,32.84,1,Anemic
10.4,3.78,81.63,27.52,33.74,1,Anemic
13.65,5.24,76.2,26.01,34.22,2,Compensated Microcytosis
13.91,4.71,87.19,29.54,33.87,2,Compensated Microcytosis
8.6,3.21,84.48,26.83,31.69,1,Anemic
15.0,4.99,84.7,30.05,35.49,0,Non-Anemic
13.0,4.81,78.49,27.02,34.43,2,Compensated Microcytosis
11.8,5.5,65.01,21.46,33.02,1,Anemic
15.9,5.99,79.12,26.54,33.55,2,Compensated Microcytosis
12.55,4.86,78.12,25.86,33.08,2,Compensated Microcytosis
14.25,5.41,75.69,26.32,34.77,2,Compensated Microcytosis
14.3,4.5,86.68,31.78,36.67,2,Compensated Microcytosis
15.5,4.99,94.62,31.1,32.8,0,Non-Anemic
11.6,4.32,84.2,26.82,31.87,1,Anemic
13.8,4.97,83.11,27.76,33.42,0,Non-Anemic
11.3,4.36,85.27,25.88,30.39,1,Anemic
14.3,4.48,101.13,31.9,31.59,0,Non-Anemic
13.8,4.74,88.33,29.09,32.99,2,Compensated Microcytosis
9.3,4.76,57.36,19.55,34.05,1,Anemic
12.0,4.52,74.54,26.55,35.62,1,Anemic
16.8,5.61,96.3,29.94,31.06,0,Non-Anemic
14.6,4.28,96.13,34.08,35.49,0,Non-Anemic
16.86,5.34,90.83,31.61,34.77,0,Non-Anemic
13.6,4.47,91.07,30.46,33.43,0,Non-Anemic
15.2,4.76,95.42,31.91,33.45,0,Non-Anemic
12.6,4.36,85.44,28.87,33.8,1,Anemic
13.86,5.36,74.17,25.84,34.89,2,Compensated Microcytosis
7.8,3.96,60.05,19.73,32.83,1,Anemic
16.7,5.01,96.65,33.32,34.49,0,Non-Anemic
11.2,3.47,92.77,32.26,34.76,1,Anemic
14.6,5.25,87.48,27.84,31.8,0,Non-Anemic
10.4,4.71,63.76,22.07,34.65,1,Anemic
14.0,4.47,91.84,31.35,34.11,0,Non-Anemic
9.8,5.19,57.0,18.88,33.12,1,Anemic
13.8,5.03,78.77,27.44,34.86,2,Compensated Microcytosis
13.31,5.26,77.61,25.27,32.56,2,Compensated Microcytosis
13.8,4.78,87.71,28.88,32.93,0,Non-Anemic
12.5,4.22,86.23,29.6,34.35,2,Compensated Microcytosis
13.04,4.92,80.74,26.47,32.84,2,Compensated Microcytosis
13.0,4.73,79.25,27.51,34.68,2,Compensated Microcytosis
14.42,5.09,86.07,28.34,32.9,0,Non-Anemic
16.08,5.91,78.33,27.18,34.75,0,Non-Anemic
14.1,5.21,76.09,27.03,35.56,2,Compensated Microcytosis
13.1,4.22,86.32,31.08,35.97,0,Non-Anemic
13.8,4.87,86.17,28.31,32.83,0,Non-Anemic
13.1,5.08,75.45,25.81,34.2,2,Compensated Microcytosis
13.8,4.32,95.78,31.97,33.35,0,Non-Anemic
11.5,4.0,86.07,28.75,33.37,1,Anemic
12.5,6.04,62.38,20.66,33.18,1,Anemic
11.6,4.3,77.92,26.95,34.66,1,Anemic
9.3,3.85,70.12,24.14,34.47,1,Anemic
14.2,4.47,94.15,31.8,33.71,0,Non-Anemic
11.3,4.16,80.8,27.19,33.61,1,Anemic
14.07,5.04,84.08,27.94,33.18,2,Compensated Microcytosis
14.4,4.61,99.66,31.25,31.32,0,Non-Anemic
10.4,3.51,84.06,29.61,35.29,1,Anemic
10.7,4.64,73.24,23.06,31.52,1,Anemic
13.1,4.7,80.41,27.86,34.65,0,Non-Anemic
14.0,5.16,75.7,27.17,35.87,0,Non-Anemic
13.5,4.61,86.86,29.27,33.72,0,Non-Anemic
15.9,5.5,86.02,28.91,33.57,0,Non-Anemic
12.7,4.19,90.06,30.29,33.67,2,Compensated Microcytosis
12.0,4.3,80.07,27.88,34.89,0,Non-Anemic
13.2,5.3,72.37,24.94,34.42,2,Compensated Microcytosis
13.4,5.7,71.69,23.49,32.81,2,Compensated Microcytosis
14.0,5.26,81.68,26.65,32.56,2,Compensated Microcytosis
16.2,5.77,84.51,28.11,33.23,0,Non-Anemic
10.2,3.8,79.22,26.81,33.83,1,Anemic
14.1,4.33,95.78,32.55,34.03,2,Compensated Microcytosis
16.0,5.1,92.59,31.35,33.93,0,Non-Anemic
12.0,4.4,79.72,27.3,34.23,1,Anemic
16.87,5.98,84.9,28.24,33.21,0,Non-Anemic
10.2,3.8,75.53,26.84,35.53,1,Anemic
8.6,4.99,49.19,17.24,35.02,1,Anemic
14.0,4.29,92.52,32.61,35.26,0,Non-Anemic
14.3,5.19,82.49,27.58,33.44,0,Non-Anemic
14.97,5.48,79.74,27.3,34.24,0,Non-Anemic
14.4,5.7,72.56,25.3,34.81,2,Compensated Microcytosis
11.6,4.62,74.01,25.09,33.9,1,Anemic
13.5,5.3,72.94,25.5,34.95,2,Compensated Microcytosis
11.7,3.63,91.61,32.26,35.2,1,Anemic
11.2,4.6,69.9,24.34,34.86,1,Anemic
15.1,4.86,87.21,31.06,35.62,0,Non-Anemic
17.04,5.64,88.2,30.21,34.27,0,Non-Anemic
13.1,4.24,92.7,30.87,33.35,0,Non-Anemic
13.0,4.58,86.43,28.41,32.88,2,Compensated Microcytosis
12.6,4.25,89.32,29.68,33.18,0,Non-Anemic
15.1,4.52,95.45,33.37,35.02,0,Non-Anemic
13.9,4.33,95.17,32.12,33.73,0,Non-Anemic
14.2,5.65,73.69,25.1,34.06,2,Compensated Microcytosis
10.9,3.57,88.83,30.54,34.41,1,Anemic
8.3,3.43,68.03,24.2,35.58,1,Anemic
12.6,4.69,80.59,26.9,33.33,1,Anemic
9.8,3.82,75.03,25.64,34.19,1,Anemic
15.03,5.33,80.11,28.22,35.21,2,Compensated Microcytosis
3.1,1.42,62.89,21.82,34.74,1,Anemic
8.3,3.43,68.95,24.2,35.11,1,Anemic
15.4,4.53,100.24,34.01,33.92,0,Non-Anemic
16.0,5.14,101.78,31.1,30.59,0,Non-Anemic
14.6,4.73,87.44,30.85,35.31,0,Non-Anemic
11.7,4.24,82.94,27.63,33.28,1,Anemic
13.36,5.0,81.59,26.68,32.73,2,Compensated Microcytosis
9.2,3.34,84.92,27.54,32.42,1,Anemic
14.5,4.81,86.71,30.12,34.8,0,Non-Anemic
14.8,4.81,94.03,30.74,32.69,0,Non-Anemic
14.1,5.09,77.67,27.7,35.69,0,Non-Anemic
13.8,4.79,89.17,28.85,32.34,0,Non-Anemic
15.5,5.55,77.65,27.97,35.92,2,Compensated Microcytosis
14.0,6.58,60.92,21.29,34.87,2,Compensated Microcytosis
16.09,5.0,93.79,32.2,34.3,0,Non-Anemic
13.1,4.55,84.17,28.76,34.24,0,Non-Anemic
14.04,4.95,80.25,28.35,35.36,2,Compensated Microcytosis
11.9,4.86,72.95,24.5,33.54,1,Anemic
13.0,5.06,75.93,25.72,33.84,2,Compensated Microcytosis
8.3,4.48,51.57,18.56,35.95,1,Anemic
12.2,4.6,78.87,26.52,33.67,1,Anemic
14.5,4.94,86.99,29.33,33.73,0,Non-Anemic
13.3,5.24,70.77,25.36,35.82,2,Compensated Microcytosis
12.0,4.65,78.28,25.8,32.95,2,Compensated Microcytosis
14.3,5.2,81.71,27.52,33.67,0,Non-Anemic
14.9,5.84,74.2,25.49,34.41,2,Compensated Microcytosis
12.17,4.78,73.92,25.48,34.44,2,Compensated Microcytosis
16.3,5.55,89.66,29.37,32.74,0,Non-Anemic
14.4,4.59,93.46,31.36,33.55,0,Non-Anemic
16.4,5.37,82.62,30.57,36.95,0,Non-Anemic
10.8,4.4,72.39,24.57,33.91,1,Anemic
8.5,4.4,55.52,19.35,34.84,1,Anemic
17.1,5.27,98.45,32.42,32.93,0,Non-Anemic
16.1,5.7,79.1,28.21,35.72,0,Non-Anemic
8.0,2.89,83.16,27.67,33.32,1,Anemic
15.9,5.27,95.76,30.18,31.51,0,Non-Anemic
9.2,3.39,78.88,27.17,34.36,1,Anemic
10.8,3.15,102.75,34.32,33.36,1,Anemic
13.9,4.3,96.5,32.33,33.51,2,Compensated Microcytosis
15.9,5.24,87.42,30.32,34.73,0,Non-Anemic
12.0,3.5,97.69,34.29,35.14,1,Anemic
15.38,6.0,76.09,25.67,33.64,2,Compensated Microcytosis
11.9,4.11,87.42,28.94,33.17,1,Anemic
13.8,4.25,100.78,32.45,32.23,0,Non-Anemic
14.9,5.6,80.57,26.57,33.04,2,Compensated Microcytosis
15.1,5.06,83.04,29.81,35.91,0,Non-Anemic
14.7,4.71,87.79,31.17,35.53,0,Non-Anemic
11.4,4.11,76.69,27.74,36.18,1,Anemic
13.6,4.21,102.72,32.28,31.48,2,Compensated Microcytosis
15.6,5.15,92.28,30.26,32.83,0,Non-Anemic
15.66,6.06,74.14,25.85,34.81,2,Compensated Microcytosis
15.9,5.5,84.91,28.93,34.04,0,Non-Anemic
12.9,4.53,82.26,28.46,34.63,1,Anemic
9.6,5.66,49.83,16.95,34.09,1,Anemic
9.3,4.31,66.85,21.58,32.27,1,Anemic
10.3,4.48,67.56,23.02,33.99,1,Anemic
11.6,4.2,87.01,27.63,31.72,1,Anemic
13.78,5.23,77.31,26.32,34.06,2,Compensated Microcytosis
8.5,3.16,79.98,26.92,33.65,1,Anemic
11.0,4.28,77.78,25.67,33.08,1,Anemic
10.7,4.07,77.88,26.3,33.75,1,Anemic
12.8,4.3,96.14,29.77,30.98,1,Anemic
14.64,5.17,85.75,28.33,33.01,2,Compensated Microcytosis
14.62,5.65,82.27,25.89,31.46,2,Compensated Microcytosis
12.3,4.38,82.64,28.05,33.95,1,Anemic
13.0,4.73,76.86,27.46,35.71,2,Compensated Microcytosis
14.8,5.36,84.38,27.58,32.75,0,Non-Anemic
13.3,5.31,74.71,25.09,33.52,2,Compensated Microcytosis
14.04,4.86,86.05,28.89,33.57,2,Compensated Microcytosis
12.6,5.21,72.11,24.2,33.5,2,Compensated Microcytosis
12.4,4.28,85.73,28.98,33.78,1,Anemic
12.4,4.57,78.78,27.09,34.43,1,Anemic
10.6,4.6,67.7,23.05,34.02,1,Anemic
14.03,5.02,80.9,27.98,34.56,2,Compensated Microcytosis
13.9,4.33,97.23,32.11,33.01,0,Non-Anemic
13.3,5.01,82.08,26.52,32.36,2,Compensated Microcytosis
16.4,5.18,93.83,31.68,33.72,0,Non-Anemic
17.2,5.39,91.56,31.92,34.83,0,Non-Anemic
13.3,4.14,93.77,32.11,34.24,0,Non-Anemic
13.9,5.45,76.3,25.51,33.44,2,Compensated Microcytosis
12.7,4.32,87.14,29.43,33.72,1,Anemic
14.3,4.46,96.48,32.09,33.21,0,Non-Anemic
10.1,4.92,58.24,20.53,35.23,1,Anemic
9.0,3.97,64.24,22.7,35.27,1,Anemic
11.9,4.7,72.72,25.29,34.8,1,Anemic
12.1,5.73,64.03,21.1,32.98,2,Compensated Microcytosis
12.7,5.46,68.23,23.27,34.1,2,Compensated Microcytosis
9.9,3.47,79.7,28.56,35.81,1,Anemic
13.4,4.76,81.49,28.18,34.57,0,Non-Anemic
11.3,4.38,77.22,25.79,33.4,1,Anemic
14.6,4.63,96.08,31.54,32.85,0,Non-Anemic
14.7,4.62,96.4,31.84,32.98,0,Non-Anemic
14.7,4.52,90.89,32.54,35.75,0,Non-Anemic
14.7,4.38,99.06,33.56,33.87,0,Non-Anemic
13.0,4.77,76.32,27.26,35.67,2,Compensated Microcytosis
11.9,5.31,67.49,22.45,33.19,1,Anemic
15.18,5.05,88.93,30.04,33.81,0,Non-Anemic
11.7,3.55,98.74,32.93,33.39,1,Anemic
12.88,4.47,91.2,28.78,31.58,0,Non-Anemic
9.3,4.9,54.4,18.97,34.88,1,Anemic
6.9,2.99,66.6,23.04,34.68,1,Anemic
13.7,4.69,83.6,29.2,34.95,0,Non-Anemic
12.16,4.52,79.64,26.89,33.76,2,Compensated Microcytosis
13.6,4.76,82.46,28.57,34.63,0,Non-Anemic
14.2,4.41,92.49,32.22,34.85,0,Non-Anemic
13.2,4.32,89.84,30.57,33.99,0,Non-Anemic
8.4,3.24,79.09,25.94,32.8,1,Anemic
11.8,4.1,84.43,28.79,34.1,1,Anemic
13.3,4.59,87.51,28.95,33.15,0,Non-Anemic
15.33,5.01,89.07,30.58,34.36,2,Compensated Microcytosis
14.3,5.55,77.04,25.8,33.44,2,Compensated Microcytosis
14.3,3.95,112.31,36.17,32.24,0,Non-Anemic
14.48,5.01,80.78,28.9,35.76,2,Compensated Microcytosis
8.2,4.52,53.5,18.18,33.87,1,Anemic
15.8,5.15,92.76,30.7,33.07,0,Non-Anemic
9.5,3.84,72.32,24.74,34.19,1,Anemic
14.1,5.39,75.11,26.18,34.79,2,Compensated Microcytosis
12.1,3.52,98.34,34.38,34.94,0,Non-Anemic
8.2,4.52,53.95,18.15,33.6,1,Anemic
11.5,4.22,78.54,27.25,34.71,1,Anemic
13.3,5.2,76.18,25.55,33.54,2,Compensated Microcytosis
11.8,4.3,82.88,27.42,33.12,1,Anemic
15.65,5.69,75.76,27.54,36.31,0,Non-Anemic
14.2,5.19,81.25,27.34,33.65,0,Non-Anemic
15.2,4.76,93.4,31.93,34.22,0,Non-Anemic
12.6,4.47,81.19,28.19,34.68,2,Compensated Microcytosis
14.4,4.69,84.83,30.72,36.16,0,Non-Anemic
8.7,3.58,74.65,24.29,32.59,1,Anemic
13.9,4.33,98.87,32.11,32.43,2,Compensated Microcytosis
11.8,4.75,71.68,24.87,34.64,1,Anemic
12.0,4.58,77.3,26.21,33.93,1,Anemic
14.2,5.2,79.12,27.35,34.5,2,Compensated Microcytosis
11.1,4.1,83.25,27.07,32.54,1,Anemic
11.6,3.7,94.58,31.38,33.16,1,Anemic
12.5,3.63,104.53,34.46,32.89,1,Anemic
13.14,5.25,72.71,25.0,34.45,2,Compensated Microcytosis
13.2,5.3,76.98,24.87,32.32,2,Compensated Microcytosis
11.8,4.01,85.32,29.39,34.51,1,Anemic
10.3,3.77,76.93,27.3,35.56,1,Anemic
12.9,4.5,87.41,28.69,32.79,0,Non-Anemic
10.5,4.05,73.95,25.92,35.08,1,Anemic
13.96,5.96,67.88,23.45,34.49,2,Compensated Microcytosis
9.5,3.84,70.64,24.76,35.01,1,Anemic
13.6,4.66,88.74,29.17,32.87,0,Non-Anemic
10.8,3.95,83.28,27.31,32.83,1,Anemic
15.7,5.12,91.03,30.69,33.67,0,Non-Anemic
13.59,4.24,96.86,32.07,33.07,2,Compensated Microcytosis
12.7,4.19,88.47,30.28,34.28,1,Anemic
13.9,4.65,83.7,29.9,35.69,0,Non-Anemic
13.7,4.56,90.56,30.07,33.22,0,Non-Anemic
13.6,4.46,89.95,30.46,33.91,0,Non-Anemic
14.9,5.8,74.55,25.72,34.42,2,Compensated Microcytosis
12.92,4.37,82.93,29.56,35.62,2,Compensated Microcytosis
12.2,3.92,89.93,31.16,34.6,0,Non-Anemic
9.1,3.04,87.38,29.93,34.3,1,Anemic
12.66,4.45,80.79,28.48,35.21,2,Compensated Microcytosis
14.6,5.5,73.52,26.58,36.14,2,Compensated Microcytosis
16.2,5.23,91.6,30.94,33.82,0,Non-Anemic
14.3,5.22,80.36,27.43,34.07,0,Non-Anemic
8.5,3.82,65.97,22.22,33.7,1,Anemic
13.6,5.6,70.21,24.25,34.61,2,Compensated Microcytosis
15.1,5.39,83.72,28.05,33.43,2,Compensated Microcytosis
14.1,4.41,93.51,31.95,34.17,0,Non-Anemic
14.9,5.7,79.48,26.15,32.9,2,Compensated Microcytosis
12.6,4.4,85.95,28.67,33.29,1,Anemic
14.45,4.94,84.98,29.23,34.47,0,Non-Anemic
14.39,5.2,78.25,27.64,35.36,0,Non-Anemic
11.4,4.54,74.9,25.13,33.49,1,Anemic
9.7,2.83,102.78,34.3,33.34,1,Anemic
14.2,5.17,84.89,27.5,32.4,0,Non-Anemic
11.9,4.61,75.4,25.85,34.25,1,Anemic
10.8,4.15,81.67,26.05,31.89,1,Anemic
14.04,4.99,82.24,28.16,34.21,0,Non-Anemic
14.6,4.57,96.25,31.95,33.21,0,Non-Anemic
13.7,5.07,78.08,27.05,34.58,2,Compensated Microcytosis
15.79,4.94,91.59,31.96,34.9,0,Non-Anemic
14.65,5.38,82.27,27.22,33.13,2,Compensated Microcytosis
9.9,4.37,70.97,22.66,31.95,1,Anemic
12.6,4.57,82.2,27.6,33.57,1,Anemic
11.9,4.1,84.48,29.04,34.33,1,Anemic
13.1,4.38,84.81,29.93,35.24,0,Non-Anemic
8.4,3.12,79.36,26.96,33.93,1,Anemic
16.79,5.11,98.88,32.87,33.22,2,Compensated Microcytosis
14.3,5.08,85.13,28.12,33.07,0,Non-Anemic
11.8,4.33,83.31,27.28,32.71,1,Anemic
11.4,3.85,88.43,29.58,33.54,1,Anemic
11.9,5.1,72.23,23.35,32.31,1,Anemic
10.9,3.96,81.25,27.5,33.88,1,Anemic
13.71,5.15,79.85,26.6,33.36,2,Compensated Microcytosis
14.4,5.35,78.07,26.93,34.53,2,Compensated Microcytosis
9.3,2.26,123.47,41.15,33.35,1,Anemic
13.4,4.35,91.64,30.84,33.66,0,Non-Anemic
14.4,4.91,87.06,29.33,33.73,0,Non-Anemic
13.0,4.22,86.92,30.84,35.4,0,Non-Anemic
16.1,5.29,91.18,30.47,33.39,0,Non-Anemic
12.5,4.7,79.69,26.56,33.34,1,Anemic
9.5,4.11,67.57,23.13,34.17,1,Anemic
13.1,4.32,89.37,30.34,33.92,0,Non-Anemic
13.98,5.65,73.95,24.76,33.51,2,Compensated Microcytosis
12.78,4.66,78.21,27.44,35.08,0,Non-Anemic
14.0,5.5,75.82,25.44,33.57,2,Compensated Microcytosis
14.2,5.37,75.23,26.46,35.18,2,Compensated Microcytosis
12.4,4.32,84.38,28.69,34.02,0,Non-Anemic
12.2,3.92,96.27,31.11,32.34,1,Anemic
13.49,5.21,76.34,25.92,33.96,2,Compensated Microcytosis
12.8,5.16,72.65,24.79,34.15,2,Compensated Microcytosis
13.0,5.0,78.54,26.0,33.08,2,Compensated Microcytosis
15.33,5.65,80.15,27.14,33.81,0,Non-Anemic
15.31,4.74,93.98,32.31,34.34,2,Compensated Microcytosis
12.0,4.64,77.67,25.83,33.3,2,Compensated Microcytosis
7.3,2.84,74.71,25.72,34.44,1,Anemic
13.2,5.0,74.38,26.42,35.5,2,Compensated Microcytosis
9.5,4.24,63.78,22.44,35.09,1,Anemic
13.2,4.31,92.81,30.59,32.99,0,Non-Anemic
14.12,6.06,69.45,23.3,33.54,2,Compensated Microcytosis
9.3,2.96,88.38,31.43,35.55,1,Anemic
14.63,5.61,72.46,26.07,35.99,2,Compensated Microcytosis
16.3,4.78,98.55,34.1,34.59,0,Non-Anemic
13.7,5.6,75.6,24.47,32.33,2,Compensated Microcytosis
13.6,5.04,78.2,27.02,34.49,2,Compensated Microcytosis
11.6,3.84,90.46,30.21,33.38,1,Anemic
12.0,3.84,96.49,31.29,32.41,1,Anemic
11.0,5.3,60.21,20.74,34.48,1,Anemic
11.9,3.92,92.46,30.37,32.81,1,Anemic
15.2,5.8,83.34,26.2,31.45,2,Compensated Microcytosis
11.1,4.1,75.69,27.04,35.72,1,Anemic
10.8,3.95,83.4,27.34,32.8,1,Anemic
7.0,4.21,49.25,16.62,33.74,1,Anemic
6.9,1.92,102.39,35.92,35.1,1,Anemic
14.8,4.41,99.71,33.6,33.64,0,Non-Anemic
13.9,4.39,92.45,31.64,34.25,0,Non-Anemic
13.4,6.9,59.12,19.43,32.83,2,Compensated Microcytosis
15.75,4.89,96.03,32.2,33.56,2,Compensated Microcytosis
13.0,4.41,90.29,29.44,32.65,0,Non-Anemic
12.9,4.73,79.34,27.28,34.37,0,Non-Anemic
13.7,5.17,79.59,26.5,33.28,2,Compensated Microcytosis
12.7,4.87,80.9,26.1,32.22,2,Compensated Microcytosis
10.9,4.22,78.13,25.85,33.03,1,Anemic
13.4,4.81,85.31,27.87,32.63,2,Compensated Microcytosis
13.3,4.72,82.77,28.2,34.06,0,Non-Anemic
14.3,5.55,73.6,25.78,35.01,2,Compensated Microcytosis
13.5,4.74,85.14,28.48,33.49,0,Non-Anemic
16.4,5.91,82.09,27.74,33.84,2,Compensated Microcytosis
11.3,3.56,96.85,31.75,32.8,1,Anemic
16.7,5.18,96.44,32.24,33.39,0,Non-Anemic
10.0,5.59,52.76,17.91,33.93,1,Anemic
17.0,5.95,81.69,28.59,34.98,0,Non-Anemic
14.8,4.92,91.83,30.09,32.74,2,Compensated Microcytosis
12.6,4.36,86.71,28.87,33.32,1,Anemic
7.8,3.96,55.56,19.71,35.46,1,Anemic
14.9,5.7,75.63,26.1,34.58,2,Compensated Microcytosis
13.6,5.6,68.03,24.25,35.73,2,Compensated Microcytosis
11.3,4.18,80.05,27.07,33.76,1,Anemic
9.3,4.76,53.02,19.56,36.85,1,Anemic
12.86,5.0,73.26,25.7,35.12,2,Compensated Microcytosis
14.5,5.7,76.26,25.47,33.36,2,Compensated Microcytosis
13.5,5.85,64.35,23.08,35.87,2,Compensated Microcytosis
11.1,3.95,81.65,28.09,34.45,1,Anemic
10.5,3.8,84.8,27.65,32.57,1,Anemic
14.27,5.08,80.37,28.11,34.94,2,Compensated Microcytosis
8.6,4.99,49.62,17.27,34.68,1,Anemic
13.95,5.4,79.11,25.84,32.66,2,Compensated Microcytosis
14.73,5.27,81.83,27.92,34.16,0,Non-Anemic
12.5,4.13,92.14,30.23,32.85,0,Non-Anemic
12.5,4.7,79.42,26.57,33.48,1,Anemic
14.23,4.91,90.6,28.98,31.99,2,Compensated Microcytosis
12.9,3.99,93.79,32.32,34.43,1,Anemic
13.5,5.1,78.69,26.49,33.62,2,Compensated Microcytosis
9.3,4.76,55.39,19.54,35.29,1,Anemic
11.4,4.47,76.15,25.5,33.46,1,Anemic
9.2,3.75,71.09,24.51,34.53,1,Anemic
12.8,5.64,63.51,22.69,35.75,1,Anemic
11.5,4.44,79.72,25.93,32.52,1,Anemic
13.41,4.82,79.47,27.8,35.03,2,Compensated Microcytosis
12.3,4.35,83.3,28.24,33.98,1,Anemic
12.19,5.16,72.25,23.61,32.66,2,Compensated Microcytosis
14.2,5.34,79.07,26.62,33.64,2,Compensated Microcytosis
11.2,4.41,74.17,25.39,34.23,1,Anemic
14.15,4.88,84.39,29.0,34.38,0,Non-Anemic
14.8,5.08,89.8,29.17,32.41,0,Non-Anemic
11.5,4.77,71.21,24.14,33.86,1,Anemic
14.5,4.88,88.7,29.68,33.54,0,Non-Anemic
4.2,1.91,64.14,21.96,34.29,1,Anemic
13.95,5.78,73.62,24.17,32.75,2,Compensated Microcytosis
14.4,5.34,74.47,26.97,36.21,2,Compensated Microcytosis
13.9,5.59,76.23,24.83,32.65,2,Compensated Microcytosis
13.1,4.27,88.02,30.68,34.84,0,Non-Anemic
12.6,4.57,78.06,27.54,35.36,0,Non-Anemic
13.84,4.67,86.43,29.67,34.32,0,Non-Anemic
12.6,4.08,87.31,30.92,35.41,2,Compensated Microcytosis
9.8,4.35,64.5,22.51,34.94,1,Anemic
15.0,5.08,94.07,29.51,31.39,0,Non-Anemic
12.3,4.27,82.2,28.79,35.06,0,Non-Anemic
9.5,3.51,78.89,27.04,34.35,1,Anemic
12.9,4.0,92.43,32.22,34.89,2,Compensated Microcytosis
12.9,4.0,92.84,32.22,34.75,2,Compensated Microcytosis
13.0,4.57,83.2,28.47,34.19,0,Non-Anemic
12.6,4.98,75.51,25.29,33.5,2,Compensated Microcytosis
16.81,6.07,82.14,27.71,33.72,0,Non-Anemic
16.8,5.35,91.92,31.41,34.17,0,Non-Anemic
16.11,5.79,78.59,27.86,35.42,2,Compensated Microcytosis
10.8,3.15,102.0,34.25,33.63,1,Anemic
14.1,5.16,85.7,27.33,31.86,0,Non-Anemic
14.34,5.15,80.0,27.83,34.81,0,Non-Anemic
12.4,4.48,78.96,27.68,35.04,0,Non-Anemic
13.5,5.1,76.4,26.46,34.68,2,Compensated Microcytosis
13.7,5.6,74.35,24.49,32.87,2,Compensated Microcytosis
14.8,4.92,95.96,30.09,31.31,0,Non-Anemic
12.5,3.8,95.87,32.92,34.26,1,Anemic
11.0,4.22,76.84,26.06,33.93,1,Anemic
17.05,4.92,102.87,34.67,33.68,0,Non-Anemic
9.9,4.43,70.25,22.33,31.8,1,Anemic
14.75,4.29,105.68,34.34,32.49,0,Non-Anemic
11.9,4.32,79.14,27.51,34.82,1,Anemic
10.5,3.1,101.84,33.86,33.25,1,Anemic
15.47,5.07,86.04,30.49,35.51,0,Non-Anemic
12.25,5.08,71.6,24.08,33.65,2,Compensated Microcytosis
13.1,4.76,81.07,27.51,33.97,0,Non-Anemic
12.0,4.83,71.79,24.88,34.66,1,Anemic
12.0,4.01,88.7,29.91,33.72,1,Anemic
10.4,3.7,82.13,28.1,34.25,1,Anemic
8.5,4.4,55.18,19.35,35.01,1,Anemic
9.8,5.19,53.92,18.88,35.0,1,Anemic
13.8,4.55,89.53,30.3,33.86,2,Compensated Microcytosis
12.38,4.67,74.47,26.48,35.58,2,Compensated Microcytosis
14.2,4.99,79.5,28.42,35.82,0,Non-Anemic
14.8,5.3,82.73,27.96,33.73,2,Compensated Microcytosis
7.7,2.53,88.16,30.41,34.48,1,Anemic
12.6,4.21,83.29,29.96,35.89,1,Anemic
10.6,3.37,85.08,31.48,37.0,1,Anemic
7.3,3.99,53.86,18.27,34.0,1,Anemic
17.5,5.54,89.47,31.56,35.33,0,Non-Anemic
10.7,4.56,70.16,23.47,33.43,1,Anemic
14.3,4.3,97.3,33.29,34.15,0,Non-Anemic
13.3,4.67,82.73,28.51,34.46,0,Non-Anemic
10.7,3.99,76.88,26.84,34.87,1,Anemic
14.81,4.85,89.18,30.53,34.19,0,Non-Anemic
11.3,4.18,80.67,27.04,33.5,1,Anemic
16.76,5.47,91.29,30.61,33.53,2,Compensated Microcytosis
15.41,4.94,92.35,31.23,33.81,0,Non-Anemic
15.01,5.12,85.66,29.3,34.25,0,Non-Anemic
13.7,4.68,82.8,29.24,35.38,0,Non-Anemic
13.1,5.08,81.17,25.76,31.79,2,Compensated Microcytosis
14.41,4.53,90.5,31.85,35.15,2,Compensated Microcytosis
13.16,4.32,95.09,30.48,32.01,2,Compensated Microcytosis
14.38,4.37,94.62,32.91,34.78,2,Compensated Microcytosis
11.3,4.38,75.81,25.8,34.05,1,Anemic
15.0,4.21,107.76,35.59,33.11,2,Compensated Microcytosis
11.0,4.31,74.59,25.55,34.25,1,Anemic
4.82,3.2,43.54,15.04,34.57,1,Anemic
14.38,5.84,68.84,24.61,35.74,2,Compensated Microcytosis
16.59,5.37,86.62,30.92,35.65,0,Non-Anemic
11.9,4.29,80.27,27.7,34.56,1,Anemic
15.71,5.28,88.18,29.76,33.76,0,Non-Anemic
16.29,5.17,87.69,31.52,35.96,2,Compensated Microcytosis
12.1,4.82,73.51,25.07,34.1,2,Compensated Microcytosis
13.8,4.99,77.6,27.68,35.6,0,Non-Anemic
9.3,4.36,67.86,21.31,31.39,1,Anemic
11.1,3.71,84.78,29.88,35.3,1,Anemic
16.49,5.11,91.99,32.3,35.09,2,Compensated Microcytosis
14.62,6.1,71.2,23.97,33.69,2,Compensated Microcytosis
14.4,4.34,95.95,33.18,34.58,0,Non-Anemic
14.7,5.4,78.4,27.2,34.75,2,Compensated Microcytosis
14.5,5.11,86.03,28.4,32.96,0,Non-Anemic
10.5,4.02,74.78,26.08,34.91,1,Anemic
12.8,5.46,69.47,23.45,33.78,2,Compensated Microcytosis
14.0,5.26,80.2,26.59,33.21,2,Compensated Microcytosis
10.1,3.81,77.71,26.48,34.1,1,Anemic
12.7,5.03,70.98,25.25,35.55,2,Compensated Microcytosis
13.1,4.1,94.44,31.96,33.84,0,Non-Anemic
13.2,5.09,80.79,25.91,32.1,2,Compensated Microcytosis
14.0,4.67,93.64,29.99,32.02,0,Non-Anemic
16.88,5.85,88.41,28.86,32.63,2,Compensated Microcytosis
8.9,3.82,69.56,23.31,33.51,1,Anemic
14.86,4.33,99.07,34.33,34.6,2,Compensated Microcytosis
10.4,3.7,82.39,28.08,34.12,1,Anemic
12.2,4.11,84.91,29.64,34.94,1,Anemic
10.5,3.68,79.73,28.53,35.83,1,Anemic
15.7,5.3,86.97,29.65,34.06,0,Non-Anemic
14.2,5.2,81.99,27.33,33.3,0,Non-Anemic
14.7,5.24,80.45,28.05,34.89,0,Non-Anemic
14.24,4.9,90.41,29.02,32.17,0,Non-Anemic
10.3,2.77,109.05,37.21,34.11,1,Anemic
13.7,4.23,95.99,32.38,33.69,2,Compensated Microcytosis
14.6,5.02,84.02,29.11,34.65,0,Non-Anemic
13.0,5.2,69.63,25.01,35.91,2,Compensated Microcytosis
14.66,5.3,73.11,27.64,37.85,0,Non-Anemic
10.5,4.13,76.38,25.42,33.3,1,Anemic
11.0,3.82,84.95,28.82,33.88,1,Anemic
9.1,2.88,92.31,31.62,34.26,1,Anemic
14.8,5.11,81.99,28.97,35.28,2,Compensated Microcytosis
12.3,4.89,77.74,25.13,32.32,1,Anemic
12.0,4.7,76.56,25.56,33.37,2,Compensated Microcytosis
12.4,4.64,72.48,26.69,36.85,2,Compensated Microcytosis
9.6,5.05,55.01,18.99,34.55,1,Anemic
13.1,4.63,83.75,28.29,33.75,0,Non-Anemic
10.3,3.77,79.87,27.33,34.26,1,Anemic
13.8,4.08,99.6,33.84,33.95,0,Non-Anemic
14.3,5.22,82.27,27.43,33.34,2,Compensated Microcytosis
10.8,4.53,63.18,23.86,37.77,1,Anemic
12.0,3.78,89.7,31.78,35.37,1,Anemic
13.4,3.85,95.49,34.77,36.48,2,Compensated Microcytosis
15.7,4.93,96.26,31.86,33.04,0,Non-Anemic
7.4,4.4,49.42,16.8,34.08,1,Anemic
10.7,4.56,66.96,23.48,35.07,1,Anemic
12.9,4.48,86.8,28.77,33.14,1,Anemic
10.2,3.44,87.53,29.67,33.9,1,Anemic
16.5,5.47,85.29,30.19,35.35,0,Non-Anemic
14.2,5.15,81.77,27.61,33.73,0,Non-Anemic
14.46,5.55,79.75,26.09,32.67,2,Compensated Microcytosis
13.3,4.18,96.67,31.79,32.95,0,Non-Anemic
14.2,5.2,78.46,27.33,34.78,2,Compensated Microcytosis
13.5,5.1,74.04,26.47,35.73,2,Compensated Microcytosis
12.5,4.8,80.24,26.0,32.42,2,Compensated Microcytosis
16.0,4.84,100.65,33.04,32.86,0,Non-Anemic
13.3,5.25,75.78,25.36,33.42,2,Compensated Microcytosis
12.4,5.07,72.15,24.46,33.94,2,Compensated Microcytosis
11.7,4.1,87.95,28.56,32.41,1,Anemic
14.5,5.9,70.9,24.62,34.67,2,Compensated Microcytosis
12.26,5.31,67.88,23.07,34.01,2,Compensated Microcytosis
13.0,4.59,83.89,28.33,33.78,0,Non-Anemic
14.8,4.68,92.98,31.66,34.04,2,Compensated Microcytosis
13.9,4.82,81.48,28.83,35.38,0,Non-Anemic
10.5,3.8,84.41,27.64,32.74,1,Anemic
9.3,3.85,66.37,24.16,36.39,1,Anemic
16.4,5.4,86.54,30.36,35.08,0,Non-Anemic
13.7,4.52,91.68,30.29,33.07,0,Non-Anemic
13.1,4.6,83.38,28.46,34.12,0,Non-Anemic
13.4,3.85,101.44,34.79,34.33,2,Compensated Microcytosis
11.4,4.26,82.89,26.77,32.26,1,Anemic
13.53,4.81,81.36,28.14,34.61,0,Non-Anemic
12.5,3.63,100.38,34.45,34.3,0,Non-Anemic
14.9,5.22,83.93,28.58,33.97,0,Non-Anemic
13.7,4.52,92.69,30.31,32.68,0,Non-Anemic
9.3,4.72,58.3,19.69,33.85,1,Anemic
12.0,4.7,78.49,25.5,32.52,1,Anemic
12.0,5.27,69.34,22.78,32.82,1,Anemic
12.2,4.6,77.49,26.49,34.26,2,Compensated Microcytosis
12.3,4.6,75.89,26.74,35.22,1,Anemic
12.8,4.3,87.56,29.79,34.0,1,Anemic
16.8,4.95,105.15,33.96,32.26,0,Non-Anemic
11.8,4.2,82.0,28.13,34.23,1,Anemic
14.5,4.74,91.42,30.62,33.49,0,Non-Anemic
11.6,3.82,86.37,30.36,35.12,1,Anemic
9.2,3.34,81.45,27.53,33.85,1,Anemic
11.8,4.19,84.21,28.16,33.43,1,Anemic
12.7,4.8,70.41,26.49,37.59,1,Anemic
15.8,5.31,86.05,29.75,34.58,0,Non-Anemic
12.6,4.17,91.37,30.23,33.08,1,Anemic
9.7,3.52,79.68,27.52,34.55,1,Anemic
13.4,5.12,75.89,26.19,34.47,2,Compensated Microcytosis
9.8,4.97,56.07,19.7,35.18,1,Anemic
13.0,4.14,91.13,31.38,34.5,0,Non-Anemic
11.7,4.66,72.14,25.09,34.83,1,Anemic
16.96,4.94,99.4,34.32,34.55,2,Compensated Microcytosis
11.4,4.57,76.76,24.94,32.47,1,Anemic
11.0,4.24,74.95,25.97,34.64,1,Anemic
13.1,4.78,70.95,27.4,38.64,0,Non-Anemic
11.8,2.94,117.58,40.16,34.16,1,Anemic
17.16,5.32,94.0,32.26,34.3,2,Compensated Microcytosis
14.59,4.96,87.68,29.43,33.53,2,Compensated Microcytosis
11.8,4.1,89.65,28.81,32.09,1,Anemic
9.9,4.39,66.76,22.56,33.82,1,Anemic
12.2,3.82,96.84,31.94,32.97,0,Non-Anemic
13.0,5.0,80.02,26.03,32.46,2,Compensated Microcytosis
14.1,4.99,81.81,28.23,34.58,0,Non-Anemic
15.52,5.17,83.0,29.99,36.12,2,Compensated Microcytosis
12.3,4.5,80.38,27.31,33.99,2,Compensated Microcytosis
12.3,3.8,95.13,32.37,34.02,1,Anemic
16.0,5.31,85.74,30.13,35.13,0,Non-Anemic
15.4,4.89,90.38,31.51,34.89,0,Non-Anemic
15.6,5.96,78.65,26.17,33.29,2,Compensated Microcytosis
10.8,4.31,77.04,25.08,32.56,1,Anemic
13.1,4.63,87.84,28.27,32.2,0,Non-Anemic
13.5,5.3,77.93,25.49,32.73,2,Compensated Microcytosis
11.9,4.05,88.06,29.4,33.36,1,Anemic
11.3,4.45,76.66,25.39,33.15,1,Anemic
15.1,4.8,94.94,31.46,33.08,0,Non-Anemic
12.9,3.68,108.73,35.02,32.24,0,Non-Anemic
7.4,3.94,55.23,18.74,34.05,1,Anemic
13.5,5.0,77.44,27.0,34.86,2,Compensated Microcytosis
14.1,5.39,80.71,26.18,32.44,2,Compensated Microcytosis
10.4,4.58,71.48,22.7,31.77,1,Anemic
12.0,4.4,76.92,27.27,35.5,0,Non-Anemic
5.9,2.55,65.64,23.13,35.27,1,Anemic
13.91,4.85,87.16,28.7,32.89,0,Non-Anemic
12.2,5.96,62.74,20.5,32.6,1,Anemic
13.1,4.16,92.48,31.51,34.09,0,Non-Anemic
15.99,4.95,96.48,32.31,33.47,0,Non-Anemic
12.0,4.4,77.89,27.29,35.04,0,Non-Anemic
11.6,4.43,78.3,26.22,33.42,1,Anemic
7.7,2.53,92.2,30.46,32.99,1,Anemic
12.2,5.36,67.33,22.76,33.83,2,Compensated Microcytosis
7.8,3.96,59.08,19.73,33.32,1,Anemic
15.2,5.33,85.35,28.5,33.4,0,Non-Anemic
12.2,3.62,101.33,33.71,33.28,1,Anemic
15.03,5.08,86.43,29.61,34.28,2,Compensated Microcytosis
13.5,4.87,79.39,27.69,34.95,0,Non-Anemic
10.5,4.54,66.82,23.09,34.6,1,Anemic
13.6,4.66,82.25,29.21,35.45,2,Compensated Microcytosis
13.6,5.6,71.39,24.26,34.02,2,Compensated Microcytosis
10.6,4.43,68.22,23.95,35.09,1,Anemic
11.2,4.22,79.18,26.52,33.56,1,Anemic
9.3,4.62,57.0,20.13,35.36,1,Anemic
12.9,4.06,91.87,31.8,34.58,1,Anemic
12.5,3.45,107.16,36.25,33.77,0,Non-Anemic
15.8,5.59,85.35,28.25,33.15,0,Non-Anemic
11.8,4.1,84.45,28.82,34.09,1,Anemic
12.9,4.69,89.17,27.49,30.86,0,Non-Anemic
15.8,4.7,94.3,33.64,35.68,0,Non-Anemic
12.1,4.4,80.42,27.48,34.22,0,Non-Anemic
14.9,5.54,77.48,26.88,34.75,2,Compensated Microcytosis
16.3,5.09,88.98,31.99,35.97,0,Non-Anemic
10.0,4.54,65.6,22.05,33.53,1,Anemic
8.0,2.89,85.83,27.7,32.25,1,Anemic
15.95,4.74,92.6,33.68,36.37,0,Non-Anemic
12.6,4.08,93.58,30.92,32.98,2,Compensated Microcytosis
16.5,5.2,98.71,31.75,32.19,0,Non-Anemic
16.71,5.15,90.39,32.43,35.94,0,Non-Anemic
13.5,5.5,70.54,24.53,34.79,2,Compensated Microcytosis
12.9,4.11,89.63,31.37,34.97,1,Anemic
13.1,5.08,79.55,25.77,32.46,2,Compensated Microcytosis
17.0,5.89,81.41,28.84,35.42,0,Non-Anemic
14.1,5.12,79.13,27.54,34.77,2,Compensated Microcytosis
14.7,5.5,80.8,26.76,33.03,2,Compensated Microcytosis
16.3,4.91,100.93,33.17,32.88,0,Non-Anemic
5.9,2.37,73.06,24.89,34.11,1,Anemic
14.2,4.68,88.63,30.3,34.27,2,Compensated Microcytosis
13.88,5.55,75.55,25.04,33.09,2,Compensated Microcytosis
14.9,5.87,72.43,25.36,35.08,2,Compensated Microcytosis
15.5,4.94,92.65,31.42,33.81,0,Non-Anemic
14.5,5.21,84.08,27.84,33.14,0,Non-Anemic
15.9,5.89,76.08,26.99,35.54,2,Compensated Microcytosis
13.4,4.76,81.6,28.16,34.51,0,Non-Anemic
15.0,4.99,86.24,30.03,34.9,0,Non-Anemic
15.4,4.93,92.0,31.2,33.92,0,Non-Anemic
14.0,4.41,94.81,31.72,33.47,0,Non-Anemic
14.7,4.62,96.22,31.79,33.04,0,Non-Anemic
16.22,5.13,91.58,31.62,34.52,2,Compensated Microcytosis
9.2,3.34,82.94,27.51,33.21,1,Anemic
14.9,5.87,70.17,25.38,36.14,2,Compensated Microcytosis
15.51,5.5,82.42,28.23,34.22,2,Compensated Microcytosis
13.7,5.6,68.45,24.43,35.75,2,Compensated Microcytosis
12.7,5.2,68.32,24.41,35.74,1,Anemic
13.0,5.36,66.55,24.24,36.44,2,Compensated Microcytosis
14.9,5.7,78.15,26.12,33.45,2,Compensated Microcytosis
12.1,3.97,86.68,30.46,35.14,0,Non-Anemic
15.0,4.72,97.03,31.74,32.74,0,Non-Anemic
15.88,5.18,85.29,30.64,35.92,0,Non-Anemic
15.0,4.76,89.67,31.51,35.19,0,Non-Anemic
14.2,5.2,83.06,27.29,32.86,2,Compensated Microcytosis
10.5,4.33,74.2,24.21,32.66,1,Anemic
14.2,5.89,70.41,24.13,34.27,2,Compensated Microcytosis
13.4,4.69,85.51,28.57,33.4,0,Non-Anemic
14.1,4.7,89.82,29.99,33.36,0,Non-Anemic
10.1,4.72,63.16,21.42,33.84,1,Anemic
9.5,4.24,66.19,22.4,33.88,1,Anemic
10.6,4.89,64.73,21.68,33.47,1,Anemic
11.5,4.14,77.37,27.82,35.93,1,Anemic
15.0,4.46,110.36,33.67,30.51,2,Compensated Microcytosis
17.11,5.81,86.32,29.43,34.11,0,Non-Anemic
14.8,5.41,78.81,27.38,34.7,0,Non-Anemic
12.5,5.94,58.7,21.01,35.86,1,Anemic
12.5,4.33,85.28,28.84,33.88,1,Anemic
12.6,4.34,83.82,29.04,34.64,1,Anemic
13.47,5.27,74.51,25.57,34.28,2,Compensated Microcytosis
13.3,5.1,75.17,26.07,34.7,2,Compensated Microcytosis
12.3,4.66,75.41,26.36,35.01,1,Anemic
7.5,3.88,56.9,19.35,33.96,1,Anemic
14.51,4.6,93.76,31.53,33.67,2,Compensated Microcytosis
13.73,4.93,79.39,27.82,35.12,0,Non-Anemic
11.0,3.74,84.57,29.38,34.82,1,Anemic
13.19,5.04,75.78,26.18,34.51,2,Compensated Microcytosis
16.4,4.9,101.22,33.5,33.07,2,Compensated Microcytosis
14.2,5.23,83.62,27.16,32.51,0,Non-Anemic
13.9,4.74,88.55,29.35,33.11,0,Non-Anemic
14.1,4.81,88.6,29.34,33.04,0,Non-Anemic
14.8,5.44,82.98,27.17,32.79,2,Compensated Microcytosis
12.8,4.9,79.36,26.12,32.92,2,Compensated Microcytosis
14.87,5.34,84.23,27.86,33.09,2,Compensated Microcytosis
15.1,5.11,84.9,29.55,34.8,2,Compensated Microcytosis
13.7,5.0,82.86,27.4,33.09,0,Non-Anemic
12.0,3.9,92.06,30.75,33.39,0,Non-Anemic
16.17,6.06,74.96,26.66,35.57,2,Compensated Microcytosis
15.4,5.22,90.57,29.51,32.56,0,Non-Anemic
15.2,4.32,103.78,35.19,33.91,2,Compensated Microcytosis
13.0,4.54,82.73,28.6,34.63,0,Non-Anemic
13.5,4.54,90.07,29.73,33.0,2,Compensated Microcytosis
9.0,3.01,91.42,29.91,32.71,1,Anemic
12.15,4.65,75.51,26.16,34.61,2,Compensated Microcytosis
10.6,4.43,73.94,23.96,32.35,1,Anemic
13.9,5.45,72.9,25.54,35.01,2,Compensated Microcytosis
9.2,3.34,82.15,27.57,33.51,1,Anemic
16.88,4.86,103.55,34.74,33.59,0,Non-Anemic
12.4,5.31,65.21,23.37,35.79,2,Compensated Microcytosis
13.8,4.45,91.71,30.97,33.82,0,Non-Anemic
13.95,5.68,73.97,24.58,33.21,2,Compensated Microcytosis
14.8,5.07,87.18,29.17,33.5,0,Non-Anemic
8.2,4.11,57.38,19.93,34.77,1,Anemic
12.6,3.91,91.52,32.25,35.25,1,Anemic
14.5,5.2,83.8,27.87,33.23,2,Compensated Microcytosis
10.0,4.66,60.8,21.43,35.32,1,Anemic
9.9,4.41,66.3,22.42,33.8,1,Anemic
14.9,5.84,73.85,25.51,34.55,2,Compensated Microcytosis
14.1,5.09,81.71,27.7,33.95,2,Compensated Microcytosis
11.6,3.86,88.62,30.03,33.91,1,Anemic
13.7,4.62,87.31,29.65,33.98,0,Non-Anemic
13.9,5.8,69.99,23.95,34.29,2,Compensated Microcytosis
12.0,4.4,77.28,27.26,35.27,0,Non-Anemic
10.9,3.96,80.26,27.52,34.27,1,Anemic
14.4,6.08,68.59,23.65,34.56,2,Compensated Microcytosis
13.0,4.56,84.63,28.5,33.66,2,Compensated Microcytosis
16.88,5.43,95.93,31.09,32.38,2,Compensated Microcytosis
12.9,4.5,87.93,28.68,32.59,1,Anemic
11.2,4.53,75.73,24.72,32.62,1,Anemic
12.88,4.73,79.89,27.24,34.12,2,Compensated Microcytosis
12.6,4.5,84.52,28.01,33.13,1,Anemic
14.8,5.3,83.93,27.92,33.27,0,Non-Anemic
12.1,4.73,73.94,25.59,34.56,1,Anemic
13.7,4.88,75.27,28.09,37.28,2,Compensated Microcytosis
12.21,4.45,78.29,27.42,35.08,2,Compensated Microcytosis
15.64,5.76,79.15,27.14,34.27,0,Non-Anemic
13.1,4.82,82.37,27.2,33.01,2,Compensated Microcytosis
14.9,5.7,70.36,26.15,37.12,2,Compensated Microcytosis
15.34,5.1,87.5,30.07,34.43,2,Compensated Microcytosis
13.56,4.32,92.57,31.41,33.94,0,Non-Anemic
9.5,4.65,57.94,20.42,35.23,1,Anemic
11.6,4.82,70.01,24.07,34.34,1,Anemic
14.27,5.25,78.14,27.21,34.75,2,Compensated Microcytosis
15.0,4.76,86.91,31.5,36.28,0,Non-Anemic
10.3,4.48,67.21,22.97,34.22,1,Anemic
12.99,5.36,70.32,24.2,34.43,2,Compensated Microcytosis
15.09,5.58,80.88,27.07,33.42,2,Compensated Microcytosis
13.4,4.92,85.89,27.2,31.73,0,Non-Anemic
13.5,4.54,88.92,29.71,33.4,0,Non-Anemic
14.6,4.94,88.99,29.53,33.2,0,Non-Anemic
13.8,4.8,82.57,28.79,34.84,0,Non-Anemic
13.1,4.93,78.3,26.58,33.95,2,Compensated Microcytosis
14.36,4.97,85.58,28.92,33.75,2,Compensated Microcytosis
14.8,4.76,97.59,31.12,31.89,0,Non-Anemic
12.3,3.9,96.07,31.51,32.87,0,Non-Anemic
15.2,4.75,94.97,31.99,33.71,0,Non-Anemic
12.9,5.03,77.03,25.65,33.29,1,Anemic
15.84,5.01,89.29,31.58,35.42,2,Compensated Microcytosis
15.0,4.4,98.41,34.05,34.61,0,Non-Anemic
14.2,4.64,88.43,30.6,34.62,2,Compensated Microcytosis
14.1,4.07,99.62,34.66,34.79,0,Non-Anemic
14.62,5.08,89.58,28.82,32.14,2,Compensated Microcytosis
11.2,4.87,66.94,23.02,34.35,1,Anemic
12.7,4.32,81.32,29.4,36.12,0,Non-Anemic
11.2,4.6,76.37,24.37,31.87,1,Anemic
12.9,4.74,85.73,27.21,31.78,1,Anemic
9.7,4.55,64.0,21.33,33.33,1,Anemic
7.7,4.58,47.72,16.84,35.18,1,Anemic
15.0,4.64,98.78,32.29,32.72,0,Non-Anemic
15.9,4.75,104.43,33.49,32.04,2,Compensated Microcytosis
10.2,3.58,80.42,28.52,35.45,1,Anemic
15.56,5.12,86.75,30.41,35.02,2,Compensated Microcytosis
16.51,5.41,88.25,30.56,34.57,2,Compensated Microcytosis
13.8,4.41,90.32,31.31,34.6,0,Non-Anemic
11.5,5.02,66.98,22.94,34.21,1,Anemic
12.8,4.47,81.93,28.6,34.98,0,Non-Anemic
13.1,4.47,85.12,29.32,34.43,0,Non-Anemic
15.4,5.28,85.91,29.17,33.94,0,Non-Anemic
8.1,2.25,107.28,35.97,33.54,1,Anemic
9.3,4.44,58.79,20.91,35.66,1,Anemic
13.6,4.85,80.79,28.03,34.74,0,Non-Anemic
12.9,4.36,84.65,29.62,34.94,1,Anemic
13.9,4.85,84.3,28.7,33.96,0,Non-Anemic
12.3,4.11,93.62,29.92,31.99,1,Anemic
12.5,4.7,77.08,26.6,34.5,1,Anemic
11.3,3.89,87.71,29.06,33.09,1,Anemic
15.3,4.89,90.46,31.3,34.61,2,Compensated Microcytosis
10.2,3.67,81.28,27.79,34.18,1,Anemic
11.4,4.04,81.97,28.26,34.44,1,Anemic
10.0,5.59,51.02,17.91,35.1,1,Anemic
16.8,5.64,86.7,29.75,34.4,0,Non-Anemic
12.7,5.3,68.93,23.95,34.73,2,Compensated Microcytosis
13.0,6.67,60.39,19.52,32.3,2,Compensated Microcytosis
12.7,4.9,79.75,25.95,32.5,1,Anemic
13.2,4.75,81.72,27.81,34.01,2,Compensated Microcytosis
17.0,5.49,91.83,30.96,33.69,0,Non-Anemic
12.7,4.8,78.69,26.46,33.67,2,Compensated Microcytosis
9.8,4.4,70.87,22.28,31.39,1,Anemic
14.4,5.12,78.7,28.11,35.72,0,Non-Anemic
13.2,4.36,89.54,30.26,33.84,0,Non-Anemic
13.8,4.7,80.19,29.38,36.61,0,Non-Anemic
12.0,5.17,65.12,23.2,35.61,1,Anemic
12.3,5.27,71.88,23.36,32.48,1,Anemic
15.1,5.33,82.12,28.3,34.46,2,Compensated Microcytosis
16.71,5.88,83.85,28.44,33.89,2,Compensated Microcytosis
11.0,4.21,80.26,26.13,32.59,1,Anemic
12.6,4.8,81.67,26.27,32.18,2,Compensated Microcytosis
14.0,4.24,100.01,33.04,33.01,0,Non-Anemic
14.3,4.23,106.35,33.82,31.82,0,Non-Anemic
13.65,4.4,89.92,31.03,34.53,0,Non-Anemic
16.25,5.4,90.57,30.13,33.22,2,Compensated Microcytosis
9.3,4.5,59.08,20.64,34.93,1,Anemic
15.0,5.18,83.65,28.97,34.62,0,Non-Anemic
16.58,5.87,80.62,28.24,34.99,0,Non-Anemic
12.5,4.61,78.41,27.12,34.55,2,Compensated Microcytosis
13.8,4.95,80.31,27.91,34.68,0,Non-Anemic
14.2,5.29,78.35,26.88,34.24,2,Compensated Microcytosis
13.39,5.29,69.47,25.32,36.4,2,Compensated Microcytosis
10.3,4.11,75.14,25.04,33.37,1,Anemic
13.8,5.3,74.99,26.03,34.7,2,Compensated Microcytosis
15.74,4.82,99.59,32.67,32.81,0,Non-Anemic
11.6,4.1,84.99,28.32,33.27,1,Anemic
9.1,2.88,92.4,31.59,34.18,1,Anemic
14.1,4.61,93.14,30.57,32.81,0,Non-Anemic
14.3,5.17,80.46,27.64,34.4,0,Non-Anemic
14.2,5.2,76.09,27.32,35.86,2,Compensated Microcytosis
15.8,5.93,74.06,26.65,35.97,2,Compensated Microcytosis
14.2,4.79,85.94,29.63,34.5,0,Non-Anemic
13.5,4.35,96.37,31.06,32.17,0,Non-Anemic
8.6,3.73,68.63,23.03,33.6,1,Anemic
10.8,4.53,67.2,23.87,35.46,1,Anemic
13.3,5.39,69.02,24.67,35.7,2,Compensated Microcytosis
12.0,4.4,80.56,27.31,33.83,2,Compensated Microcytosis
9.7,2.83,93.75,34.26,36.58,1,Anemic
12.76,4.3,85.0,29.65,34.89,2,Compensated Microcytosis
14.3,4.68,91.81,30.56,33.28,0,Non-Anemic
14.1,5.16,83.27,27.33,32.8,0,Non-Anemic
15.71,5.72,78.52,27.47,35.01,0,Non-Anemic
15.2,4.86,89.61,31.3,34.89,0,Non-Anemic
15.31,5.61,79.4,27.31,34.35,2,Compensated Microcytosis
13.39,4.37,83.74,30.6,36.58,2,Compensated Microcytosis
11.2,3.94,85.38,28.42,33.29,1,Anemic
14.8,4.72,91.45,31.39,34.27,0,Non-Anemic
11.0,4.28,73.63,25.72,34.93,1,Anemic
11.3,5.11,62.58,22.15,35.39,1,Anemic
14.2,5.02,83.29,28.26,33.94,0,Non-Anemic
14.6,5.4,79.78,27.07,33.9,2,Compensated Microcytosis
13.4,4.93,78.15,27.16,34.81,0,Non-Anemic
13.5,4.61,86.29,29.29,33.94,0,Non-Anemic
13.3,5.1,82.11,26.09,31.75,2,Compensated Microcytosis
11.0,3.59,87.88,30.63,34.87,1,Anemic
12.2,5.36,67.84,22.76,33.54,1,Anemic
15.4,4.8,95.24,32.05,33.72,0,Non-Anemic
13.7,4.56,90.93,30.05,33.07,0,Non-Anemic
11.2,3.84,89.06,29.2,32.72,1,Anemic
12.3,4.47,80.39,27.55,34.22,0,Non-Anemic
15.2,4.74,90.59,32.1,35.41,0,Non-Anemic
11.7,4.77,76.29,24.53,32.18,1,Anemic
11.0,4.31,75.71,25.51,33.7,1,Anemic
13.9,4.7,88.37,29.55,33.5,0,Non-Anemic
13.49,5.21,75.35,25.89,34.34,2,Compensated Microcytosis
14.4,5.03,82.69,28.6,34.61,0,Non-Anemic
11.8,4.86,73.55,24.26,33.03,1,Anemic
14.7,4.51,89.08,32.57,36.6,0,Non-Anemic
14.17,5.53,75.19,25.62,34.07,2,Compensated Microcytosis
13.4,4.61,88.54,29.07,32.83,0,Non-Anemic
13.4,4.26,86.78,31.48,36.23,0,Non-Anemic
9.1,4.25,61.96,21.43,34.54,1,Anemic
10.8,4.04,77.41,26.73,34.57,1,Anemic
13.4,4.76,84.88,28.17,33.16,0,Non-Anemic
13.4,4.65,86.11,28.79,33.45,0,Non-Anemic
14.02,4.67,85.78,30.03,35.04,2,Compensated Microcytosis
14.2,5.82,72.35,24.38,33.72,2,Compensated Microcytosis
15.3,6.09,72.79,25.1,34.51,2,Compensated Microcytosis
15.17,4.85,92.28,31.28,33.9,2,Compensated Microcytosis
12.2,4.6,82.08,26.53,32.34,2,Compensated Microcytosis
10.2,3.44,87.99,29.61,33.69,1,Anemic
12.1,4.79,79.44,25.27,31.81,1,Anemic
5.9,2.37,70.24,24.9,35.42,1,Anemic
12.2,5.65,64.81,21.61,33.26,1,Anemic
13.2,5.5,71.03,24.03,33.82,2,Compensated Microcytosis
14.65,4.33,95.29,33.81,35.54,2,Compensated Microcytosis
11.6,4.82,71.54,24.1,33.67,1,Anemic
13.0,5.0,77.21,26.03,33.65,2,Compensated Microcytosis
11.3,3.56,92.46,31.77,34.32,1,Anemic
14.0,4.59,91.69,30.52,33.26,0,Non-Anemic
11.6,4.4,76.04,26.33,34.67,1,Anemic
15.0,5.8,74.83,25.89,34.57,2,Compensated Microcytosis
10.0,5.64,49.58,17.76,35.8,1,Anemic
8.0,2.71,84.49,29.5,34.93,1,Anemic
13.0,4.87,82.07,26.67,32.55,2,Compensated Microcytosis
10.9,4.03,80.61,27.03,33.59,1,Anemic
13.4,5.12,75.92,26.18,34.45,2,Compensated Microcytosis
13.4,3.24,116.65,41.38,35.42,2,Compensated Microcytosis
10.9,4.94,65.66,22.09,33.61,1,Anemic
13.1,4.56,85.44,28.77,33.63,2,Compensated Microcytosis
11.0,4.0,79.49,27.5,34.62,1,Anemic
14.5,4.47,97.44,32.46,33.27,0,Non-Anemic
10.6,3.37,97.83,31.45,32.17,1,Anemic
13.92,4.49,89.16,31.03,34.76,0,Non-Anemic
13.61,4.52,89.07,30.09,33.84,0,Non-Anemic
11.0,5.37,63.14,20.51,32.47,1,Anemic
13.8,5.4,76.81,25.56,33.28,2,Compensated Microcytosis
14.1,4.92,83.65,28.67,34.29,2,Compensated Microcytosis
15.5,5.55,85.65,27.92,32.6,2,Compensated Microcytosis
15.8,4.93,89.91,32.07,35.69,0,Non-Anemic
12.56,4.81,78.82,26.15,33.14,2,Compensated Microcytosis
14.8,5.17,83.96,28.6,34.05,0,Non-Anemic
10.5,4.13,70.29,25.4,36.17,1,Anemic
11.6,4.64,69.46,25.04,36.03,1,Anemic
11.2,4.12,76.4,27.17,35.62,1,Anemic
12.7,4.93,72.32,25.74,35.61,2,Compensated Microcytosis
11.9,4.93,69.58,24.14,34.72,1,Anemic
13.4,5.71,69.57,23.5,33.73,2,Compensated Microcytosis
12.6,5.59,65.47,22.54,34.44,1,Anemic
15.0,4.98,90.28,30.09,33.35,0,Non-Anemic
13.53,5.38,71.9,25.12,34.97,2,Compensated Microcytosis
12.2,5.03,73.91,24.28,32.84,2,Compensated Microcytosis
16.0,5.46,83.08,29.28,35.3,0,Non-Anemic
10.6,3.71,85.88,28.6,33.23,1,Anemic
14.4,4.88,87.75,29.51,33.63,0,Non-Anemic
13.8,4.79,82.75,28.84,34.78,2,Compensated Microcytosis
12.0,3.5,99.94,34.26,34.34,1,Anemic
16.0,5.26,90.23,30.39,33.73,0,Non-Anemic
14.5,5.35,84.23,27.12,32.2,2,Compensated Microcytosis
9.4,3.93,69.44,23.92,34.5,1,Anemic
15.0,4.82,90.72,31.08,34.25,0,Non-Anemic
14.2,5.2,83.66,27.32,32.63,0,Non-Anemic
16.0,5.5,83.84,29.1,34.71,0,Non-Anemic
10.6,3.54,86.89,29.91,34.45,1,Anemic
14.4,4.62,91.21,31.2,34.2,0,Non-Anemic
13.61,5.01,78.35,27.13,34.65,2,Compensated Microcytosis
12.9,6.05,60.49,21.33,35.24,1,Anemic
13.6,5.6,73.81,24.27,32.91,2,Compensated Microcytosis
12.5,4.62,83.26,27.04,32.5,2,Compensated Microcytosis
16.2,4.73,103.86,34.24,32.98,0,Non-Anemic
6.2,2.56,69.32,24.22,34.92,1,Anemic
13.8,4.79,94.12,28.84,30.56,2,Compensated Microcytosis
11.4,4.26,84.16,26.73,31.82,1,Anemic
11.2,3.94,82.38,28.39,34.51,1,Anemic
14.3,4.77,87.31,30.02,34.32,0,Non-Anemic
14.68,4.83,92.7,30.36,32.76,2,Compensated Microcytosis
14.05,5.14,79.01,27.35,34.59,2,Compensated Microcytosis
10.7,4.43,72.39,24.15,33.42,1,Anemic
13.6,4.7,85.15,28.92,33.95,0,Non-Anemic
10.3,5.29,54.06,19.5,36.02,1,Anemic
13.4,4.46,88.99,30.04,33.76,0,Non-Anemic
13.2,4.96,79.71,26.6,33.33,2,Compensated Microcytosis
14.39,5.22,81.8,27.55,33.69,0,Non-Anemic
15.0,5.8,77.23,25.84,33.44,2,Compensated Microcytosis
16.9,5.74,90.38,29.44,32.62,0,Non-Anemic
11.1,3.51,86.33,31.63,36.63,1,Anemic
14.2,5.2,76.31,27.29,35.76,2,Compensated Microcytosis
11.2,3.7,87.42,30.27,34.64,1,Anemic
14.2,4.77,92.67,29.75,32.1,0,Non-Anemic
14.82,4.74,92.5,31.27,33.81,2,Compensated Microcytosis
11.2,5.14,65.52,21.8,33.29,1,Anemic
9.0,3.8,70.77,23.69,33.45,1,Anemic
10.2,4.68,66.27,21.79,32.85,1,Anemic
13.0,4.37,86.36,29.76,34.45,0,Non-Anemic
12.2,4.98,70.27,24.53,34.9,2,Compensated Microcytosis
13.6,5.35,75.02,25.41,33.92,2,Compensated Microcytosis
12.34,4.9,68.97,25.22,36.47,2,Compensated Microcytosis
12.7,4.9,71.11,25.91,36.45,2,Compensated Microcytosis
11.5,4.51,73.6,25.49,34.64,1,Anemic
15.9,5.07,90.72,31.39,34.6,0,Non-Anemic
11.6,4.11,78.83,28.2,35.81,1,Anemic
11.8,4.7,76.21,25.08,32.94,1,Anemic
13.5,5.5,73.35,24.58,33.48,2,Compensated Microcytosis
13.0,4.39,87.72,29.63,33.77,0,Non-Anemic
16.6,5.66,86.42,29.31,33.91,0,Non-Anemic
15.1,5.19,82.39,29.12,35.33,2,Compensated Microcytosis
14.82,5.71,78.68,25.98,32.95,2,Compensated Microcytosis
10.6,4.7,67.55,22.54,33.4,1,Anemic
14.6,5.42,80.19,26.92,33.58,2,Compensated Microcytosis
13.3,4.93,79.23,27.01,34.07,2,Compensated Microcytosis
14.6,4.98,89.01,29.3,32.97,0,Non-Anemic
14.6,4.79,84.78,30.46,35.94,0,Non-Anemic
13.2,5.09,75.58,25.91,34.29,2,Compensated Microcytosis
10.5,3.51,92.03,29.9,32.52,1,Anemic
13.0,4.64,81.0,28.02,34.58,0,Non-Anemic
13.72,4.23,96.43,32.42,33.62,0,Non-Anemic
11.8,4.34,81.05,27.19,33.53,1,Anemic
11.3,4.21,78.26,26.83,34.27,1,Anemic
13.0,3.99,91.71,32.59,35.53,0,Non-Anemic
15.7,5.11,91.61,30.75,33.5,0,Non-Anemic
11.8,4.37,79.9,26.98,33.77,1,Anemic
7.2,3.62,57.72,19.85,34.46,1,Anemic
9.9,4.4,66.7,22.54,33.7,1,Anemic
13.3,4.92,80.53,27.06,33.54,2,Compensated Microcytosis
15.0,4.46,97.62,33.6,34.45,2,Compensated Microcytosis
10.4,4.71,64.88,22.07,34.01,1,Anemic
13.4,6.9,58.12,19.44,33.39,2,Compensated Microcytosis
11.9,4.56,76.21,26.12,34.26,1,Anemic
8.7,3.59,70.15,24.26,34.53,1,Anemic
11.4,4.54,71.71,25.15,35.06,1,Anemic
10.3,3.34,91.2,30.86,33.86,1,Anemic
15.2,4.74,96.19,32.04,33.34,0,Non-Anemic
12.5,4.46,84.56,28.06,33.14,1,Anemic
14.7,5.33,81.61,27.58,33.77,0,Non-Anemic
12.6,4.33,86.3,29.06,33.71,2,Compensated Microcytosis
13.0,4.86,75.6,26.76,35.37,2,Compensated Microcytosis
15.6,5.93,77.51,26.3,33.92,2,Compensated Microcytosis
13.3,4.95,79.67,26.83,33.69,2,Compensated Microcytosis
12.96,5.09,77.83,25.47,32.75,2,Compensated Microcytosis
13.8,4.74,85.21,29.12,34.21,2,Compensated Microcytosis
14.0,5.55,71.54,25.22,35.26,2,Compensated Microcytosis
14.9,5.23,81.6,28.52,34.88,2,Compensated Microcytosis
9.4,3.99,68.1,23.55,34.56,1,Anemic
10.9,4.36,80.64,25.02,31.01,1,Anemic
12.67,4.6,80.8,27.53,34.1,0,Non-Anemic
10.8,3.95,80.09,27.31,34.15,1,Anemic
14.58,4.81,85.24,30.32,35.54,2,Compensated Microcytosis
16.0,5.84,80.51,27.4,34.01,0,Non-Anemic
14.1,4.51,92.09,31.29,33.91,0,Non-Anemic
16.0,5.34,83.4,29.94,35.91,0,Non-Anemic
13.8,4.43,95.99,31.12,32.42,0,Non-Anemic
14.49,4.7,97.08,30.83,31.73,2,Compensated Microcytosis
15.4,5.09,86.6,30.27,34.93,0,Non-Anemic
9.8,3.72,74.75,26.34,35.22,1,Anemic
11.1,3.85,79.74,28.87,36.11,1,Anemic
10.3,2.77,109.0,37.22,34.12,1,Anemic
12.9,4.36,84.15,29.55,35.15,0,Non-Anemic
13.5,4.31,94.16,31.29,33.31,0,Non-Anemic
12.43,5.26,68.07,23.63,34.71,2,Compensated Microcytosis
8.3,4.48,54.42,18.53,34.01,1,Anemic
12.3,3.8,88.13,32.36,36.71,1,Anemic
14.1,4.57,89.37,30.86,34.5,0,Non-Anemic
14.6,5.17,84.22,28.2,33.56,0,Non-Anemic
8.0,2.71,88.74,29.51,33.26,1,Anemic
10.9,4.03,79.37,27.03,34.09,1,Anemic
7.3,2.77,75.63,26.31,34.88,1,Anemic
12.6,4.5,83.25,28.03,33.59,0,Non-Anemic
14.2,5.34,79.11,26.63,33.62,2,Compensated Microcytosis
15.1,5.11,83.45,29.54,35.43,0,Non-Anemic
10.2,3.8,78.95,26.86,34.03,1,Anemic
15.68,5.7,81.85,27.51,33.65,0,Non-Anemic
12.4,5.26,67.51,23.57,34.91,2,Compensated Microcytosis
13.0,5.14,71.38,25.29,35.42,2,Compensated Microcytosis
13.4,4.43,87.21,30.23,34.72,0,Non-Anemic
16.0,5.3,94.35,30.19,31.97,0,Non-Anemic
13.1,5.01,75.73,26.14,34.5,2,Compensated Microcytosis
13.95,5.3,76.05,26.3,34.58,2,Compensated Microcytosis
14.3,4.8,86.52,29.8,34.45,2,Compensated Microcytosis
11.3,4.47,71.68,25.31,35.29,1,Anemic
10.0,4.71,65.02,21.25,32.69,1,Anemic
12.4,3.94,98.19,31.46,32.06,1,Anemic
15.3,4.7,100.75,32.56,32.35,0,Non-Anemic
13.8,5.5,73.96,25.08,33.93,2,Compensated Microcytosis
13.5,5.17,76.98,26.12,33.92,2,Compensated Microcytosis
14.4,5.63,75.98,25.58,33.64,2,Compensated Microcytosis
9.7,4.55,64.43,21.29,33.06,1,Anemic
15.66,5.34,86.8,29.33,33.76,2,Compensated Microcytosis
13.7,4.62,85.69,29.65,34.63,2,Compensated Microcytosis
8.4,3.24,79.67,25.92,32.54,1,Anemic
11.9,4.47,76.11,26.61,35.0,1,Anemic
14.0,5.6,76.51,25.03,32.67,2,Compensated Microcytosis
13.9,4.42,84.83,31.43,37.1,0,Non-Anemic
10.8,3.9,77.42,27.73,35.77,1,Anemic
12.6,5.37,68.89,23.45,34.09,2,Compensated Microcytosis
13.4,4.76,83.25,28.18,33.8,0,Non-Anemic
11.6,4.32,74.35,26.86,36.08,1,Anemic
13.7,4.31,92.17,31.77,34.47,2,Compensated Microcytosis
11.5,4.2,81.4,27.39,33.62,1,Anemic
13.0,4.12,89.72,31.53,35.21,0,Non-Anemic
12.6,4.67,84.01,27.0,32.09,2,Compensated Microcytosis
12.5,4.46,79.82,28.05,35.14,0,Non-Anemic
13.97,6.07,68.48,22.99,33.59,2,Compensated Microcytosis
13.45,4.92,74.04,27.34,36.9,0,Non-Anemic
12.79,4.75,78.06,26.95,34.5,2,Compensated Microcytosis
10.9,4.45,68.95,24.47,35.55,1,Anemic
15.47,5.02,88.05,30.79,34.99,2,Compensated Microcytosis
11.7,4.5,78.24,25.99,33.2,1,Anemic
13.4,4.61,77.1,29.07,37.7,0,Non-Anemic
14.1,4.99,78.65,28.28,35.87,0,Non-Anemic
16.91,5.08,98.3,33.27,33.86,0,Non-Anemic
13.9,5.31,74.18,26.21,35.32,2,Compensated Microcytosis
13.1,4.79,80.7,27.36,33.91,0,Non-Anemic
11.7,4.06,84.52,28.78,34.08,1,Anemic
9.9,4.05,70.92,24.44,34.5,1,Anemic
9.3,3.31,84.06,28.1,33.44,1,Anemic
12.3,4.99,71.93,24.65,34.3,1,Anemic
15.07,5.94,71.9,25.37,35.33,2,Compensated Microcytosis
14.4,5.7,74.88,25.28,33.69,2,Compensated Microcytosis
10.9,4.91,60.97,22.2,36.43,1,Anemic
11.2,3.82,87.88,29.31,33.39,1,Anemic
13.64,4.67,85.11,29.21,34.28,2,Compensated Microcytosis
14.93,5.62,83.97,26.6,31.66,2,Compensated Microcytosis
13.4,5.08,79.02,26.35,33.36,2,Compensated Microcytosis
14.9,4.8,84.48,31.04,36.77,0,Non-Anemic
11.3,3.96,81.91,28.56,34.79,1,Anemic
14.4,4.82,87.01,29.91,34.35,2,Compensated Microcytosis
14.75,5.23,82.12,28.18,34.33,0,Non-Anemic
10.0,4.71,60.48,21.22,35.09,1,Anemic
14.08,5.89,66.76,23.9,35.78,2,Compensated Microcytosis
13.4,4.35,89.1,30.78,34.55,0,Non-Anemic
12.0,3.9,96.24,30.74,32.0,0,Non-Anemic
14.7,5.4,74.72,27.22,36.44,2,Compensated Microcytosis
14.5,4.66,99.28,31.11,31.34,0,Non-Anemic
12.95,4.27,94.77,30.3,32.04,0,Non-Anemic
13.2,5.0,84.26,26.43,31.37,2,Compensated Microcytosis
14.1,4.82,88.86,29.25,32.94,0,Non-Anemic
15.6,5.16,82.9,30.27,36.44,2,Compensated Microcytosis
11.8,4.1,86.48,28.77,33.3,1,Anemic
15.2,4.32,102.05,35.17,34.51,2,Compensated Microcytosis
13.8,5.03,77.27,27.42,35.47,2,Compensated Microcytosis
12.7,4.8,75.67,26.47,34.96,1,Anemic
14.6,4.55,91.96,32.09,34.88,0,Non-Anemic
9.8,4.84,58.32,20.24,34.72,1,Anemic
13.7,5.21,74.26,26.26,35.43,2,Compensated Microcytosis
11.0,5.07,63.16,21.73,34.33,1,Anemic
11.1,3.51,99.6,31.6,31.73,1,Anemic
14.0,5.5,73.85,25.46,34.47,2,Compensated Microcytosis
15.15,5.75,77.87,26.39,33.85,2,Compensated Microcytosis
14.8,5.48,77.39,27.03,34.9,2,Compensated Microcytosis
14.9,5.22,88.08,28.56,32.43,0,Non-Anemic
13.6,4.89,90.91,27.85,30.59,0,Non-Anemic
13.2,4.75,79.26,27.77,35.07,2,Compensated Microcytosis
17.7,5.65,96.76,31.34,32.38,0,Non-Anemic
12.7,5.01,81.79,25.37,31.04,2,Compensated Microcytosis
12.5,4.46,84.05,28.0,33.38,1,Anemic
12.4,3.99,92.08,31.05,33.73,1,Anemic
16.7,5.09,91.77,32.82,35.71,0,Non-Anemic
11.3,4.27,78.0,26.44,33.95,1,Anemic
10.2,3.58,88.59,28.48,32.19,1,Anemic
12.0,4.33,81.73,27.73,33.92,1,Anemic
15.4,4.77,93.98,32.3,34.35,0,Non-Anemic
12.8,4.92,74.35,26.05,35.0,1,Anemic
14.7,5.01,88.09,29.35,33.34,0,Non-Anemic
13.51,4.97,77.22,27.17,35.16,2,Compensated Microcytosis
13.1,4.25,96.05,30.86,32.12,0,Non-Anemic
11.8,4.28,78.97,27.6,34.86,1,Anemic
11.6,5.2,63.86,22.3,34.93,1,Anemic
16.2,5.94,80.62,27.3,33.8,0,Non-Anemic
15.8,5.4,83.08,29.23,35.21,0,Non-Anemic
12.7,4.62,84.86,27.5,32.39,0,Non-Anemic
14.85,5.5,76.49,27.03,35.3,2,Compensated Microcytosis
15.0,4.97,99.98,30.15,30.2,0,Non-Anemic
11.3,4.05,81.48,27.9,34.26,1,Anemic
12.5,4.66,73.66,26.79,36.46,2,Compensated Microcytosis
14.7,5.5,83.85,26.72,31.84,2,Compensated Microcytosis
14.6,5.13,81.29,28.43,35.04,0,Non-Anemic
15.3,5.21,86.64,29.39,33.92,0,Non-Anemic
14.7,5.92,72.18,24.86,34.41,2,Compensated Microcytosis
12.29,5.24,71.82,23.49,32.69,2,Compensated Microcytosis
17.01,5.87,84.16,28.98,34.43,2,Compensated Microcytosis
15.1,4.98,92.85,30.3,32.64,0,Non-Anemic
12.3,5.26,70.51,23.42,33.12,2,Compensated Microcytosis
17.0,5.55,87.44,30.67,35.05,0,Non-Anemic
15.89,5.38,86.97,29.54,33.98,0,Non-Anemic
14.8,5.08,88.99,29.13,32.77,2,Compensated Microcytosis
13.7,5.17,75.85,26.47,34.92,2,Compensated Microcytosis
13.7,4.73,82.41,28.98,35.18,0,Non-Anemic
9.3,4.76,54.86,19.56,35.59,1,Anemic
12.3,3.95,88.23,31.16,35.29,1,Anemic
13.8,5.5,76.22,25.12,32.92,2,Compensated Microcytosis
9.4,3.99,72.8,23.52,32.32,1,Anemic
12.1,4.52,77.57,26.8,34.46,1,Anemic
12.37,4.66,78.57,26.54,33.81,2,Compensated Microcytosis
9.0,3.17,90.28,28.41,31.41,1,Anemic
17.0,5.88,80.32,28.88,35.99,0,Non-Anemic
16.48,5.05,96.97,32.65,33.66,0,Non-Anemic
10.9,4.22,80.09,25.85,32.23,1,Anemic
11.1,5.4,57.11,20.58,35.99,1,Anemic
17.5,4.74,108.77,36.95,33.93,2,Compensated Microcytosis
10.2,3.84,79.74,26.57,33.33,1,Anemic
13.0,4.67,77.54,27.84,35.91,0,Non-Anemic
13.6,4.21,95.01,32.28,34.03,2,Compensated Microcytosis
5.2,1.36,112.04,38.22,34.14,1,Anemic
9.3,4.76,56.09,19.55,34.78,1,Anemic
16.3,5.79,78.8,28.13,35.77,0,Non-Anemic
14.5,4.87,84.07,29.76,35.4,0,Non-Anemic
13.94,4.84,82.89,28.83,34.76,2,Compensated Microcytosis
14.08,4.96,86.46,28.37,32.86,2,Compensated Microcytosis
12.5,4.7,78.63,26.56,33.84,1,Anemic
10.0,4.63,66.65,21.59,32.38,1,Anemic
12.15,5.12,73.74,23.77,32.14,2,Compensated Microcytosis
13.7,5.17,80.01,26.48,33.1,2,Compensated Microcytosis
15.2,5.5,83.2,27.63,33.24,2,Compensated Microcytosis
15.68,6.03,78.9,26.02,32.95,2,Compensated Microcytosis
12.9,4.49,84.48,28.75,34.04,0,Non-Anemic
13.4,5.09,79.37,26.34,33.19,2,Compensated Microcytosis
14.9,4.87,89.36,30.57,34.26,0,Non-Anemic
12.4,4.62,80.36,26.81,33.39,2,Compensated Microcytosis
11.6,4.03,82.05,28.82,35.09,1,Anemic
11.6,4.82,71.09,24.08,33.83,1,Anemic
13.4,4.76,83.14,28.12,33.87,0,Non-Anemic
9.1,3.6,71.57,25.28,35.31,1,Anemic
9.4,4.05,69.75,23.19,33.27,1,Anemic
13.1,4.68,81.65,28.0,34.28,0,Non-Anemic
8.4,3.12,79.43,26.96,33.89,1,Anemic
14.44,5.05,81.12,28.57,35.28,0,Non-Anemic
10.2,3.88,76.96,26.29,34.13,1,Anemic
12.4,4.84,78.42,25.65,32.69,2,Compensated Microcytosis
10.8,3.9,80.75,27.72,34.27,1,Anemic
10.0,4.63,62.21,21.61,34.76,1,Anemic
10.5,4.49,68.37,23.37,34.18,1,Anemic
15.1,5.17,84.37,29.21,34.63,2,Compensated Microcytosis
11.2,3.51,100.17,31.88,31.88,1,Anemic
12.3,5.09,68.51,24.16,35.26,1,Anemic
15.08,5.38,80.37,28.02,34.92,0,Non-Anemic
13.9,4.21,97.91,32.99,33.7,0,Non-Anemic
12.5,4.86,73.81,25.72,34.8,2,Compensated Microcytosis
13.8,4.79,84.12,28.78,34.28,0,Non-Anemic
12.7,4.9,84.03,25.91,30.88,2,Compensated Microcytosis
14.0,5.72,75.65,24.49,32.35,2,Compensated Microcytosis
14.5,4.53,88.52,32.02,36.13,0,Non-Anemic
12.0,4.16,89.63,28.87,32.17,1,Anemic
15.57,4.93,91.12,31.56,34.65,2,Compensated Microcytosis
9.0,3.34,74.92,26.96,35.94,1,Anemic
14.2,5.4,79.79,26.31,32.9,2,Compensated Microcytosis
13.83,5.16,79.38,26.82,33.77,2,Compensated Microcytosis
13.2,4.3,86.84,30.7,35.34,0,Non-Anemic
13.3,4.09,90.36,32.49,36.03,2,Compensated Microcytosis
13.4,4.46,83.08,30.07,36.2,0,Non-Anemic
13.8,4.47,89.93,30.86,34.33,0,Non-Anemic
14.38,4.66,89.01,30.84,34.66,2,Compensated Microcytosis
11.9,4.12,89.34,28.86,32.33,1,Anemic
13.1,4.78,77.68,27.43,35.31,2,Compensated Microcytosis
11.4,4.34,75.44,26.29,34.78,1,Anemic
16.5,5.51,88.22,29.94,33.89,0,Non-Anemic
16.89,5.19,97.87,32.53,33.27,0,Non-Anemic
15.0,5.28,84.84,28.37,33.5,0,Non-Anemic
15.0,5.8,82.65,25.88,31.32,2,Compensated Microcytosis
13.8,4.51,91.16,30.57,33.54,0,Non-Anemic
11.9,5.08,73.68,23.41,31.81,1,Anemic
14.0,4.86,86.42,28.82,33.31,0,Non-Anemic
11.6,4.82,72.58,24.09,33.19,1,Anemic
16.5,5.88,81.48,28.05,34.43,0,Non-Anemic
11.0,5.08,61.24,21.63,35.34,1,Anemic
14.5,4.82,89.73,30.1,33.54,0,Non-Anemic
16.3,5.06,93.18,32.22,34.56,0,Non-Anemic
10.3,2.77,110.97,37.19,33.51,1,Anemic
15.39,5.8,77.23,26.53,34.34,2,Compensated Microcytosis
14.8,4.67,92.5,31.69,34.25,0,Non-Anemic
16.15,5.17,95.63,31.27,32.69,2,Compensated Microcytosis
14.09,5.31,79.63,26.52,33.37,2,Compensated Microcytosis
12.1,4.18,83.47,28.96,34.67,1,Anemic
12.9,4.2,92.86,30.75,33.11,0,Non-Anemic
9.6,4.54,62.35,21.15,33.91,1,Anemic
16.7,5.67,88.12,29.46,33.44,2,Compensated Microcytosis
11.8,3.93,89.7,30.0,33.51,1,Anemic
17.07,4.74,108.24,35.99,33.29,2,Compensated Microcytosis
14.5,5.36,84.26,27.08,32.13,2,Compensated Microcytosis
12.9,4.41,85.43,29.22,34.29,0,Non-Anemic
14.8,4.67,94.22,31.69,33.64,0,Non-Anemic
13.1,4.5,82.58,29.08,35.23,0,Non-Anemic
15.9,5.27,92.53,30.13,32.62,0,Non-Anemic
10.8,3.9,74.38,27.7,37.2,1,Anemic
11.3,4.45,78.03,25.42,32.54,1,Anemic
17.2,5.66,92.67,30.35,32.84,0,Non-Anemic
13.2,4.47,93.54,29.51,31.58,2,Compensated Microcytosis
8.5,4.8,50.29,17.71,35.17,1,Anemic
11.5,4.71,80.4,24.44,30.39,1,Anemic
12.5,4.7,78.32,26.6,33.91,2,Compensated Microcytosis
11.2,4.97,67.56,22.57,33.38,1,Anemic
15.9,4.76,96.11,33.42,34.75,0,Non-Anemic
13.5,5.1,73.41,26.5,36.04,2,Compensated Microcytosis
14.9,5.54,77.95,26.87,34.48,2,Compensated Microcytosis
11.4,4.32,76.59,26.42,34.43,1,Anemic
11.0,4.86,61.62,22.63,36.72,1,Anemic
14.9,5.14,85.88,29.03,33.77,0,Non-Anemic
15.5,4.23,112.24,36.61,32.67,0,Non-Anemic
11.9,5.25,73.03,22.64,30.99,1,Anemic
15.2,4.86,95.78,31.26,32.65,0,Non-Anemic
14.4,5.7,73.56,25.27,34.4,2,Compensated Microcytosis
10.4,4.28,72.36,24.28,33.58,1,Anemic
11.5,4.22,76.65,27.26,35.6,1,Anemic
16.7,5.69,85.31,29.39,34.38,0,Non-Anemic
16.2,5.89,78.3,27.49,35.14,0,Non-Anemic
13.7,5.02,79.64,27.33,34.29,0,Non-Anemic
12.6,4.13,89.87,30.5,33.92,1,Anemic
12.5,4.8,79.37,26.03,32.78,2,Compensated Microcytosis
13.9,4.22,91.65,32.94,35.99,2,Compensated Microcytosis
14.0,5.07,78.86,27.65,35.02,2,Compensated Microcytosis
11.3,4.17,77.04,27.07,35.21,1,Anemic
12.3,4.33,82.09,28.44,34.56,1,Anemic
14.4,4.76,90.81,30.29,33.33,0,Non-Anemic
11.9,4.4,83.44,27.07,32.42,1,Anemic
12.85,4.21,89.91,30.52,33.95,2,Compensated Microcytosis
14.3,5.22,80.09,27.37,34.25,0,Non-Anemic
13.4,4.6,86.82,29.09,33.54,0,Non-Anemic
14.53,4.94,86.84,29.38,33.83,2,Compensated Microcytosis
14.02,5.95,73.45,23.58,32.06,2,Compensated Microcytosis
13.2,4.79,84.03,27.53,32.81,2,Compensated Microcytosis
14.0,4.84,91.8,28.95,31.51,0,Non-Anemic
14.9,5.0,87.07,29.83,34.27,0,Non-Anemic
12.32,4.8,77.74,25.65,33.05,2,Compensated Microcytosis
13.6,4.14,92.1,32.85,35.63,2,Compensated Microcytosis
15.2,6.01,72.47,25.31,34.94,2,Compensated Microcytosis
16.9,5.66,87.21,29.82,34.21,0,Non-Anemic
10.8,5.23,58.32,20.67,35.39,1,Anemic
15.3,5.17,86.37,29.57,34.23,0,Non-Anemic
15.4,4.73,96.73,32.52,33.64,0,Non-Anemic
16.21,6.06,83.92,26.72,31.85,2,Compensated Microcytosis
9.4,4.65,57.36,20.22,35.22,1,Anemic
12.2,3.65,100.47,33.43,33.3,1,Anemic
11.5,4.44,77.73,25.92,33.31,1,Anemic
9.3,2.96,91.66,31.39,34.3,1,Anemic
8.1,2.25,101.62,36.0,35.45,1,Anemic
10.5,3.75,81.08,28.01,34.52,1,Anemic
12.1,4.82,72.73,25.07,34.55,1,Anemic
12.5,3.45,109.37,36.23,33.14,1,Anemic
12.7,4.22,90.14,30.08,33.36,1,Anemic
14.5,4.79,88.3,30.29,34.34,0,Non-Anemic
14.16,5.65,70.46,25.07,35.54,2,Compensated Microcytosis
14.14,5.58,74.44,25.37,34.02,2,Compensated Microcytosis
11.0,4.86,64.68,22.63,35.01,1,Anemic
11.3,3.96,81.74,28.51,34.93,1,Anemic
13.4,4.51,83.9,29.72,35.44,0,Non-Anemic
14.3,5.17,80.37,27.7,34.41,2,Compensated Microcytosis
13.1,4.1,96.43,31.91,33.14,0,Non-Anemic
12.1,4.82,71.44,25.13,35.18,2,Compensated Microcytosis
14.84,5.36,87.22,27.69,31.76,2,Compensated Microcytosis
14.6,5.38,84.21,27.12,32.23,0,Non-Anemic
9.3,5.25,50.55,17.71,35.03,1,Anemic
15.2,5.17,85.19,29.38,34.52,0,Non-Anemic
13.9,4.97,80.67,27.96,34.66,2,Compensated Microcytosis
13.8,4.38,95.55,31.49,32.98,2,Compensated Microcytosis
13.4,3.24,117.81,41.33,35.07,2,Compensated Microcytosis
14.2,5.15,85.74,27.54,32.12,0,Non-Anemic
11.9,4.29,79.36,27.78,34.91,1,Anemic
13.9,5.59,70.13,24.9,35.44,2,Compensated Microcytosis
12.1,4.71,71.93,25.73,35.75,1,Anemic
10.8,3.94,81.85,27.4,33.45,1,Anemic
14.55,4.55,90.95,32.01,35.17,2,Compensated Microcytosis
12.0,3.78,93.13,31.73,34.13,1,Anemic
10.3,4.59,62.82,22.41,35.71,1,Anemic
11.5,4.46,75.77,25.75,34.02,1,Anemic
12.3,3.95,88.72,31.16,35.15,0,Non-Anemic
14.2,5.13,79.8,27.65,34.67,2,Compensated Microcytosis
16.03,5.49,85.9,29.16,33.96,2,Compensated Microcytosis
13.6,4.66,85.58,29.16,34.12,0,Non-Anemic
14.8,4.89,91.01,30.27,33.27,0,Non-Anemic
17.09,5.98,81.05,28.59,35.29,2,Compensated Microcytosis
16.8,5.28,96.56,31.82,32.97,0,Non-Anemic
16.2,4.85,99.58,33.37,33.56,0,Non-Anemic
10.1,3.81,79.63,26.53,33.32,1,Anemic
12.9,4.49,83.95,28.73,34.22,0,Non-Anemic
12.3,4.26,84.12,28.86,34.29,1,Anemic
12.4,3.63,98.66,34.14,34.59,0,Non-Anemic
13.26,4.54,86.03,29.19,33.92,2,Compensated Microcytosis
14.8,5.44,79.92,27.19,34.05,2,Compensated Microcytosis
14.48,4.6,95.9,31.5,32.85,2,Compensated Microcytosis
9.8,4.45,61.9,22.03,35.54,1,Anemic
12.9,5.2,73.34,24.77,33.81,2,Compensated Microcytosis
13.6,5.23,76.07,26.01,34.18,2,Compensated Microcytosis
12.8,4.45,91.05,28.78,31.55,0,Non-Anemic
11.7,4.4,77.68,26.57,34.23,1,Anemic
12.1,4.16,84.47,29.13,34.46,1,Anemic
9.0,4.68,57.7,19.19,33.33,1,Anemic
9.3,5.25,52.32,17.74,33.86,1,Anemic
14.69,5.45,76.21,26.96,35.38,2,Compensated Microcytosis
15.8,5.34,86.16,29.6,34.34,0,Non-Anemic
14.93,5.32,81.35,28.07,34.45,2,Compensated Microcytosis
12.4,4.7,79.89,26.37,33.04,1,Anemic
12.64,5.34,71.51,23.65,33.12,2,Compensated Microcytosis
12.9,4.26,88.35,30.3,34.25,1,Anemic
13.89,4.22,95.05,32.9,34.64,2,Compensated Microcytosis
13.3,4.55,83.53,29.23,34.96,0,Non-Anemic
6.9,2.99,65.47,23.09,35.27,1,Anemic
15.7,5.08,88.28,30.91,34.97,0,Non-Anemic
9.8,4.77,62.64,20.53,32.84,1,Anemic
13.4,5.7,70.36,23.52,33.42,2,Compensated Microcytosis
13.8,5.3,76.72,26.01,33.95,2,Compensated Microcytosis
11.5,4.69,75.83,24.53,32.35,1,Anemic
12.7,4.79,80.42,26.53,32.98,2,Compensated Microcytosis
12.9,4.62,79.15,27.94,35.31,0,Non-Anemic
10.5,4.02,81.13,26.14,32.2,1,Anemic
13.4,4.99,81.51,26.83,32.97,2,Compensated Microcytosis
15.0,6.02,76.53,24.92,32.57,2,Compensated Microcytosis
15.9,5.27,91.84,30.14,32.87,0,Non-Anemic
13.68,4.85,89.23,28.23,31.64,2,Compensated Microcytosis
14.5,5.3,80.47,27.38,34.03,2,Compensated Microcytosis
10.8,4.1,75.09,26.32,35.07,1,Anemic
15.1,4.83,94.81,31.3,33.01,0,Non-Anemic
12.34,4.59,77.91,26.9,34.53,2,Compensated Microcytosis
11.3,4.85,70.13,23.33,33.21,1,Anemic
13.2,3.36,114.38,39.29,34.36,2,Compensated Microcytosis
14.82,4.86,87.54,30.51,34.86,2,Compensated Microcytosis
12.2,4.71,76.09,25.89,34.05,2,Compensated Microcytosis
12.15,4.53,77.34,26.84,34.69,2,Compensated Microcytosis
9.5,3.51,79.15,27.04,34.22,1,Anemic
12.4,4.7,73.23,26.36,35.99,1,Anemic
13.59,4.94,82.73,27.51,33.23,2,Compensated Microcytosis
15.2,5.94,77.31,25.56,33.14,2,Compensated Microcytosis
11.2,3.82,88.92,29.31,33.0,1,Anemic
15.4,5.07,90.03,30.37,33.71,0,Non-Anemic
14.6,5.88,80.18,24.81,30.96,2,Compensated Microcytosis
12.78,5.28,73.05,24.21,33.13,2,Compensated Microcytosis
13.5,4.53,87.27,29.77,34.14,0,Non-Anemic
15.6,5.41,88.17,28.85,32.69,0,Non-Anemic
13.93,4.87,90.42,28.6,31.65,0,Non-Anemic
13.1,4.77,83.53,27.45,32.9,0,Non-Anemic
9.3,3.31,82.74,28.13,33.97,1,Anemic
12.1,3.79,93.85,31.92,33.98,1,Anemic
12.14,5.03,67.71,24.12,35.68,2,Compensated Microcytosis
12.3,4.32,90.12,28.51,31.62,1,Anemic
12.5,4.24,85.25,29.47,34.56,0,Non-Anemic
12.39,5.32,72.8,23.27,32.01,2,Compensated Microcytosis
13.5,4.59,90.67,29.4,32.44,0,Non-Anemic
13.3,4.26,96.55,31.25,32.34,0,Non-Anemic
8.0,2.71,89.53,29.53,33.0,1,Anemic
15.9,5.72,87.34,27.76,31.85,0,Non-Anemic
15.36,5.37,86.83,28.59,32.92,0,Non-Anemic
9.8,3.72,71.99,26.31,36.58,1,Anemic
8.3,3.43,70.66,24.22,34.21,1,Anemic
11.1,4.37,72.33,25.42,35.07,1,Anemic
11.6,4.06,83.84,28.59,34.12,1,Anemic
16.0,5.76,83.53,27.81,33.3,0,Non-Anemic
14.8,5.02,92.37,29.46,31.91,0,Non-Anemic
11.4,4.38,75.57,26.06,34.45,1,Anemic
14.2,5.13,78.51,27.69,35.27,0,Non-Anemic
14.22,5.71,72.06,24.92,34.59,2,Compensated Microcytosis
12.3,4.65,78.42,26.48,33.73,2,Compensated Microcytosis
14.3,4.52,90.51,31.63,34.96,0,Non-Anemic
15.2,5.85,76.41,26.02,33.96,2,Compensated Microcytosis
12.7,4.3,89.3,29.54,33.11,0,Non-Anemic
13.9,5.3,78.58,26.19,33.37,2,Compensated Microcytosis
14.1,4.33,94.69,32.55,34.4,2,Compensated Microcytosis
12.65,4.69,84.89,26.94,31.74,2,Compensated Microcytosis
13.56,5.34,73.99,25.4,34.34,2,Compensated Microcytosis
13.4,4.61,88.27,29.05,32.91,0,Non-Anemic
13.7,4.38,90.41,31.3,34.56,0,Non-Anemic
11.2,3.85,82.76,29.08,35.16,1,Anemic
10.7,3.58,83.78,29.86,35.63,1,Anemic
14.0,5.14,80.18,27.23,33.92,0,Non-Anemic
14.6,4.94,86.89,29.57,33.97,0,Non-Anemic
12.4,4.24,84.1,29.28,34.79,1,Anemic
15.4,5.04,95.21,30.54,32.12,0,Non-Anemic
8.7,4.35,57.7,20.01,34.63,1,Anemic
13.5,4.84,81.34,27.93,34.3,0,Non-Anemic
15.76,5.76,83.62,27.4,32.74,2,Compensated Microcytosis
15.1,5.19,83.95,29.11,34.7,0,Non-Anemic
10.9,4.56,69.09,23.9,34.58,1,Anemic
13.3,4.09,92.09,32.51,35.33,0,Non-Anemic
8.6,3.63,72.92,23.66,32.52,1,Anemic
11.5,5.91,59.64,19.42,32.62,1,Anemic
7.7,3.77,58.05,20.41,35.18,1,Anemic
13.07,4.81,81.22,27.21,33.47,2,Compensated Microcytosis
14.33,5.5,77.02,26.02,33.85,2,Compensated Microcytosis
13.5,4.81,81.32,28.08,34.5,0,Non-Anemic
14.06,5.35,73.17,26.31,35.9,2,Compensated Microcytosis
14.2,5.57,69.28,25.48,36.76,2,Compensated Microcytosis
12.6,4.08,92.2,30.86,33.51,2,Compensated Microcytosis
12.45,5.28,67.67,23.59,34.82,2,Compensated Microcytosis
12.8,4.97,70.98,25.79,36.26,2,Compensated Microcytosis
14.5,4.84,90.85,29.94,32.99,0,Non-Anemic
14.16,5.19,83.63,27.25,32.66,2,Compensated Microcytosis
13.9,4.91,88.94,28.27,31.79,2,Compensated Microcytosis
7.7,4.68,48.45,16.47,33.99,1,Anemic
12.4,4.7,78.95,26.38,33.37,1,Anemic
15.08,5.69,75.98,26.51,34.84,2,Compensated Microcytosis
11.9,4.7,72.39,25.28,34.97,1,Anemic
14.3,4.56,88.03,31.4,35.67,0,Non-Anemic
13.4,5.7,68.36,23.52,34.44,2,Compensated Microcytosis
11.5,4.22,78.9,27.23,34.5,1,Anemic
11.3,4.85,64.69,23.26,35.99,1,Anemic
12.39,4.99,71.58,24.83,34.73,2,Compensated Microcytosis
11.5,4.92,69.57,23.37,33.63,1,Anemic
13.5,4.44,95.83,30.4,31.73,0,Non-Anemic
12.2,4.39,81.64,27.83,34.04,1,Anemic
10.8,4.45,73.75,24.3,32.88,1,Anemic
13.9,4.21,96.91,32.98,34.06,0,Non-Anemic
12.4,4.57,76.73,27.09,35.32,1,Anemic
14.1,4.31,104.37,32.69,31.34,0,Non-Anemic
7.4,3.66,63.71,20.24,31.72,1,Anemic
9.3,5.2,53.17,17.87,33.63,1,Anemic
17.12,5.44,91.58,31.48,34.37,0,Non-Anemic
8.1,2.55,95.8,31.78,33.18,1,Anemic
13.9,4.56,88.89,30.46,34.28,0,Non-Anemic
9.2,3.75,73.52,24.56,33.33,1,Anemic
9.0,3.8,67.99,23.72,34.79,1,Anemic
12.56,5.0,79.0,25.11,31.79,2,Compensated Microcytosis
16.5,5.78,83.3,28.54,34.29,0,Non-Anemic
5.8,3.1,54.69,18.69,34.21,1,Anemic
15.7,6.03,76.41,26.05,34.11,2,Compensated Microcytosis
14.97,5.41,79.4,27.7,34.86,2,Compensated Microcytosis
11.0,4.0,81.33,27.48,33.84,1,Anemic
13.12,5.33,71.78,24.59,34.3,2,Compensated Microcytosis
13.52,4.74,81.73,28.51,34.91,0,Non-Anemic
12.3,4.6,81.21,26.71,32.93,1,Anemic
14.18,5.29,80.15,26.79,33.44,2,Compensated Microcytosis
15.8,5.13,93.31,30.78,32.98,0,Non-Anemic
17.3,5.59,88.39,30.94,35.0,0,Non-Anemic
13.72,4.97,82.11,27.62,33.6,2,Compensated Microcytosis
9.6,3.91,71.52,24.53,34.33,1,Anemic
13.85,6.09,65.91,22.73,34.51,2,Compensated Microcytosis
13.9,5.53,72.74,25.16,34.55,2,Compensated Microcytosis
15.6,5.32,87.9,29.36,33.39,0,Non-Anemic
10.4,3.61,89.36,28.78,32.22,1,Anemic
11.3,4.1,79.38,27.57,34.73,1,Anemic
15.2,4.5,100.43,33.74,33.63,0,Non-Anemic
17.5,5.52,91.7,31.68,34.57,0,Non-Anemic
12.45,4.88,75.55,25.54,33.78,2,Compensated Microcytosis
14.3,5.08,80.48,28.19,34.95,2,Compensated Microcytosis
13.42,4.47,90.35,30.03,33.2,2,Compensated Microcytosis
15.4,5.97,76.69,25.81,33.63,2,Compensated Microcytosis
14.5,4.97,86.4,29.19,33.79,0,Non-Anemic
8.9,4.14,63.15,21.5,34.1,1,Anemic
13.2,4.75,85.6,27.81,32.51,2,Compensated Microcytosis
10.0,5.59,53.43,17.91,33.49,1,Anemic
7.6,4.89,44.71,15.56,34.79,1,Anemic
12.0,5.17,66.82,23.22,34.72,2,Compensated Microcytosis
9.3,3.95,73.42,23.58,32.08,1,Anemic
14.9,5.19,83.16,28.72,34.52,0,Non-Anemic
15.1,4.78,94.59,31.61,33.4,0,Non-Anemic
13.5,4.29,93.54,31.5,33.6,0,Non-Anemic
16.63,4.73,101.95,35.16,34.5,0,Non-Anemic
14.6,5.07,83.65,28.83,34.44,0,Non-Anemic
17.13,5.61,88.41,30.53,34.56,2,Compensated Microcytosis
14.4,4.38,92.52,32.87,35.54,0,Non-Anemic
13.95,4.87,89.87,28.63,31.9,0,Non-Anemic
10.9,3.8,83.03,28.69,34.55,1,Anemic
11.6,4.16,80.08,27.89,34.87,1,Anemic
9.3,4.9,55.2,18.98,34.38,1,Anemic
11.1,4.1,71.46,27.07,37.89,1,Anemic
16.7,5.45,93.23,30.62,32.83,0,Non-Anemic
12.5,4.88,73.63,25.6,34.77,2,Compensated Microcytosis
14.3,5.57,73.36,25.71,34.96,2,Compensated Microcytosis
11.8,2.94,114.74,40.15,34.94,1,Anemic
10.0,4.35,65.07,23.01,35.36,1,Anemic
9.6,5.05,54.65,19.05,34.81,1,Anemic
11.6,4.75,75.09,24.44,32.51,1,Anemic
13.9,4.97,84.31,27.97,33.17,2,Compensated Microcytosis
12.4,4.57,78.54,27.13,34.58,1,Anemic
5.2,1.36,116.87,38.27,32.74,1,Anemic
11.7,4.77,75.66,24.5,32.4,1,Anemic
14.1,5.14,81.11,27.41,33.83,0,Non-Anemic
11.9,4.29,82.61,27.74,33.58,1,Anemic
12.3,4.6,80.35,26.71,33.31,2,Compensated Microcytosis
15.2,5.89,75.55,25.78,34.12,2,Compensated Microcytosis
12.2,4.64,75.9,26.33,34.66,1,Anemic
14.3,4.78,85.57,29.95,35.0,0,Non-Anemic
13.0,4.64,82.98,28.06,33.75,0,Non-Anemic
15.33,5.35,79.38,28.63,36.08,2,Compensated Microcytosis
8.3,3.48,74.86,23.84,31.84,1,Anemic
15.1,5.7,81.83,26.45,32.37,2,Compensated Microcytosis
15.9,6.05,76.0,26.29,34.57,2,Compensated Microcytosis
12.5,4.33,89.26,28.87,32.31,2,Compensated Microcytosis
11.4,4.48,75.19,25.47,33.79,1,Anemic
11.0,5.08,60.41,21.63,35.85,1,Anemic
13.9,4.47,91.82,31.09,33.86,0,Non-Anemic
14.5,4.95,83.16,29.26,35.22,0,Non-Anemic
13.3,4.63,85.93,28.69,33.44,0,Non-Anemic
15.4,5.49,79.4,28.09,35.29,0,Non-Anemic
15.1,5.99,72.26,25.24,34.93,2,Compensated Microcytosis
14.48,4.84,88.62,29.92,33.74,0,Non-Anemic
13.6,5.1,81.37,26.65,32.79,2,Compensated Microcytosis
14.1,4.39,95.64,32.15,33.6,0,Non-Anemic
16.5,5.22,89.97,31.58,35.13,0,Non-Anemic
13.5,4.86,80.19,27.8,34.58,0,Non-Anemic
14.91,4.57,92.37,32.61,35.32,0,Non-Anemic
14.8,4.77,89.71,31.03,34.6,0,Non-Anemic
9.4,3.93,73.42,23.88,32.56,1,Anemic
14.1,4.73,84.23,29.84,35.35,0,Non-Anemic
13.2,5.35,71.87,24.65,34.34,2,Compensated Microcytosis
14.96,4.73,87.93,31.65,35.94,2,Compensated Microcytosis
12.9,4.44,87.04,29.04,33.41,0,Non-Anemic
13.92,5.3,74.42,26.24,35.34,2,Compensated Microcytosis
14.1,4.78,84.9,29.48,34.78,0,Non-Anemic
6.1,2.17,81.97,28.08,34.31,1,Anemic
12.5,3.8,89.91,32.93,36.59,1,Anemic
16.09,5.09,91.77,31.61,34.41,2,Compensated Microcytosis
14.53,4.24,97.66,34.27,35.12,0,Non-Anemic
16.1,5.51,85.09,29.2,34.3,0,Non-Anemic
13.0,4.44,89.38,29.27,32.8,0,Non-Anemic
15.86,4.71,93.9,33.64,35.86,2,Compensated Microcytosis
14.3,5.03,90.6,28.42,31.34,0,Non-Anemic
12.4,4.62,74.8,26.8,35.85,2,Compensated Microcytosis
13.4,4.51,84.21,29.73,35.32,0,Non-Anemic
10.6,3.78,86.65,28.05,32.37,1,Anemic
12.0,5.55,63.63,21.63,33.96,2,Compensated Microcytosis
13.4,5.7,73.8,23.48,31.87,2,Compensated Microcytosis
13.4,4.31,89.86,31.08,34.63,0,Non-Anemic
10.2,3.41,89.4,29.9,33.45,1,Anemic
10.5,3.8,79.74,27.62,34.62,1,Anemic
14.83,5.41,80.68,27.44,34.0,0,Non-Anemic
9.2,3.49,79.89,26.35,32.96,1,Anemic
14.9,5.7,78.25,26.16,33.39,2,Compensated Microcytosis
14.0,5.6,71.27,25.03,35.11,2,Compensated Microcytosis
15.1,5.7,76.85,26.47,34.45,2,Compensated Microcytosis
11.6,4.11,86.54,28.22,32.59,1,Anemic
11.2,4.01,79.46,27.96,35.14,1,Anemic
16.02,5.0,94.32,32.02,33.99,2,Compensated Microcytosis
12.0,4.4,80.79,27.28,33.78,1,Anemic
13.9,4.97,83.43,27.97,33.53,2,Compensated Microcytosis
16.59,5.05,95.56,32.82,34.4,0,Non-Anemic
12.3,4.65,78.33,26.43,33.8,2,Compensated Microcytosis
12.8,4.9,78.16,26.12,33.38,2,Compensated Microcytosis
12.1,5.0,68.96,24.21,35.05,2,Compensated Microcytosis
14.15,4.46,93.13,31.77,34.03,2,Compensated Microcytosis
11.1,3.51,91.08,31.6,34.71,1,Anemic
13.6,4.4,93.99,30.87,32.88,0,Non-Anemic
13.8,5.4,79.39,25.54,32.21,2,Compensated Microcytosis
11.5,4.2,82.26,27.36,33.3,1,Anemic
10.5,3.1,98.56,33.86,34.39,1,Anemic
13.6,4.21,94.79,32.28,34.11,0,Non-Anemic
12.1,4.66,71.81,25.97,36.14,2,Compensated Microcytosis
14.63,4.64,94.77,31.52,33.24,2,Compensated Microcytosis
12.2,4.43,81.78,27.57,33.64,1,Anemic
9.2,3.87,71.09,23.75,33.48,1,Anemic
8.7,3.59,75.1,24.2,32.3,1,Anemic
10.8,3.34,95.67,32.31,33.84,1,Anemic
13.9,4.53,97.19,30.66,31.55,0,Non-Anemic
14.1,4.57,89.19,30.86,34.55,0,Non-Anemic
10.7,4.07,76.12,26.31,34.52,1,Anemic
13.1,4.5,79.56,29.11,36.6,2,Compensated Microcytosis
13.2,4.77,80.68,27.64,34.28,0,Non-Anemic
13.87,5.4,72.3,25.68,35.52,2,Compensated Microcytosis
11.3,4.24,76.57,26.65,34.77,1,Anemic
14.4,4.9,88.58,29.43,33.16,0,Non-Anemic
16.4,5.71,86.5,28.73,33.25,0,Non-Anemic
16.36,4.75,103.01,34.42,33.43,2,Compensated Microcytosis
12.9,4.86,79.75,26.57,33.27,2,Compensated Microcytosis
16.1,5.62,80.59,28.63,35.53,0,Non-Anemic
13.86,5.71,75.53,24.28,32.14,2,Compensated Microcytosis
13.7,4.26,91.24,32.18,35.25,0,Non-Anemic
12.6,4.4,86.0,28.67,33.27,0,Non-Anemic
16.18,5.2,87.79,31.1,35.43,0,Non-Anemic
12.1,3.47,104.13,34.9,33.52,0,Non-Anemic
12.6,4.33,84.89,29.13,34.26,2,Compensated Microcytosis
12.22,4.59,80.2,26.6,33.18,2,Compensated Microcytosis
13.4,4.74,83.67,28.25,33.77,2,Compensated Microcytosis
9.2,6.0,46.54,15.37,32.98,1,Anemic
14.0,5.2,77.92,26.95,34.54,2,Compensated Microcytosis
13.3,4.99,76.72,26.65,34.78,2,Compensated Microcytosis
13.3,4.77,79.62,27.89,35.01,0,Non-Anemic
16.5,4.85,105.67,33.99,32.2,0,Non-Anemic
11.2,4.22,77.3,26.54,34.3,1,Anemic
13.3,5.2,73.76,25.59,34.64,2,Compensated Microcytosis
14.2,4.84,93.07,29.31,31.53,0,Non-Anemic
13.25,4.87,78.08,27.17,34.87,0,Non-Anemic
13.2,4.67,84.58,28.25,33.4,0,Non-Anemic
12.0,4.59,74.48,26.13,35.09,2,Compensated Microcytosis
11.5,4.78,74.4,24.05,32.39,1,Anemic
13.6,4.14,94.93,32.89,34.58,2,Compensated Microcytosis
15.0,5.34,78.12,28.09,35.93,0,Non-Anemic
8.5,3.32,72.17,25.62,35.44,1,Anemic
14.8,4.99,89.68,29.64,33.04,0,Non-Anemic
16.65,5.52,84.74,30.18,35.56,0,Non-Anemic
15.9,5.53,84.47,28.79,34.04,0,Non-Anemic
14.7,4.99,84.28,29.44,34.96,0,Non-Anemic
16.55,4.95,99.56,33.42,33.58,0,Non-Anemic
12.6,4.13,95.59,30.5,31.95,0,Non-Anemic
15.1,4.47,105.61,33.78,31.96,0,Non-Anemic
15.4,6.05,77.61,25.42,32.77,2,Compensated Microcytosis
14.9,5.7,75.33,26.16,34.69,2,Compensated Microcytosis
12.4,4.7,81.6,26.39,32.31,2,Compensated Microcytosis
13.8,5.54,77.69,24.9,32.08,2,Compensated Microcytosis
11.7,4.43,72.31,26.43,36.49,1,Anemic
12.7,4.67,79.52,27.19,34.18,0,Non-Anemic
14.85,5.04,85.66,29.49,34.4,2,Compensated Microcytosis
12.7,4.8,74.04,26.45,35.77,1,Anemic
11.7,4.06,82.99,28.8,34.69,1,Anemic
15.9,6.05,80.68,26.27,32.59,2,Compensated Microcytosis
16.05,4.95,96.44,32.4,33.59,0,Non-Anemic
13.83,5.89,69.78,23.45,33.68,2,Compensated Microcytosis
15.13,4.83,95.0,31.32,33.01,0,Non-Anemic
12.7,4.23,85.11,30.0,35.3,2,Compensated Microcytosis
13.2,5.3,73.4,24.91,33.91,2,Compensated Microcytosis
15.1,4.96,87.8,30.47,34.66,0,Non-Anemic
14.6,5.4,79.37,27.05,34.06,2,Compensated Microcytosis
13.4,4.44,88.58,30.19,34.12,0,Non-Anemic
12.7,4.39,86.25,28.95,33.57,1,Anemic
16.3,5.09,92.64,32.06,34.54,0,Non-Anemic
11.9,4.86,73.63,24.52,33.21,1,Anemic
14.2,4.22,104.9,33.65,32.07,0,Non-Anemic
14.8,5.81,72.84,25.48,35.01,2,Compensated Microcytosis
14.89,4.35,104.57,34.19,32.75,2,Compensated Microcytosis
9.3,4.51,57.44,20.6,35.96,1,Anemic
15.9,5.11,90.27,31.11,34.5,2,Compensated Microcytosis
11.9,4.29,79.66,27.76,34.78,1,Anemic
13.97,6.04,72.66,23.11,31.84,2,Compensated Microcytosis
12.4,4.9,71.04,25.34,35.62,1,Anemic
13.3,4.63,83.93,28.73,34.21,0,Non-Anemic
12.5,4.7,75.48,26.61,35.27,1,Anemic
15.5,5.24,85.24,29.59,34.68,0,Non-Anemic
10.3,3.7,81.73,27.84,34.1,1,Anemic
7.3,3.67,58.61,19.85,33.98,1,Anemic
17.04,5.06,92.85,33.64,36.23,0,Non-Anemic
9.7,2.83,100.53,34.27,34.11,1,Anemic
11.6,4.82,66.71,24.09,36.13,1,Anemic
10.6,3.54,85.84,29.96,34.88,1,Anemic
13.9,5.3,75.89,26.26,34.56,2,Compensated Microcytosis
9.5,4.65,61.91,20.4,33.04,1,Anemic
17.0,5.66,86.21,30.0,34.87,0,Non-Anemic
10.9,5.34,63.01,20.38,32.35,1,Anemic
14.36,5.21,78.67,27.56,35.0,2,Compensated Microcytosis
15.63,5.99,76.8,26.1,33.99,2,Compensated Microcytosis
14.5,4.92,85.22,29.45,34.54,0,Non-Anemic
9.5,4.5,59.97,21.13,35.16,1,Anemic
15.4,5.39,84.65,28.58,33.72,0,Non-Anemic
9.0,3.34,75.73,26.97,35.61,1,Anemic
12.3,4.6,80.18,26.75,33.33,2,Compensated Microcytosis
10.1,4.21,70.51,24.02,34.01,1,Anemic
12.8,4.3,90.02,29.75,33.04,1,Anemic
14.17,4.91,83.28,28.86,34.65,2,Compensated Microcytosis
13.22,4.67,81.45,28.31,34.72,0,Non-Anemic
9.0,3.97,68.66,22.7,33.01,1,Anemic
13.8,5.03,78.97,27.45,34.76,2,Compensated Microcytosis
13.93,4.8,83.01,29.02,34.98,2,Compensated Microcytosis
13.3,4.64,78.82,28.7,36.39,0,Non-Anemic
10.0,4.66,62.52,21.45,34.29,1,Anemic
11.4,4.38,77.96,26.05,33.43,1,Anemic
14.9,4.49,94.41,33.2,35.18,0,Non-Anemic
13.2,5.3,73.01,24.88,34.13,2,Compensated Microcytosis
14.8,5.72,73.01,25.9,35.46,2,Compensated Microcytosis
12.2,3.82,97.12,31.94,32.9,1,Anemic
13.2,4.86,80.03,27.2,33.93,0,Non-Anemic
10.6,3.71,84.33,28.54,33.89,1,Anemic
12.2,4.4,78.76,27.76,35.24,0,Non-Anemic
11.0,4.11,81.31,26.75,32.94,1,Anemic
7.9,4.83,47.92,16.33,34.16,1,Anemic
11.3,4.89,69.91,23.07,33.05,1,Anemic
14.5,4.74,86.03,30.61,35.51,0,Non-Anemic
13.5,4.35,91.57,31.01,33.86,0,Non-Anemic
14.7,4.62,85.0,31.83,37.44,0,Non-Anemic
14.3,5.55,72.0,25.78,35.83,2,Compensated Microcytosis
14.4,4.77,90.13,30.18,33.51,0,Non-Anemic
14.09,5.34,76.73,26.37,34.4,2,Compensated Microcytosis
12.4,4.9,74.1,25.32,34.13,2,Compensated Microcytosis
14.8,5.81,74.43,25.46,34.2,2,Compensated Microcytosis
9.2,3.34,80.51,27.51,34.21,1,Anemic
16.0,5.32,86.61,30.04,34.74,0,Non-Anemic
9.6,3.44,83.6,27.87,33.4,1,Anemic
7.4,3.66,60.71,20.18,33.35,1,Anemic
14.8,5.12,84.52,28.9,34.18,0,Non-Anemic
14.0,5.5,77.95,25.49,32.68,2,Compensated Microcytosis
14.5,4.82,92.6,30.05,32.51,2,Compensated Microcytosis
13.3,4.99,79.22,26.67,33.63,2,Compensated Microcytosis
15.3,4.47,103.8,34.2,33.02,0,Non-Anemic
12.31,4.56,80.15,26.99,33.7,2,Compensated Microcytosis
10.7,3.9,80.11,27.41,34.21,1,Anemic
14.9,4.53,97.17,32.92,33.89,2,Compensated Microcytosis
11.3,4.21,80.2,26.87,33.44,1,Anemic
14.9,5.25,82.14,28.41,34.53,0,Non-Anemic
9.8,4.22,68.93,23.23,33.7,1,Anemic
13.2,5.26,75.26,25.11,33.31,2,Compensated Microcytosis
15.0,4.94,90.14,30.37,33.68,0,Non-Anemic
11.6,4.3,81.77,26.98,32.98,1,Anemic
13.5,5.0,77.35,27.03,34.92,2,Compensated Microcytosis
12.5,4.33,81.98,28.91,35.23,2,Compensated Microcytosis
13.9,6.04,70.48,23.04,32.69,2,Compensated Microcytosis
13.7,4.65,88.56,29.48,33.26,0,Non-Anemic
15.63,4.78,96.32,32.7,33.93,2,Compensated Microcytosis
15.1,5.39,83.89,28.05,33.39,0,Non-Anemic
16.48,5.5,91.93,29.94,32.58,0,Non-Anemic
12.8,4.3,84.91,29.8,35.08,1,Anemic
11.2,3.51,96.56,31.91,33.02,1,Anemic
12.34,4.23,87.65,29.2,33.28,2,Compensated Microcytosis
10.7,4.16,78.74,25.73,32.65,1,Anemic
12.1,4.42,79.16,27.34,34.57,0,Non-Anemic
10.8,5.04,62.42,21.4,34.35,1,Anemic
14.3,5.46,84.1,26.16,31.15,2,Compensated Microcytosis
10.1,4.7,64.15,21.46,33.52,1,Anemic
13.9,4.8,87.36,28.97,33.17,0,Non-Anemic
13.4,4.81,87.87,27.9,31.67,0,Non-Anemic
13.2,4.75,87.83,27.8,31.63,0,Non-Anemic
13.1,4.77,86.8,27.43,31.64,0,Non-Anemic
11.7,4.41,79.6,26.56,33.32,1,Anemic
15.4,4.96,90.03,31.02,34.5,0,Non-Anemic
12.6,4.8,76.16,26.25,34.44,1,Anemic
11.4,4.93,71.47,23.09,32.34,1,Anemic
14.5,5.7,82.84,25.46,30.74,2,Compensated Microcytosis
16.6,5.92,78.0,28.02,35.92,0,Non-Anemic
16.01,6.06,74.33,26.45,35.54,2,Compensated Microcytosis
13.9,5.15,77.16,27.03,34.96,2,Compensated Microcytosis
10.6,4.44,77.65,23.89,30.79,1,Anemic
11.4,4.26,77.46,26.8,34.49,1,Anemic
13.26,4.49,88.26,29.54,33.41,0,Non-Anemic
17.17,5.8,81.76,29.59,36.23,0,Non-Anemic
14.6,4.73,90.09,30.85,34.28,2,Compensated Microcytosis
13.7,4.57,86.0,30.0,34.83,0,Non-Anemic
13.0,5.0,75.25,25.97,34.54,2,Compensated Microcytosis
15.1,5.66,73.14,26.71,36.48,2,Compensated Microcytosis
12.39,4.54,88.73,27.26,30.74,0,Non-Anemic
14.83,4.23,106.06,35.06,33.04,0,Non-Anemic
15.2,5.37,87.55,28.27,32.33,0,Non-Anemic
13.34,4.47,84.19,29.85,35.43,0,Non-Anemic
13.7,5.08,74.39,26.95,36.29,2,Compensated Microcytosis
8.7,4.22,61.74,20.61,33.39,1,Anemic
9.5,3.73,75.78,25.48,33.6,1,Anemic
16.3,5.31,92.1,30.68,33.32,0,Non-Anemic
14.41,5.84,74.29,24.66,33.24,2,Compensated Microcytosis
11.1,4.1,82.83,27.07,32.67,1,Anemic
14.7,5.5,73.54,26.74,36.31,2,Compensated Microcytosis
8.8,4.6,54.69,19.14,35.01,1,Anemic
14.6,4.81,88.01,30.38,34.45,0,Non-Anemic
15.18,5.93,74.16,25.61,34.55,2,Compensated Microcytosis
9.0,4.0,68.85,22.54,32.68,1,Anemic
13.9,3.48,116.54,39.96,34.24,2,Compensated Microcytosis
15.26,5.34,81.4,28.59,35.08,2,Compensated Microcytosis
14.11,4.29,99.58,32.88,33.05,0,Non-Anemic
13.98,4.74,86.52,29.46,34.09,0,Non-Anemic
9.7,3.18,91.4,30.47,33.35,1,Anemic
13.92,4.47,92.29,31.16,33.75,2,Compensated Microcytosis
15.87,4.98,93.39,31.87,34.11,2,Compensated Microcytosis
16.87,5.57,89.05,30.26,34.01,2,Compensated Microcytosis
10.6,4.7,71.85,22.56,31.37,1,Anemic
15.79,5.31,84.63,29.7,35.1,2,Compensated Microcytosis
13.5,4.86,79.34,27.75,35.04,0,Non-Anemic
12.41,4.43,78.19,28.0,35.84,2,Compensated Microcytosis
14.41,5.54,77.15,25.99,33.7,2,Compensated Microcytosis
11.2,4.02,82.41,27.88,33.85,1,Anemic
13.9,4.48,90.6,31.05,34.21,2,Compensated Microcytosis
11.4,4.07,80.74,28.01,34.71,1,Anemic
12.5,5.39,65.71,23.16,35.31,2,Compensated Microcytosis
16.4,5.03,93.12,32.6,34.98,0,Non-Anemic
14.2,5.14,81.18,27.63,34.02,0,Non-Anemic
14.1,6.08,71.02,23.23,32.68,2,Compensated Microcytosis
14.2,4.23,100.69,33.55,33.35,0,Non-Anemic
13.1,4.13,98.45,31.75,32.21,2,Compensated Microcytosis
15.7,5.82,82.22,26.96,32.82,2,Compensated Microcytosis
12.1,5.1,71.3,23.72,33.25,2,Compensated Microcytosis
12.6,4.57,83.24,27.55,33.12,1,Anemic
14.9,5.07,90.76,29.38,32.34,0,Non-Anemic
11.2,3.51,98.16,31.92,32.55,1,Anemic
12.7,4.05,85.22,31.33,36.78,0,Non-Anemic
12.2,4.6,79.39,26.5,33.38,2,Compensated Microcytosis
14.16,5.77,73.97,24.55,33.21,2,Compensated Microcytosis
13.3,4.94,77.07,26.95,34.94,2,Compensated Microcytosis
12.7,4.63,89.96,27.45,30.51,2,Compensated Microcytosis
15.0,4.81,95.37,31.22,32.68,0,Non-Anemic
13.5,4.54,88.74,29.75,33.47,2,Compensated Microcytosis
12.7,4.05,90.96,31.36,34.49,1,Anemic
15.1,5.25,85.75,28.76,33.51,0,Non-Anemic
13.2,4.79,84.03,27.55,32.82,0,Non-Anemic
13.1,4.72,83.26,27.74,33.33,2,Compensated Microcytosis
14.1,5.07,82.73,27.79,33.62,0,Non-Anemic
11.8,4.33,83.67,27.28,32.59,1,Anemic
10.6,3.8,83.57,27.93,33.38,1,Anemic
14.6,5.25,77.66,27.8,35.78,2,Compensated Microcytosis
16.2,6.01,85.97,26.96,31.37,2,Compensated Microcytosis
11.0,3.78,85.8,29.09,33.93,1,Anemic
9.6,3.91,69.67,24.59,35.24,1,Anemic
16.2,5.26,89.5,30.82,34.39,0,Non-Anemic
14.3,5.07,86.45,28.18,32.61,0,Non-Anemic
13.7,4.4,94.77,31.16,32.82,0,Non-Anemic
10.7,4.78,67.34,22.39,33.27,1,Anemic
14.71,5.0,79.16,29.39,37.2,2,Compensated Microcytosis
13.5,4.88,83.04,27.63,33.31,0,Non-Anemic
14.6,5.79,72.35,25.22,34.85,2,Compensated Microcytosis
13.65,5.29,75.76,25.79,34.07,2,Compensated Microcytosis
14.6,5.95,69.21,24.54,35.45,2,Compensated Microcytosis
11.3,4.16,82.33,27.13,32.98,1,Anemic
13.5,4.81,82.64,28.1,33.96,0,Non-Anemic
12.57,4.54,84.65,27.71,32.69,2,Compensated Microcytosis
10.4,4.71,65.23,22.07,33.84,1,Anemic
13.2,5.28,72.85,25.01,34.31,2,Compensated Microcytosis
13.46,4.67,86.65,28.84,33.24,0,Non-Anemic
14.99,4.97,85.89,30.2,35.14,2,Compensated Microcytosis
14.7,4.91,86.08,29.9,34.79,0,Non-Anemic
11.1,3.99,84.46,27.83,32.9,1,Anemic
13.29,5.11,76.45,26.0,34.05,2,Compensated Microcytosis
11.1,4.41,69.45,25.18,36.26,1,Anemic
13.39,4.77,86.84,28.05,32.35,2,Compensated Microcytosis
11.0,3.78,84.98,29.1,34.24,1,Anemic
11.3,3.89,90.43,29.07,32.11,1,Anemic
12.4,4.7,75.34,26.41,34.98,1,Anemic
16.55,5.0,99.82,33.1,33.17,0,Non-Anemic
13.44,4.54,85.55,29.61,34.64,0,Non-Anemic
9.4,2.97,91.59,31.61,34.51,1,Anemic
15.6,5.1,83.52,30.6,36.63,0,Non-Anemic
16.5,5.19,89.67,31.8,35.45,0,Non-Anemic
10.2,3.41,85.81,29.92,34.9,1,Anemic
11.3,4.45,76.11,25.37,33.35,1,Anemic
12.8,5.5,67.18,23.25,34.67,2,Compensated Microcytosis
14.1,4.62,93.39,30.55,32.67,0,Non-Anemic
14.1,4.99,82.85,28.28,34.11,2,Compensated Microcytosis
12.5,5.27,66.57,23.75,35.63,2,Compensated Microcytosis
14.63,5.25,78.14,27.9,35.64,2,Compensated Microcytosis
11.2,4.34,74.62,25.83,34.61,1,Anemic
14.9,5.25,87.83,28.41,32.33,0,Non-Anemic
13.4,4.77,78.56,28.11,35.73,0,Non-Anemic
10.7,3.99,78.17,26.84,34.32,1,Anemic
12.0,4.59,81.63,26.18,32.03,2,Compensated Microcytosis
12.4,4.98,74.51,24.91,33.41,2,Compensated Microcytosis
14.9,5.52,80.91,27.02,33.33,2,Compensated Microcytosis
10.8,3.94,77.74,27.43,35.26,1,Anemic
12.9,4.14,89.55,31.17,34.77,1,Anemic
15.42,4.99,95.19,30.9,32.44,0,Non-Anemic
13.39,4.75,87.88,28.22,32.12,2,Compensated Microcytosis
13.15,4.94,76.59,26.62,34.79,2,Compensated Microcytosis
11.2,3.85,83.56,29.1,34.76,1,Anemic
14.9,4.85,93.46,30.75,32.88,0,Non-Anemic
11.3,4.27,76.56,26.46,34.56,1,Anemic
14.7,4.68,95.29,31.39,32.95,0,Non-Anemic
11.3,4.45,75.37,25.37,33.72,1,Anemic
13.9,4.52,97.67,30.71,31.48,0,Non-Anemic
9.0,3.34,79.98,26.93,33.67,1,Anemic
9.8,4.35,67.01,22.49,33.66,1,Anemic
7.2,3.81,56.67,18.87,33.34,1,Anemic
13.7,4.39,95.63,31.22,32.62,0,Non-Anemic
14.0,4.86,85.0,28.83,33.87,0,Non-Anemic
10.3,4.11,74.99,25.06,33.43,1,Anemic
16.7,5.85,83.47,28.54,34.23,0,Non-Anemic
13.5,5.1,78.44,26.47,33.79,2,Compensated Microcytosis
13.7,5.14,79.25,26.62,33.64,2,Compensated Microcytosis
13.03,5.01,76.65,26.03,33.95,2,Compensated Microcytosis
12.6,4.98,72.13,25.33,35.06,2,Compensated Microcytosis
14.4,4.82,88.5,29.91,33.79,0,Non-Anemic
14.8,5.02,84.45,29.46,34.93,0,Non-Anemic
13.6,5.04,80.18,26.98,33.67,2,Compensated Microcytosis
13.3,4.93,77.74,26.96,34.67,2,Compensated Microcytosis
8.9,5.44,48.49,16.36,33.74,1,Anemic
14.64,4.43,93.24,33.05,35.47,0,Non-Anemic
11.5,4.86,70.39,23.69,33.62,1,Anemic
8.9,3.86,68.31,23.1,33.79,1,Anemic
9.8,4.35,66.37,22.56,33.97,1,Anemic
14.8,5.5,80.81,26.95,33.31,2,Compensated Microcytosis
13.3,4.92,77.42,27.04,34.91,2,Compensated Microcytosis
14.08,5.73,72.57,24.54,33.88,2,Compensated Microcytosis
13.22,4.92,79.13,26.84,33.97,2,Compensated Microcytosis
13.4,4.8,81.44,27.94,34.26,0,Non-Anemic
15.79,5.71,80.74,27.69,34.26,2,Compensated Microcytosis
14.85,5.27,79.04,28.21,35.69,0,Non-Anemic
14.4,4.34,97.43,33.18,34.09,2,Compensated Microcytosis
14.69,5.43,79.4,27.08,34.07,2,Compensated Microcytosis
9.8,4.4,65.06,22.27,34.24,1,Anemic
12.5,4.46,78.82,28.01,35.61,1,Anemic
14.1,4.64,89.36,30.38,34.0,0,Non-Anemic
15.6,6.6,70.08,23.65,33.73,2,Compensated Microcytosis
16.1,5.42,87.65,29.73,33.93,0,Non-Anemic
13.5,4.76,83.64,28.39,33.93,0,Non-Anemic
13.6,4.59,84.17,29.67,35.18,0,Non-Anemic
13.5,4.54,87.29,29.74,34.05,0,Non-Anemic
14.3,4.76,84.88,30.07,35.4,0,Non-Anemic
12.7,4.05,94.95,31.34,33.04,0,Non-Anemic
14.3,4.5,91.31,31.8,34.81,0,Non-Anemic
8.5,3.82,62.98,22.29,35.37,1,Anemic
12.6,4.94,75.05,25.51,33.97,2,Compensated Microcytosis
13.9,5.53,68.86,25.17,36.51,2,Compensated Microcytosis
12.1,5.73,59.47,21.15,35.51,1,Anemic
15.75,4.97,87.98,31.67,36.03,2,Compensated Microcytosis
14.3,5.55,76.29,25.73,33.74,2,Compensated Microcytosis
13.3,4.95,78.39,26.87,34.26,2,Compensated Microcytosis
8.6,3.21,73.68,26.79,36.37,1,Anemic
13.9,5.0,73.75,27.8,37.7,0,Non-Anemic
12.4,4.98,68.72,24.92,36.22,2,Compensated Microcytosis
9.9,4.41,68.0,22.43,33.04,1,Anemic
14.0,5.5,78.28,25.42,32.54,2,Compensated Microcytosis
14.0,5.11,80.15,27.37,34.2,0,Non-Anemic
15.62,5.71,81.47,27.37,33.59,2,Compensated Microcytosis
10.7,3.9,79.36,27.41,34.57,1,Anemic
9.6,4.45,62.99,21.56,34.3,1,Anemic
11.8,4.34,76.85,27.18,35.41,1,Anemic
12.17,5.24,70.6,23.22,32.91,2,Compensated Microcytosis
13.88,6.1,65.8,22.78,34.56,2,Compensated Microcytosis
10.0,5.64,52.57,17.75,33.67,1,Anemic
14.9,5.8,75.11,25.65,34.23,2,Compensated Microcytosis
14.3,5.1,85.62,28.02,32.74,2,Compensated Microcytosis
12.1,4.18,83.7,28.97,34.59,1,Anemic
17.3,5.09,95.11,34.03,35.74,0,Non-Anemic
10.8,4.4,74.9,24.51,32.81,1,Anemic
13.52,4.79,82.65,28.2,34.11,0,Non-Anemic
11.5,4.2,83.81,27.42,32.63,1,Anemic
15.0,5.34,81.1,28.07,34.63,0,Non-Anemic
13.5,4.36,91.37,31.0,33.86,0,Non-Anemic
13.34,4.7,82.67,28.36,34.34,0,Non-Anemic
13.64,4.93,86.79,27.7,31.87,0,Non-Anemic
6.1,2.17,83.92,28.13,33.48,1,Anemic
14.43,4.26,101.18,33.85,33.49,0,Non-Anemic
13.5,4.57,92.79,29.57,31.87,0,Non-Anemic
12.8,4.9,76.22,26.09,34.22,1,Anemic
9.0,3.42,79.88,26.32,32.95,1,Anemic
15.9,5.73,81.02,27.72,34.22,0,Non-Anemic
9.4,4.05,69.15,23.2,33.56,1,Anemic
13.85,4.62,85.81,29.98,34.97,2,Compensated Microcytosis
14.85,5.15,84.87,28.86,33.97,0,Non-Anemic
14.6,5.82,71.67,25.12,35.03,2,Compensated Microcytosis
16.4,5.38,87.91,30.47,34.65,0,Non-Anemic
12.7,4.9,77.64,25.92,33.41,2,Compensated Microcytosis
13.2,4.47,83.85,29.57,35.18,0,Non-Anemic
14.1,4.79,86.3,29.46,34.09,0,Non-Anemic
7.4,3.34,65.65,22.18,33.76,1,Anemic
12.6,4.8,78.77,26.26,33.37,2,Compensated Microcytosis
12.5,4.35,86.7,28.71,33.19,0,Non-Anemic
14.8,5.25,85.66,28.16,32.91,0,Non-Anemic
14.0,5.01,77.19,27.93,36.21,0,Non-Anemic
13.43,4.48,87.77,29.98,34.12,2,Compensated Microcytosis
11.9,4.29,80.7,27.75,34.37,1,Anemic
13.02,4.53,82.36,28.72,34.87,2,Compensated Microcytosis
13.7,4.95,85.76,27.71,32.26,0,Non-Anemic
11.2,4.47,77.4,25.07,32.42,1,Anemic
11.3,4.25,80.12,26.57,33.2,1,Anemic
12.9,4.22,83.02,30.58,36.83,0,Non-Anemic
9.0,4.0,64.83,22.49,34.69,1,Anemic
15.3,4.83,97.55,31.66,32.42,0,Non-Anemic
16.4,5.49,86.9,29.91,34.42,0,Non-Anemic
5.8,3.1,54.8,18.74,34.15,1,Anemic
10.2,3.41,86.68,29.89,34.48,1,Anemic
13.9,5.37,77.73,25.92,33.28,2,Compensated Microcytosis
9.5,3.51,80.77,27.03,33.49,1,Anemic
14.1,4.8,92.41,29.4,31.79,0,Non-Anemic
15.58,6.0,74.42,25.97,34.9,2,Compensated Microcytosis
16.88,6.05,80.85,27.89,34.48,2,Compensated Microcytosis
13.8,5.4,75.82,25.52,33.7,2,Compensated Microcytosis
14.2,4.68,93.44,30.33,32.45,2,Compensated Microcytosis
10.3,3.54,83.16,29.12,35.02,1,Anemic
14.54,5.7,73.47,25.53,34.73,2,Compensated Microcytosis
9.9,4.43,62.48,22.36,35.77,1,Anemic
14.2,4.49,87.81,31.61,36.01,0,Non-Anemic
9.9,4.37,66.1,22.63,34.26,1,Anemic
15.4,5.23,85.89,29.48,34.32,0,Non-Anemic
13.92,5.65,70.52,24.66,34.91,2,Compensated Microcytosis
14.51,5.39,77.14,26.94,34.92,2,Compensated Microcytosis
6.9,2.99,69.04,23.05,33.4,1,Anemic
10.5,4.22,72.7,24.86,34.22,1,Anemic
14.63,4.84,90.01,30.24,33.56,2,Compensated Microcytosis
12.4,4.9,79.86,25.29,31.72,1,Anemic
8.7,4.35,56.29,19.96,35.54,1,Anemic
15.08,5.54,85.32,27.2,31.87,0,Non-Anemic
14.9,5.93,78.12,25.13,32.18,2,Compensated Microcytosis
17.1,5.91,83.61,28.93,34.62,0,Non-Anemic
13.2,4.75,83.86,27.79,33.17,2,Compensated Microcytosis
11.9,4.1,87.7,29.0,33.14,1,Anemic
9.6,2.89,91.31,33.22,36.42,1,Anemic
14.4,4.72,85.98,30.49,35.51,0,Non-Anemic
13.5,5.3,75.57,25.5,33.71,2,Compensated Microcytosis
16.7,5.62,85.46,29.7,34.77,0,Non-Anemic
12.6,4.8,74.35,26.27,35.3,2,Compensated Microcytosis
15.1,5.67,75.81,26.63,35.16,2,Compensated Microcytosis
8.8,4.6,54.1,19.1,35.39,1,Anemic
14.5,5.3,79.41,27.38,34.42,0,Non-Anemic
15.9,5.5,87.5,28.93,33.05,0,Non-Anemic
14.06,5.07,84.85,27.76,32.67,0,Non-Anemic
13.9,4.16,106.2,33.42,31.47,0,Non-Anemic
14.2,5.4,77.4,26.27,33.95,2,Compensated Microcytosis
10.7,4.56,70.4,23.47,33.36,1,Anemic
16.9,5.34,95.2,31.65,33.21,2,Compensated Microcytosis
15.22,5.5,83.34,27.64,33.2,2,Compensated Microcytosis
16.94,5.0,98.53,33.88,34.37,0,Non-Anemic
13.0,4.58,87.89,28.41,32.3,0,Non-Anemic
13.4,4.81,79.48,27.87,35.08,0,Non-Anemic
14.73,5.04,80.56,29.19,36.26,0,Non-Anemic
14.16,5.42,83.16,26.09,31.41,2,Compensated Microcytosis
11.5,3.48,88.68,33.04,37.27,1,Anemic
14.8,4.99,88.21,29.69,33.63,0,Non-Anemic
10.4,3.7,80.73,28.13,34.81,1,Anemic
11.1,4.94,65.94,22.48,34.06,1,Anemic
13.0,4.14,93.92,31.38,33.42,0,Non-Anemic
17.09,4.79,97.81,35.67,36.48,2,Compensated Microcytosis
14.6,4.52,96.96,32.32,33.33,2,Compensated Microcytosis
15.52,5.19,91.09,29.91,32.81,2,Compensated Microcytosis
8.3,4.04,60.74,20.51,33.82,1,Anemic
12.67,5.2,75.35,24.4,32.33,2,Compensated Microcytosis
8.9,4.14,59.05,21.52,36.43,1,Anemic
13.2,4.9,75.43,26.93,35.75,2,Compensated Microcytosis
12.3,4.56,79.07,27.01,34.12,2,Compensated Microcytosis
15.1,5.8,74.05,26.0,35.15,2,Compensated Microcytosis
14.52,5.29,82.06,27.47,33.4,2,Compensated Microcytosis
12.5,4.7,77.66,26.59,34.25,2,Compensated Microcytosis
12.3,5.05,75.73,24.35,32.2,2,Compensated Microcytosis
12.9,4.57,83.4,28.26,33.82,1,Anemic
12.3,5.35,73.09,22.97,31.48,2,Compensated Microcytosis
13.4,4.33,87.96,30.98,35.23,0,Non-Anemic
8.6,3.55,69.32,24.19,34.97,1,Anemic
13.38,5.21,72.85,25.72,35.22,2,Compensated Microcytosis
12.3,4.56,79.03,26.95,34.15,2,Compensated Microcytosis
14.2,4.43,93.02,32.03,34.49,0,Non-Anemic
13.6,5.6,72.66,24.32,33.41,2,Compensated Microcytosis
14.2,5.82,74.94,24.42,32.52,2,Compensated Microcytosis
9.8,4.45,64.51,22.02,34.15,1,Anemic
12.68,4.95,72.48,25.65,35.38,2,Compensated Microcytosis
16.1,5.78,79.06,27.84,35.2,0,Non-Anemic
16.2,5.14,93.24,31.49,33.83,0,Non-Anemic
15.9,6.04,76.24,26.31,34.52,2,Compensated Microcytosis
12.6,4.56,83.11,27.67,33.23,1,Anemic
16.06,5.72,82.81,28.05,33.95,2,Compensated Microcytosis
11.4,4.26,77.95,26.79,34.31,1,Anemic
15.06,5.7,77.66,26.38,34.02,2,Compensated Microcytosis
13.1,5.07,73.95,25.84,34.94,2,Compensated Microcytosis
13.1,4.11,89.25,31.89,35.75,0,Non-Anemic
12.9,5.25,72.11,24.57,34.08,2,Compensated Microcytosis
7.1,1.96,105.26,36.19,34.38,1,Anemic
9.3,4.76,59.1,19.54,33.03,1,Anemic
14.37,4.88,88.79,29.46,33.15,0,Non-Anemic
10.5,4.93,64.86,21.3,32.85,1,Anemic
13.1,4.5,88.47,29.08,32.94,2,Compensated Microcytosis
15.34,4.71,93.67,32.53,34.77,0,Non-Anemic
13.6,4.75,82.3,28.66,34.84,2,Compensated Microcytosis
12.6,4.03,91.26,31.23,34.29,1,Anemic
7.8,3.15,76.38,24.8,32.44,1,Anemic
7.8,2.83,78.65,27.58,35.04,1,Anemic
11.8,4.2,83.46,28.12,33.68,1,Anemic
12.1,5.0,70.27,24.2,34.39,1,Anemic
9.0,4.77,55.11,18.83,34.23,1,Anemic
12.2,4.5,81.6,27.09,33.21,2,Compensated Microcytosis
14.1,4.92,92.04,28.66,31.1,0,Non-Anemic
14.9,5.08,85.24,29.29,34.44,0,Non-Anemic
10.2,3.6,83.22,28.35,34.07,1,Anemic
12.57,4.58,79.94,27.46,34.34,0,Non-Anemic
11.4,4.57,76.06,24.94,32.82,1,Anemic
12.2,3.65,93.24,33.45,35.82,1,Anemic
11.3,4.27,77.89,26.44,33.97,1,Anemic
13.1,4.39,87.87,29.81,33.95,0,Non-Anemic
12.8,4.19,88.82,30.51,34.4,0,Non-Anemic
13.1,4.06,95.16,32.28,33.9,0,Non-Anemic
16.0,5.44,89.66,29.45,32.76,0,Non-Anemic
14.5,4.57,96.31,31.71,32.92,0,Non-Anemic
12.6,4.88,75.79,25.86,34.08,1,Anemic
7.3,2.77,72.65,26.38,36.29,1,Anemic
13.96,5.23,79.22,26.7,33.71,2,Compensated Microcytosis
15.26,5.49,82.84,27.76,33.56,2,Compensated Microcytosis
15.1,5.7,78.82,26.5,33.59,2,Compensated Microcytosis
14.9,5.07,86.97,29.38,33.84,0,Non-Anemic
11.0,3.67,88.82,29.95,33.7,1,Anemic
13.0,4.86,80.09,26.76,33.39,2,Compensated Microcytosis
14.7,4.62,92.95,31.8,34.25,2,Compensated Microcytosis
11.9,4.29,87.81,27.74,31.63,1,Anemic
13.7,4.36,92.6,31.43,33.9,0,Non-Anemic
15.0,4.76,94.93,31.5,33.24,0,Non-Anemic
14.8,5.05,86.14,29.31,34.03,0,Non-Anemic
8.6,4.94,50.24,17.38,34.65,1,Anemic
14.27,5.42,76.5,26.33,34.42,2,Compensated Microcytosis
10.4,3.45,89.66,30.16,33.63,1,Anemic
12.6,5.05,75.11,24.94,33.23,2,Compensated Microcytosis
17.0,5.57,87.67,30.48,34.8,0,Non-Anemic
