PID,Gender,Age,HGB,RBC,HCT,MCV,MCH,MCHC,RDW_CV,Platelets,MPV,PCT,WBC,Neutrophils_Percent,Lymphocytes_Percent,Monocytes_Percent,Eosinophils_Percent,Basophils_Percent,History_Anemia,History_Family,Substance_Use,Class
PID_0001,Male,24,13.20,4.90,38.15,77.88,26.93,34.61,11.98,305.00,9.31,0.28,10.50,64.02,31.02,3.03,2.00,0.00,No,No,No,Compensated Microcytosis
PID_0002,Male,24,14.20,5.15,41.97,81.49,27.61,33.84,13.83,275.00,8.17,0.23,8.00,63.03,31.98,2.03,3.00,0.00,Yes,Yes,Yes,Non-Anemic
PID_0003,Male,28,9.60,5.66,27.60,48.80,16.99,34.75,20.04,128.00,10.01,0.13,11.10,51.94,38.24,4.87,4.90,0.00,No,Yes,Yes,Anemic
PID_0004,Male,41,13.80,4.78,38.52,80.54,28.88,35.83,13.00,419.00,6.98,0.29,7.00,62.62,25.26,8.04,4.04,0.00,No,No,Yes,Non-Anemic
PID_0005,Female,40,13.40,4.65,39.74,85.48,28.85,33.72,13.03,325.00,8.35,0.27,8.10,53.13,39.60,4.18,3.12,0.00,No,No,No,Non-Anemic
PID_0006,Male,76,11.30,4.24,33.51,79.05,26.64,33.71,14.86,264.00,9.39,0.25,13.40,59.97,26.63,9.97,3.33,0.00,No,No,No,Anemic
PID_0007,Female,20,11.50,4.14,32.04,77.37,27.82,35.93,13.19,196.00,8.42,0.17,4.80,65.91,24.18,8.82,1.10,0.00,No,No,No,Anemic
PID_0008,Male,24,12.70,4.29,36.37,84.73,29.64,34.96,14.53,233.00,8.48,0.20,14.00,65.49,23.78,8.34,1.19,1.19,No,No,Yes,Anemic
PID_0009,Female,28,12.40,4.98,37.09,74.51,24.91,33.41,16.19,213.00,8.69,0.19,9.30,64.42,24.04,6.72,4.81,0.00,No,Yes,No,Compensated Microcytosis
PID_0010,Male,14,13.90,4.97,40.11,80.67,27.96,34.66,15.20,229.00,7.74,0.18,3.90,58.45,33.63,2.99,4.95,0.00,No,No,No,Compensated Microcytosis
PID_0011,Male,16,12.00,4.16,35.88,86.27,28.86,33.44,17.89,211.00,9.39,0.20,5.80,65.45,25.93,6.19,2.47,0.00,No,No,Yes,Anemic
PID_0012,Male,62,13.30,5.25,39.77,75.78,25.36,33.42,15.62,151.00,7.53,0.11,10.70,65.16,24.68,4.50,5.62,0.00,No,Yes,Yes,Compensated Microcytosis
PID_0013,Male,42,6.10,2.17,17.79,81.97,28.08,34.31,24.56,92.00,8.11,0.07,3.50,56.68,37.15,4.14,2.06,0.00,Yes,No,No,Anemic
PID_0014,Male,28,13.40,4.81,42.27,87.87,27.90,31.67,14.31,150.00,8.82,0.13,6.20,55.47,33.73,6.50,4.35,0.00,No,No,No,Non-Anemic
PID_0015,Male,59,10.20,3.41,31.94,93.71,29.91,31.96,16.78,132.00,7.99,0.11,6.60,60.00,33.66,5.44,0.91,0.00,No,Yes,No,Anemic
PID_0016,Female,28,9.30,2.26,27.91,123.47,41.15,33.35,15.63,222.00,9.01,0.20,5.30,54.03,34.04,7.98,4.00,0.00,Yes,No,No,Anemic
PID_0017,Male,60,12.00,4.52,36.60,81.02,26.56,32.82,14.71,589.00,9.49,0.56,10.50,57.93,32.61,4.23,5.26,0.00,No,No,No,Anemic
PID_0018,Male,22,14.30,5.17,41.60,80.46,27.64,34.40,13.22,268.00,9.20,0.25,10.70,56.49,32.44,7.37,3.70,0.00,No,No,No,Non-Anemic
PID_0019,Male,64,13.10,4.60,39.81,86.50,28.46,32.89,14.39,150.00,6.84,0.10,9.70,59.56,27.25,9.06,4.04,0.00,No,No,No,Non-Anemic
PID_0020,Male,78,11.30,4.24,34.98,82.53,26.63,32.29,14.92,264.00,8.48,0.22,13.40,55.03,32.97,7.99,4.00,0.00,No,No,No,Anemic
PID_0021,Male,57,9.00,3.01,25.17,83.60,29.93,35.74,24.98,400.00,9.24,0.37,2.90,54.77,34.60,5.73,4.81,0.00,No,Yes,No,Anemic
PID_0022,Male,51,15.60,6.60,46.25,70.08,23.65,33.73,13.32,154.00,7.37,0.11,9.60,58.63,31.05,5.74,4.60,0.00,No,No,No,Compensated Microcytosis
PID_0023,Female,50,12.70,5.46,37.26,68.23,23.27,34.10,17.24,350.00,9.01,0.31,12.10,58.11,32.35,7.59,1.90,0.00,No,No,No,Compensated Microcytosis
PID_0024,Female,77,9.30,4.36,28.80,66.09,21.30,32.29,16.01,438.00,8.97,0.39,10.80,60.82,32.39,1.93,4.90,0.00,No,Yes,No,Anemic
PID_0025,Female,40,10.70,4.56,32.09,70.40,23.47,33.36,15.84,233.00,7.45,0.17,6.20,54.92,36.24,4.87,3.92,0.00,No,No,No,Anemic
PID_0026,Male,53,11.70,3.81,34.28,89.95,30.72,34.16,14.31,219.00,9.02,0.20,5.40,55.15,36.45,3.75,4.67,0.00,No,No,No,Anemic
PID_0027,Female,55,11.60,4.11,35.56,86.54,28.22,32.59,16.12,186.00,8.60,0.16,5.80,65.27,27.36,4.20,3.16,0.00,No,No,No,Anemic
PID_0028,Male,57,10.60,3.54,30.77,86.89,29.91,34.45,22.46,198.00,8.89,0.18,6.20,67.31,22.44,8.20,2.04,0.00,No,No,No,Anemic
PID_0029,Male,36,12.70,4.83,38.16,79.00,26.30,33.28,13.48,283.00,7.59,0.22,13.90,61.18,30.07,4.83,3.88,0.00,No,No,No,Anemic
PID_0030,Female,25,11.30,5.65,33.58,59.41,19.99,33.65,17.70,125.00,8.50,0.11,5.80,62.17,26.84,7.36,3.66,0.00,No,No,No,Anemic
PID_0031,Male,80,10.10,3.81,30.35,79.63,26.53,33.32,16.32,188.00,7.02,0.13,9.10,55.55,36.09,5.59,2.78,0.00,No,No,No,Anemic
PID_0032,Female,28,12.40,4.98,34.23,68.72,24.92,36.22,16.22,158.00,6.54,0.10,9.30,52.65,34.75,7.40,5.26,0.00,No,No,No,Compensated Microcytosis
PID_0033,Female,30,10.90,4.36,32.07,73.56,25.03,34.02,17.92,324.00,8.54,0.28,9.40,62.40,31.19,3.68,2.75,0.00,No,No,No,Anemic
PID_0034,Female,25,9.10,3.04,27.80,91.43,29.90,32.75,17.37,241.00,9.27,0.22,4.60,58.25,36.25,3.34,2.20,0.00,No,Yes,No,Anemic
PID_0035,Female,35,9.90,4.12,28.30,68.66,24.03,34.96,17.32,306.00,8.64,0.26,8.60,66.04,25.20,6.78,1.94,0.00,Yes,Yes,No,Anemic
PID_0036,Male,56,10.30,4.87,31.66,64.97,21.19,32.51,15.02,221.00,8.34,0.18,5.80,58.22,34.92,5.81,0.97,0.00,No,No,No,Anemic
PID_0037,Male,57,9.00,3.01,26.28,87.33,29.88,34.27,24.99,400.00,8.26,0.33,2.90,59.98,32.61,5.26,2.11,0.00,Yes,No,No,Anemic
PID_0038,Female,40,10.70,4.56,33.81,74.14,23.47,31.67,15.78,233.00,7.63,0.18,6.20,54.08,35.12,8.09,2.70,0.00,No,No,No,Anemic
PID_0039,Male,70,7.80,3.15,24.07,76.38,24.80,32.44,16.47,398.00,8.19,0.33,13.20,63.12,27.37,7.18,2.38,0.00,No,No,No,Anemic
PID_0040,Female,42,11.40,3.91,33.30,85.19,29.14,34.23,15.11,153.00,8.73,0.13,9.10,63.44,26.92,4.81,4.81,0.00,No,No,No,Anemic
PID_0041,Male,14,7.80,2.83,22.36,79.01,27.53,34.92,13.30,222.00,8.07,0.18,6.20,62.91,28.13,7.85,1.12,0.00,No,No,Yes,Anemic
PID_0042,Male,79,7.10,1.96,20.76,105.86,36.24,34.23,14.78,150.00,8.99,0.14,7.60,57.60,35.33,4.03,3.03,0.00,No,No,No,Anemic
PID_0043,Male,65,14.30,4.68,42.23,90.24,30.55,33.83,13.28,362.00,8.56,0.31,20.30,64.96,26.27,7.49,1.25,0.00,No,No,No,Non-Anemic
PID_0044,Male,63,14.80,4.67,44.00,94.22,31.69,33.64,13.52,162.00,8.69,0.14,9.80,57.31,30.34,9.00,3.37,0.00,No,No,No,Non-Anemic
PID_0045,Male,29,13.10,4.13,40.65,98.45,31.75,32.21,16.30,140.00,9.12,0.13,6.00,61.54,28.85,4.84,4.81,0.00,No,No,No,Compensated Microcytosis
PID_0046,Male,68,12.60,4.57,38.02,83.24,27.55,33.12,13.93,155.00,7.95,0.12,6.60,59.38,35.17,4.38,1.10,0.00,No,No,No,Anemic
PID_0047,Female,55,8.50,4.80,25.41,52.92,17.71,33.44,17.87,182.00,8.90,0.16,23.10,50.50,36.40,9.13,4.04,0.00,No,No,No,Anemic
PID_0048,Female,89,6.90,2.99,19.56,65.47,23.09,35.27,18.30,187.00,8.12,0.15,6.40,57.01,29.01,9.66,3.23,1.08,Yes,Yes,No,Anemic
PID_0049,Female,66,10.40,3.70,30.22,81.68,28.13,34.37,16.54,140.00,8.68,0.12,13.40,59.26,34.24,2.78,3.70,0.00,No,Yes,No,Anemic
PID_0050,Male,56,11.60,4.32,36.38,84.20,26.82,31.87,13.70,378.00,7.91,0.30,8.20,61.59,33.03,4.49,0.89,0.00,No,No,No,Anemic
PID_0051,Male,30,14.10,4.33,41.00,94.69,32.55,34.40,15.50,90.00,7.69,0.07,7.00,60.73,29.47,6.26,3.57,0.00,No,No,No,Compensated Microcytosis
PID_0052,Male,44,15.10,5.25,45.02,85.75,28.76,33.51,14.50,150.00,8.48,0.13,9.60,55.90,36.57,3.23,4.30,0.00,No,No,No,Non-Anemic
PID_0053,Male,42,14.10,4.99,42.49,85.12,28.23,33.16,13.91,159.00,6.90,0.11,6.10,70.39,25.49,3.06,1.02,0.00,No,No,No,Non-Anemic
PID_0054,Female,58,11.00,4.18,31.67,75.79,26.33,34.76,13.56,238.00,8.19,0.19,9.70,61.85,30.92,2.04,5.15,0.00,No,Yes,No,Anemic
PID_0055,Male,60,13.40,4.74,38.03,80.27,28.29,35.23,13.28,241.00,7.14,0.17,9.10,61.07,29.66,5.59,3.70,0.00,No,No,No,Non-Anemic
PID_0056,Female,40,12.00,4.59,34.17,74.48,26.13,35.09,14.92,150.00,9.04,0.14,7.50,67.40,21.73,5.46,4.35,1.09,No,No,No,Compensated Microcytosis
PID_0057,Female,40,9.20,3.49,27.88,79.89,26.35,32.96,18.52,333.00,9.26,0.31,15.70,64.50,26.85,3.20,5.38,0.00,No,No,No,Anemic
PID_0058,Female,20,9.80,4.35,29.14,67.01,22.49,33.66,19.22,359.00,7.70,0.28,5.70,59.99,32.92,2.37,4.71,0.00,No,No,No,Anemic
PID_0059,Male,15,14.90,5.84,43.32,74.20,25.49,34.41,12.43,160.00,8.75,0.14,2.60,59.83,27.80,7.21,4.12,1.03,No,No,No,Compensated Microcytosis
PID_0060,Male,13,11.00,5.08,31.28,61.54,21.61,35.19,15.76,206.00,9.10,0.19,10.50,56.70,33.36,4.48,4.44,1.11,No,No,No,Anemic
PID_0061,Female,52,10.20,4.68,30.52,65.20,21.77,33.45,17.06,534.00,9.13,0.49,12.80,54.69,35.87,7.56,1.89,0.00,Yes,No,No,Anemic
PID_0062,Female,30,11.90,4.61,35.23,76.43,25.81,33.80,13.16,259.00,8.60,0.22,10.20,58.57,28.29,8.09,5.05,0.00,No,Yes,No,Anemic
PID_0063,Male,15,10.00,4.71,30.61,65.02,21.25,32.69,16.40,263.00,8.96,0.24,12.70,55.38,34.93,4.82,3.88,0.97,No,No,Yes,Anemic
PID_0064,Female,13,14.20,5.82,43.61,74.94,24.42,32.52,17.24,153.00,7.89,0.12,6.40,62.23,29.25,2.86,4.72,0.94,No,No,No,Compensated Microcytosis
PID_0065,Female,35,13.20,4.30,37.74,87.78,30.71,35.00,13.61,198.00,8.49,0.17,6.50,53.22,35.12,8.51,3.19,0.00,No,No,No,Non-Anemic
PID_0066,Male,81,9.70,3.52,27.23,77.33,27.52,35.66,13.53,256.00,7.98,0.21,15.50,58.23,32.98,5.83,2.91,0.00,Yes,No,No,Anemic
PID_0067,Female,81,9.70,3.52,28.60,81.24,27.52,33.93,13.47,256.00,8.43,0.22,15.50,53.15,35.15,7.21,4.50,0.00,No,No,No,Anemic
PID_0068,Male,14,14.40,5.09,40.90,80.33,28.33,35.24,14.52,170.00,8.67,0.15,8.40,62.91,22.43,8.96,5.62,0.00,No,No,No,Non-Anemic
PID_0069,Male,32,14.60,5.01,42.40,84.61,29.11,34.46,13.98,150.00,9.31,0.14,5.40,54.78,30.49,9.45,5.26,0.00,No,No,No,Non-Anemic
PID_0070,Female,70,14.80,5.36,44.54,83.12,27.60,33.27,13.72,242.00,8.63,0.21,5.90,62.62,32.50,2.44,2.41,0.00,No,No,No,Non-Anemic
PID_0071,Male,13,12.80,4.92,37.17,75.59,26.05,34.42,14.43,150.00,8.96,0.13,4.30,60.92,33.61,2.70,2.73,0.00,No,No,No,Anemic
PID_0072,Male,13,13.30,5.24,37.10,70.77,25.36,35.82,13.33,232.00,8.93,0.21,9.20,63.50,23.51,7.09,5.88,0.00,No,No,No,Compensated Microcytosis
PID_0073,Male,45,13.50,4.81,39.76,82.64,28.10,33.96,14.31,190.00,10.58,0.20,14.00,67.80,23.36,3.35,5.56,0.00,No,No,No,Non-Anemic
PID_0074,Female,17,10.20,3.84,28.43,74.00,26.59,35.88,14.20,266.00,6.98,0.19,7.70,66.27,21.71,9.82,2.17,0.00,No,No,No,Anemic
PID_0075,Female,44,12.70,4.90,41.16,84.03,25.91,30.88,13.60,192.00,7.83,0.15,9.10,71.60,21.01,5.26,2.11,0.00,No,No,No,Compensated Microcytosis
PID_0076,Male,27,14.40,4.82,41.16,85.41,29.91,35.01,12.20,150.00,9.54,0.14,7.40,58.52,29.76,5.28,5.32,1.06,No,No,No,Non-Anemic
PID_0077,Female,24,11.20,4.47,32.84,73.50,25.07,34.09,14.83,198.00,8.15,0.16,8.00,57.29,35.95,5.65,1.12,0.00,No,No,No,Anemic
PID_0078,Male,59,12.30,4.89,36.56,74.80,25.17,33.60,13.73,167.00,9.11,0.15,6.30,65.56,21.48,7.54,5.38,0.00,No,No,No,Anemic
PID_0079,Female,26,8.10,3.50,23.75,67.82,23.13,34.10,17.36,350.00,8.58,0.30,13.20,60.19,28.36,7.09,4.42,0.00,No,Yes,No,Anemic
PID_0080,Female,25,12.00,3.52,37.96,107.83,34.08,31.58,14.81,341.00,10.06,0.34,8.00,52.96,38.22,6.87,1.96,0.00,No,No,No,Compensated Microcytosis
PID_0081,Male,65,12.70,4.32,37.64,87.14,29.43,33.72,13.03,139.00,7.47,0.10,6.70,67.06,28.57,2.20,2.20,0.00,No,No,No,Anemic
PID_0082,Male,20,11.90,4.87,34.56,70.97,24.44,34.43,17.09,384.00,9.41,0.36,4.50,68.00,21.69,5.13,5.15,0.00,No,No,No,Anemic
PID_0083,Female,32,10.00,5.64,27.95,49.58,17.76,35.80,17.97,152.00,9.80,0.15,7.80,62.84,23.80,8.56,4.76,0.00,No,No,No,Anemic
PID_0084,Female,27,10.70,4.43,32.06,72.39,24.15,33.42,15.88,452.00,7.62,0.34,7.70,61.45,27.09,6.23,5.21,0.00,Yes,No,No,Anemic
PID_0085,Male,17,19.60,6.58,59.34,90.16,29.77,33.07,13.67,10.00,9.05,0.01,7.30,63.43,31.74,2.88,1.92,0.00,No,No,No,Non-Anemic
PID_0086,Male,55,13.40,6.90,40.12,58.12,19.44,33.39,17.77,233.00,7.63,0.18,8.40,56.14,32.45,7.00,4.39,0.00,No,No,No,Compensated Microcytosis
PID_0087,Male,35,12.00,3.50,34.19,97.69,34.29,35.14,12.88,252.00,8.46,0.21,3.70,58.65,32.73,3.84,4.81,0.00,No,No,No,Anemic
PID_0088,Male,55,9.20,3.39,26.75,78.88,27.17,34.36,14.63,129.00,8.22,0.11,21.70,67.75,21.87,6.22,4.17,0.00,No,No,No,Anemic
PID_0089,Male,51,7.20,3.81,21.58,56.67,18.87,33.34,15.21,87.00,6.45,0.06,4.80,64.18,27.39,7.55,0.94,0.00,No,Yes,No,Anemic
PID_0090,Male,43,15.00,5.18,43.33,83.65,28.97,34.62,13.30,366.00,8.72,0.32,9.30,58.20,31.64,7.14,3.06,0.00,No,No,No,Non-Anemic
PID_0091,Female,33,11.90,4.24,34.88,82.29,28.06,34.13,13.61,217.00,8.51,0.18,7.60,59.96,32.69,6.38,0.91,0.00,No,No,No,Anemic
PID_0092,Male,34,16.00,4.84,45.50,94.00,33.08,35.18,12.53,306.00,9.56,0.29,7.30,59.35,29.65,6.57,4.40,0.00,No,No,No,Non-Anemic
PID_0093,Male,36,15.60,4.66,47.05,100.93,33.46,33.14,12.82,245.00,8.87,0.22,7.80,61.93,28.55,6.69,2.86,0.00,No,No,No,Non-Anemic
PID_0094,Male,35,14.10,4.57,41.96,91.79,30.83,33.64,14.07,205.00,10.20,0.21,5.50,63.20,25.25,5.77,5.75,0.00,No,No,No,Non-Anemic
PID_0095,Male,27,15.50,4.23,46.23,109.26,36.66,33.53,12.78,95.00,8.49,0.08,8.40,64.77,28.39,2.28,4.55,0.00,No,No,No,Non-Anemic
PID_0096,Female,71,8.00,2.89,24.81,85.83,27.70,32.25,14.60,327.00,8.29,0.27,4.90,65.06,27.16,2.92,4.85,0.00,Yes,No,No,Anemic
PID_0097,Male,35,11.20,3.29,32.60,99.09,34.01,34.37,15.84,150.00,8.25,0.12,5.40,67.78,27.82,2.22,2.22,0.00,No,No,No,Anemic
PID_0098,Female,35,11.80,4.10,34.39,83.87,28.80,34.30,12.72,166.00,8.03,0.13,5.80,61.50,26.94,7.71,3.85,0.00,No,No,No,Anemic
PID_0099,Male,24,13.60,4.21,39.99,95.01,32.28,34.03,15.02,150.00,6.68,0.10,7.60,65.17,29.22,3.40,2.25,0.00,No,No,No,Compensated Microcytosis
PID_0100,Male,28,10.70,4.07,31.73,77.98,26.33,33.70,12.90,220.00,8.25,0.18,7.10,60.18,27.22,8.77,3.88,0.00,Yes,No,Yes,Anemic
PID_0101,Male,52,13.00,4.58,40.25,87.89,28.41,32.30,13.44,262.00,6.75,0.18,9.00,59.28,34.28,2.80,3.70,0.00,No,No,No,Non-Anemic
PID_0102,Female,27,10.70,4.43,31.94,72.13,24.17,33.46,15.90,452.00,8.78,0.40,7.70,62.77,33.00,2.15,2.13,0.00,No,Yes,No,Anemic
PID_0103,Male,38,11.30,4.21,33.64,79.91,26.80,33.56,16.51,194.00,7.36,0.14,10.50,64.39,26.73,5.96,2.97,0.00,No,No,No,Anemic
PID_0104,Male,57,11.20,3.51,33.90,96.56,31.91,33.02,15.26,74.00,7.71,0.06,3.10,64.36,31.00,3.43,1.15,0.00,No,No,No,Anemic
PID_0105,Male,74,14.90,5.07,44.07,86.97,29.38,33.84,12.92,157.00,7.89,0.12,12.60,56.39,31.59,7.70,4.27,0.00,No,No,No,Non-Anemic
PID_0106,Male,32,13.40,4.76,38.86,81.60,28.16,34.51,12.94,140.00,8.26,0.12,4.20,51.89,36.15,8.36,3.70,0.00,No,No,No,Non-Anemic
PID_0107,Male,27,8.60,3.21,23.72,73.87,26.79,36.26,14.04,373.00,8.40,0.31,5.80,56.79,30.61,8.14,4.50,0.00,Yes,No,Yes,Anemic
PID_0108,Male,70,11.20,3.82,32.74,85.68,29.29,34.25,13.19,211.00,9.23,0.20,13.20,68.10,27.68,2.09,2.13,0.00,Yes,No,No,Anemic
PID_0109,Male,55,9.50,3.51,27.69,78.89,27.04,34.35,14.76,158.00,7.96,0.13,6.00,59.54,31.91,3.22,5.32,0.00,No,No,No,Anemic
PID_0110,Male,38,15.20,4.32,44.82,103.78,35.19,33.91,15.79,334.00,8.79,0.29,5.60,56.31,37.86,3.86,1.94,0.00,No,No,No,Compensated Microcytosis
PID_0111,Female,62,10.40,4.74,32.81,69.22,21.97,31.74,15.23,152.00,10.57,0.16,4.40,59.16,30.45,5.19,4.35,0.87,No,No,No,Anemic
PID_0112,Male,72,10.90,3.59,32.09,89.37,30.33,33.95,12.91,155.00,8.70,0.13,9.60,68.45,24.25,5.30,1.05,1.05,No,No,Yes,Anemic
PID_0113,Male,58,15.90,6.05,46.67,77.12,26.28,34.03,14.33,185.00,8.26,0.15,17.50,66.26,29.06,3.47,1.16,0.00,No,No,No,Compensated Microcytosis
PID_0114,Male,57,10.60,3.37,28.68,85.08,31.48,37.00,15.67,78.00,7.79,0.06,3.10,67.70,22.26,9.11,1.01,0.00,No,No,No,Anemic
PID_0115,Male,40,13.40,4.46,39.68,88.99,30.04,33.76,12.60,32.00,8.26,0.03,5.70,67.03,28.02,4.01,1.00,0.00,No,No,No,Non-Anemic
PID_0116,Male,65,12.00,3.90,34.92,89.56,30.79,34.39,14.50,275.00,7.68,0.21,10.60,66.35,27.90,4.84,0.96,0.00,No,No,No,Anemic
PID_0117,Female,63,10.80,4.40,31.80,72.29,24.54,33.93,14.40,206.00,8.59,0.18,9.10,58.33,34.40,5.23,1.04,1.04,No,No,No,Anemic
PID_0118,Male,40,12.30,4.16,37.73,90.73,29.57,32.58,13.89,115.00,8.47,0.10,4.40,56.52,32.60,8.66,2.17,0.00,No,No,No,Anemic
PID_0119,Female,43,10.30,3.17,29.12,91.83,32.53,35.36,16.43,120.00,6.68,0.08,5.90,59.79,33.04,2.69,3.57,0.89,No,No,Yes,Anemic
PID_0120,Male,65,12.20,3.92,34.95,89.15,31.12,34.93,14.28,180.00,8.37,0.15,11.70,60.80,31.99,2.10,5.15,0.00,No,No,No,Anemic
PID_0121,Male,58,13.70,5.17,39.20,75.85,26.47,34.92,14.79,120.00,9.27,0.11,8.40,60.89,33.70,3.23,1.09,1.09,No,No,No,Compensated Microcytosis
PID_0122,Male,57,13.10,4.50,39.81,88.47,29.08,32.94,18.04,140.00,8.04,0.11,6.10,63.48,30.81,3.89,1.92,0.00,No,No,No,Compensated Microcytosis
PID_0123,Female,15,10.20,3.58,28.58,79.85,28.49,35.71,16.17,272.00,7.88,0.21,8.70,61.74,31.38,4.93,1.96,0.00,No,No,No,Anemic
PID_0124,Male,49,13.80,4.79,42.70,89.17,28.85,32.34,13.12,267.00,7.28,0.19,5.40,54.15,39.55,3.16,2.08,1.04,No,No,No,Non-Anemic
PID_0125,Female,42,11.50,4.22,33.14,78.54,27.25,34.71,13.10,222.00,6.89,0.15,6.50,58.06,36.19,1.89,3.81,0.00,No,No,No,Anemic
PID_0126,Male,22,15.10,5.19,41.22,79.43,29.07,36.63,20.88,154.00,9.08,0.14,10.20,57.39,30.53,7.44,4.63,0.00,No,No,No,Compensated Microcytosis
PID_0127,Female,28,7.80,3.96,23.77,60.05,19.73,32.83,20.11,268.00,8.27,0.22,8.50,62.98,28.42,3.73,4.94,0.00,No,No,No,Anemic
PID_0128,Male,52,13.50,4.54,40.52,89.22,29.70,33.32,14.73,214.00,9.04,0.19,8.70,55.88,34.41,6.43,3.23,0.00,No,No,No,Compensated Microcytosis
PID_0129,Female,22,10.30,2.77,30.19,109.00,37.22,34.12,16.71,122.00,9.61,0.12,5.50,59.34,29.65,8.80,2.20,0.00,No,No,No,Anemic
PID_0130,Male,11,13.00,4.86,38.93,80.09,26.76,33.39,13.40,249.00,9.14,0.23,5.00,58.28,36.88,1.96,2.91,0.00,No,No,Yes,Compensated Microcytosis
PID_0131,Male,48,12.90,4.74,40.14,84.69,27.21,32.16,13.12,135.00,7.94,0.11,6.80,61.26,33.30,4.33,1.08,0.00,No,No,No,Anemic
PID_0132,Female,35,11.80,4.10,34.62,84.45,28.82,34.09,12.70,165.00,8.49,0.14,5.80,58.68,35.58,4.81,0.96,0.00,No,No,No,Anemic
PID_0133,Male,60,11.90,4.56,36.36,79.75,26.11,32.74,14.92,241.00,7.90,0.19,7.70,63.62,28.39,3.42,4.55,0.00,No,No,Yes,Anemic
PID_0134,Female,30,11.10,3.87,32.11,82.99,28.69,34.56,15.47,183.00,7.87,0.14,8.90,59.23,34.25,1.84,4.63,0.00,No,No,No,Anemic
PID_0135,Female,40,10.80,4.45,32.83,73.75,24.30,32.88,17.41,188.00,8.66,0.16,9.00,57.36,33.05,6.93,2.61,0.00,No,No,No,Anemic
PID_0136,Male,35,13.30,4.64,37.09,79.91,28.70,35.88,12.84,226.00,7.77,0.17,9.00,60.26,27.29,6.85,5.68,0.00,No,No,No,Non-Anemic
PID_0137,Female,60,11.90,4.12,36.00,87.35,28.89,33.05,14.56,214.00,6.61,0.14,11.80,64.55,29.19,2.08,4.17,0.00,No,No,No,Anemic
PID_0138,Female,34,8.60,3.73,25.58,68.63,23.03,33.60,16.10,258.00,7.64,0.20,9.40,69.10,22.72,7.20,1.03,0.00,Yes,Yes,No,Anemic
PID_0139,Female,16,9.90,3.47,28.30,81.58,28.50,35.01,15.13,357.00,8.18,0.29,32.70,53.79,31.15,9.65,5.38,0.00,No,No,No,Anemic
PID_0140,Female,35,10.80,4.53,33.21,73.28,23.87,32.49,16.90,348.00,9.61,0.33,8.80,56.99,33.30,5.29,4.39,0.00,No,No,No,Anemic
PID_0141,Male,52,13.50,4.54,39.39,86.77,29.70,34.27,14.71,214.00,7.97,0.17,8.70,66.70,23.62,8.61,1.08,0.00,No,No,No,Compensated Microcytosis
PID_0142,Female,42,11.50,4.22,32.33,76.65,27.26,35.60,13.07,222.00,8.77,0.20,6.50,59.03,34.03,3.97,3.00,0.00,No,No,No,Anemic
PID_0143,Male,48,12.90,4.47,40.22,90.01,28.85,32.05,13.12,135.00,8.22,0.11,6.80,70.08,22.97,5.77,1.15,0.00,No,No,No,Anemic
PID_0144,Female,50,9.10,2.88,26.59,92.31,31.56,34.23,15.30,497.00,9.38,0.47,7.90,56.65,28.92,8.86,5.56,0.00,No,Yes,No,Anemic
PID_0145,Female,38,10.90,3.96,31.77,80.26,27.52,34.27,14.74,317.00,9.30,0.30,10.20,54.77,32.67,9.46,3.16,0.00,No,No,No,Anemic
PID_0146,Male,78,7.00,4.21,20.04,47.57,16.67,34.96,21.32,365.00,9.31,0.34,5.30,57.84,35.31,3.96,2.94,0.00,Yes,No,No,Anemic
PID_0147,Male,30,11.30,4.10,34.75,84.73,27.56,32.53,13.03,134.00,7.01,0.09,5.60,54.29,41.47,3.21,1.06,0.00,No,No,No,Anemic
PID_0148,Male,60,14.10,5.39,43.50,80.71,26.18,32.44,15.24,130.00,8.55,0.11,8.30,66.69,25.83,2.16,5.38,0.00,No,No,No,Compensated Microcytosis
PID_0149,Female,35,11.80,4.10,34.08,83.08,28.79,34.65,12.73,165.00,8.98,0.15,5.80,64.59,23.92,7.29,4.17,0.00,No,No,No,Anemic
PID_0150,Male,30,13.30,4.95,38.71,78.23,26.84,34.39,14.02,198.00,8.71,0.17,7.40,61.49,28.48,5.52,4.59,0.00,No,No,No,Compensated Microcytosis
PID_0151,Male,38,13.40,3.85,39.07,101.44,34.79,34.33,18.16,140.00,8.88,0.12,7.10,52.54,39.39,6.05,2.02,0.00,No,No,No,Compensated Microcytosis
PID_0152,Male,28,9.30,2.26,27.02,119.54,41.12,34.44,15.64,222.00,8.42,0.19,5.30,56.59,37.36,2.06,4.04,0.00,No,No,Yes,Anemic
PID_0153,Male,14,13.90,4.97,41.89,84.31,27.97,33.17,15.19,229.00,7.78,0.18,3.90,57.81,33.05,6.44,2.75,0.00,No,No,No,Compensated Microcytosis
PID_0154,Male,24,9.60,2.89,28.01,96.95,33.24,34.30,16.49,207.00,7.07,0.15,7.60,61.10,33.60,1.81,3.54,0.00,Yes,No,No,Anemic
PID_0155,Male,38,13.20,3.36,38.43,114.38,39.29,34.36,16.74,150.00,7.91,0.12,7.20,66.02,28.00,2.99,3.00,0.00,No,No,No,Compensated Microcytosis
PID_0156,Female,80,8.10,2.96,24.44,82.60,27.34,33.14,17.43,127.00,10.51,0.13,16.90,63.55,23.99,9.35,3.12,0.00,No,Yes,No,Anemic
PID_0157,Female,78,10.30,3.34,28.42,85.13,30.80,36.23,15.43,24.00,8.02,0.02,4.90,69.11,22.36,4.29,4.26,0.00,No,No,No,Anemic
PID_0158,Female,54,8.10,2.55,23.43,91.88,31.75,34.59,16.69,112.00,6.82,0.08,3.40,64.18,24.24,8.44,3.16,0.00,No,Yes,No,Anemic
PID_0159,Male,26,12.70,4.19,38.99,93.05,30.33,32.60,14.54,52.00,8.94,0.05,5.20,68.05,22.34,6.35,3.19,0.00,No,No,No,Anemic
PID_0160,Female,24,11.00,3.74,31.62,84.57,29.38,34.82,16.68,36.00,9.09,0.03,5.50,60.22,34.66,3.02,2.04,0.00,No,No,No,Anemic
PID_0161,Male,57,9.70,3.18,29.55,92.92,30.54,32.85,15.52,84.00,9.41,0.08,2.00,65.10,24.45,4.64,5.81,0.00,No,No,No,Anemic
PID_0162,Female,78,8.00,2.71,22.89,84.49,29.50,34.93,15.03,32.00,8.79,0.03,4.30,68.34,22.75,2.93,4.95,0.99,No,Yes,No,Anemic
PID_0163,Male,13,12.30,4.42,34.76,78.65,27.86,35.42,13.86,47.00,9.12,0.04,8.80,61.35,28.44,7.96,2.27,0.00,No,No,No,Anemic
PID_0164,Female,65,7.70,2.53,23.32,92.20,30.46,32.99,15.00,90.00,9.91,0.09,6.50,58.16,30.25,6.95,4.65,0.00,No,No,No,Anemic
PID_0165,Female,24,10.60,3.53,30.15,85.39,30.06,35.14,14.19,221.00,7.78,0.17,6.30,63.43,27.85,7.68,0.96,0.00,No,No,No,Anemic
PID_0166,Female,27,10.20,3.41,29.57,86.68,29.89,34.48,14.77,210.00,7.62,0.16,8.10,55.88,40.85,2.12,1.08,0.00,No,Yes,No,Anemic
PID_0167,Female,23,10.30,3.54,29.44,83.16,29.12,35.02,15.74,215.00,7.55,0.16,5.10,60.19,36.91,1.91,0.97,0.00,No,No,No,Anemic
PID_0168,Female,22,9.90,3.33,27.29,81.99,29.70,36.26,14.66,252.00,8.20,0.21,6.80,62.97,31.03,4.01,2.00,0.00,No,No,No,Anemic
PID_0169,Male,28,10.20,3.44,30.26,87.99,29.61,33.69,16.27,223.00,9.50,0.21,8.90,67.67,22.20,8.10,2.02,0.00,No,No,Yes,Anemic
PID_0170,Male,47,12.40,4.18,37.47,89.60,29.70,33.07,15.42,162.00,8.85,0.14,6.30,54.66,32.97,9.28,3.09,0.00,No,No,No,Anemic
PID_0171,Male,54,12.50,3.63,37.96,104.53,34.46,32.89,15.40,216.00,8.79,0.19,5.10,60.90,33.65,4.54,0.91,0.00,No,No,No,Anemic
PID_0172,Male,65,13.60,4.71,41.19,87.45,28.84,33.03,16.22,148.00,6.92,0.10,9.60,58.72,29.35,7.58,4.35,0.00,No,No,No,Compensated Microcytosis
PID_0173,Male,50,14.60,5.50,43.06,78.30,26.53,33.90,15.91,102.00,7.81,0.08,4.70,60.77,31.77,3.73,3.74,0.00,No,No,No,Compensated Microcytosis
PID_0174,Female,17,11.20,3.70,32.55,87.98,30.24,34.43,16.29,89.00,6.93,0.06,4.70,65.82,26.32,6.59,1.32,0.00,No,Yes,No,Anemic
PID_0175,Female,24,13.90,3.48,40.49,116.32,39.97,34.35,15.73,84.00,9.37,0.08,4.40,70.80,24.71,3.34,1.12,0.00,No,No,No,Compensated Microcytosis
PID_0176,Female,46,11.00,4.86,31.44,64.68,22.63,35.01,16.13,258.00,9.65,0.25,6.30,64.66,27.27,7.09,1.01,0.00,No,No,No,Anemic
PID_0177,Male,35,13.20,4.75,38.81,81.72,27.81,34.01,15.61,157.00,9.01,0.14,8.40,67.46,26.76,3.51,2.33,0.00,No,No,No,Compensated Microcytosis
PID_0178,Male,47,13.00,4.73,36.37,76.86,27.46,35.71,16.06,252.00,7.66,0.19,8.10,58.20,31.82,8.17,1.82,0.00,No,No,Yes,Compensated Microcytosis
PID_0179,Male,62,14.20,4.68,42.16,90.05,30.32,33.70,16.31,131.00,9.56,0.13,6.60,62.90,27.63,7.65,1.90,0.00,No,No,No,Compensated Microcytosis
PID_0180,Female,40,11.50,3.48,30.86,88.68,33.04,37.27,16.06,246.00,8.22,0.20,7.20,55.79,32.60,6.35,5.26,0.00,Yes,No,No,Anemic
PID_0181,Male,37,11.20,4.87,32.23,66.16,22.96,34.71,15.86,417.00,7.45,0.31,8.60,58.11,31.44,6.69,3.81,0.00,No,No,No,Anemic
PID_0182,Male,38,13.80,4.74,41.85,88.33,29.09,32.99,16.20,191.00,7.63,0.15,9.20,56.24,34.37,5.20,4.17,0.00,No,No,No,Compensated Microcytosis
PID_0183,Male,12,11.20,4.47,34.24,76.57,25.03,32.71,15.99,103.00,8.03,0.08,3.00,62.10,24.11,10.35,3.45,0.00,No,No,No,Anemic
PID_0184,Male,29,12.10,4.18,34.99,83.70,28.97,34.59,16.19,153.00,8.42,0.13,5.20,65.23,26.13,6.50,2.17,0.00,No,No,No,Anemic
PID_0185,Female,50,12.60,4.33,37.35,86.30,29.06,33.71,15.66,168.00,8.31,0.14,6.20,63.96,27.87,2.29,5.81,0.00,No,Yes,No,Compensated Microcytosis
PID_0186,Female,27,12.50,4.86,35.86,73.75,25.73,34.87,16.30,282.00,7.25,0.20,6.60,61.55,27.44,5.46,5.49,0.00,No,No,No,Compensated Microcytosis
PID_0187,Male,62,13.90,5.59,40.21,71.94,24.89,34.57,15.96,197.00,9.42,0.18,12.20,61.14,31.05,3.85,3.88,0.00,No,No,No,Compensated Microcytosis
PID_0188,Female,36,13.80,4.55,40.69,89.39,30.34,33.94,15.73,253.00,8.31,0.21,9.10,65.25,30.41,2.14,2.17,0.00,No,No,No,Compensated Microcytosis
PID_0189,Male,28,13.80,4.38,41.84,95.55,31.49,32.98,16.10,185.00,7.79,0.14,7.30,57.42,31.45,8.35,2.78,0.00,No,No,No,Compensated Microcytosis
PID_0190,Female,60,11.20,4.53,34.80,76.80,24.68,32.15,16.42,311.00,9.30,0.29,11.70,57.95,37.48,2.23,2.27,0.00,No,No,No,Anemic
PID_0191,Male,60,11.30,4.18,33.77,80.75,27.06,33.48,15.03,140.00,7.45,0.10,19.50,64.40,29.87,4.58,1.15,0.00,No,No,No,Anemic
PID_0192,Female,48,12.60,4.52,35.97,79.59,27.85,35.02,16.92,392.00,7.09,0.28,9.10,58.98,33.36,5.96,1.71,0.00,No,No,No,Compensated Microcytosis
PID_0193,Male,80,11.00,3.78,32.11,84.98,29.10,34.24,15.46,151.00,9.38,0.14,8.20,68.86,27.26,2.64,1.30,0.00,No,No,No,Anemic
PID_0194,Female,55,11.90,4.65,36.61,78.72,25.61,32.50,14.73,449.00,9.96,0.45,17.30,61.92,28.24,8.71,1.09,0.00,No,No,No,Anemic
PID_0195,Female,25,9.50,4.11,27.77,67.57,23.13,34.17,17.84,176.00,8.04,0.14,6.50,67.65,24.54,4.92,2.94,0.00,No,No,No,Anemic
PID_0196,Male,31,15.00,4.46,43.53,97.62,33.60,34.45,14.73,152.00,8.37,0.13,8.40,59.67,31.58,5.30,3.51,0.00,No,No,No,Compensated Microcytosis
PID_0197,Male,72,13.90,4.91,42.20,85.94,28.28,32.92,14.10,266.00,7.51,0.20,8.80,71.28,24.16,2.30,2.30,0.00,No,No,No,Non-Anemic
PID_0198,Male,32,13.10,4.40,38.32,87.09,29.74,34.20,14.22,105.00,8.36,0.09,5.70,69.20,24.15,5.50,1.10,0.00,No,No,No,Non-Anemic
PID_0199,Female,21,10.90,4.03,31.99,79.37,27.03,34.09,14.62,289.00,8.02,0.23,10.80,67.08,27.30,3.38,2.27,0.00,No,No,No,Anemic
PID_0200,Male,16,13.60,5.04,41.68,82.69,27.00,32.65,14.24,150.00,8.29,0.12,7.10,64.54,25.77,5.39,4.30,0.00,No,No,No,Compensated Microcytosis
PID_0201,Male,53,12.10,4.16,35.14,84.47,29.13,34.46,13.33,166.00,8.72,0.14,10.30,62.99,24.70,7.42,4.94,0.00,No,No,No,Anemic
PID_0202,Female,38,12.30,4.61,35.47,76.96,26.65,34.67,12.93,195.00,7.51,0.15,9.30,61.05,28.40,5.23,5.26,0.00,No,No,No,Compensated Microcytosis
PID_0203,Male,30,13.90,5.31,39.38,74.18,26.21,35.32,15.63,275.00,8.13,0.22,12.10,62.85,29.54,3.78,3.81,0.00,No,No,No,Compensated Microcytosis
PID_0204,Male,60,14.20,5.13,40.27,78.51,27.69,35.27,13.58,499.00,6.93,0.35,10.60,59.10,26.17,10.19,3.41,1.14,No,No,No,Non-Anemic
PID_0205,Female,45,12.50,4.33,38.64,89.26,28.87,32.31,15.37,352.00,8.12,0.29,13.50,58.48,34.05,6.35,1.06,0.00,Yes,No,No,Compensated Microcytosis
PID_0206,Male,65,13.10,4.55,39.85,87.61,28.78,32.90,13.86,153.00,8.35,0.13,4.50,52.42,33.00,8.74,4.85,0.97,No,No,Yes,Non-Anemic
PID_0207,Male,20,13.70,4.62,39.57,85.69,29.65,34.63,15.93,152.00,8.57,0.13,4.30,56.81,31.56,7.35,3.16,1.05,No,No,No,Compensated Microcytosis
PID_0208,Female,32,11.40,4.54,32.93,72.57,25.11,34.63,16.43,154.00,8.58,0.13,7.10,61.54,27.88,8.69,1.92,0.00,No,Yes,No,Anemic
PID_0209,Male,75,15.20,5.89,43.91,74.51,25.82,34.65,15.72,240.00,9.14,0.22,26.90,71.00,23.67,3.23,1.08,1.08,No,No,No,Compensated Microcytosis
PID_0210,Male,29,13.10,4.78,33.92,70.95,27.40,38.64,14.28,170.00,7.17,0.12,6.40,58.02,33.02,3.99,4.00,1.00,No,No,No,Non-Anemic
PID_0211,Female,70,10.90,4.15,31.43,75.73,26.28,34.66,15.19,230.00,7.20,0.17,9.10,54.72,36.85,7.34,1.05,0.00,No,No,No,Anemic
PID_0212,Male,66,12.40,4.57,35.07,76.73,27.09,35.32,14.22,257.00,8.81,0.23,7.00,65.11,27.36,4.70,1.89,0.94,No,No,No,Anemic
PID_0213,Female,70,13.50,4.76,38.41,80.71,28.36,35.11,12.08,242.00,6.76,0.16,8.70,61.71,27.12,5.59,4.67,0.93,No,No,No,Non-Anemic
PID_0214,Male,16,13.30,4.93,38.24,77.60,26.97,34.79,14.02,157.00,8.52,0.13,6.00,60.19,31.63,3.06,5.10,0.00,No,No,No,Compensated Microcytosis
PID_0215,Female,40,9.40,2.97,27.96,94.11,31.64,33.61,21.31,179.00,7.48,0.13,10.30,57.77,31.14,4.46,5.56,1.11,No,No,No,Anemic
PID_0216,Female,38,10.40,4.58,29.79,65.03,22.70,34.91,16.11,193.00,9.67,0.19,7.10,68.35,20.43,7.13,4.08,0.00,Yes,No,No,Anemic
PID_0217,Female,38,12.30,4.61,37.19,80.71,26.67,33.05,12.87,196.00,8.58,0.17,9.30,65.67,23.52,6.88,2.94,0.98,No,No,No,Compensated Microcytosis
PID_0218,Male,16,13.60,5.04,40.34,80.02,27.02,33.71,14.23,150.00,8.23,0.12,7.10,59.44,35.10,2.73,2.70,0.00,No,No,No,Compensated Microcytosis
PID_0219,Male,62,8.40,2.26,25.14,111.21,37.18,33.39,15.58,181.00,9.36,0.17,16.20,59.09,30.71,9.12,1.14,0.00,No,Yes,No,Anemic
PID_0220,Male,87,12.00,3.78,35.19,93.13,31.73,34.13,13.76,178.00,7.57,0.13,4.70,57.12,32.97,5.52,4.40,0.00,No,No,No,Anemic
PID_0221,Female,54,12.70,4.05,34.53,85.22,31.33,36.78,13.94,433.00,7.69,0.33,13.00,57.90,32.65,3.16,5.26,1.05,No,No,No,Non-Anemic
PID_0222,Female,72,4.20,1.91,13.22,69.21,21.98,31.73,18.20,216.00,7.42,0.16,7.80,65.98,21.27,7.46,5.32,0.00,No,No,No,Anemic
PID_0223,Female,65,11.30,3.96,32.45,81.91,28.56,34.79,16.13,301.00,7.72,0.23,5.40,59.79,36.43,1.84,1.87,0.00,No,No,No,Anemic
PID_0224,Male,61,12.40,3.94,38.67,98.19,31.46,32.06,13.56,247.00,8.44,0.21,15.30,61.73,31.91,4.24,2.13,0.00,No,No,No,Anemic
PID_0225,Male,70,12.90,6.05,38.58,63.74,21.34,33.41,17.42,169.00,8.76,0.15,10.20,62.34,28.25,3.51,5.88,0.00,No,No,No,Anemic
PID_0226,Male,52,13.30,4.09,37.67,92.09,32.51,35.33,12.31,242.00,9.16,0.22,4.50,57.30,30.95,7.28,4.55,0.00,No,No,No,Non-Anemic
PID_0227,Female,55,13.00,4.14,38.15,92.18,31.37,34.08,13.90,100.00,6.96,0.07,3.50,60.67,26.98,7.88,4.49,0.00,No,No,No,Non-Anemic
PID_0228,Male,60,12.20,3.65,37.30,102.19,33.40,32.71,12.17,261.00,8.27,0.22,5.20,56.70,34.41,5.59,3.33,0.00,No,No,No,Anemic
PID_0229,Female,33,12.80,3.84,38.62,100.54,33.32,33.10,12.42,202.00,7.56,0.15,4.30,63.17,25.24,9.44,2.11,0.00,No,No,No,Non-Anemic
PID_0230,Female,57,11.90,4.29,34.18,79.66,27.76,34.78,13.59,80.00,8.22,0.07,5.70,55.79,34.60,6.77,2.88,0.00,No,No,No,Anemic
PID_0231,Male,35,15.10,4.80,45.59,94.94,31.46,33.08,13.83,70.00,10.28,0.07,5.30,53.58,37.15,5.15,4.12,0.00,No,No,No,Non-Anemic
PID_0232,Female,73,4.20,1.91,12.26,64.19,21.97,34.23,18.17,216.00,8.67,0.19,7.80,59.80,31.95,3.08,5.15,0.00,Yes,Yes,No,Anemic
PID_0233,Male,57,12.30,3.92,36.12,92.14,31.35,34.01,13.66,191.00,9.12,0.17,4.50,55.28,36.18,5.30,3.19,0.00,No,No,No,Anemic
PID_0234,Male,58,12.30,4.33,37.03,85.51,28.40,33.25,15.28,461.00,9.94,0.46,8.90,53.11,35.38,6.23,5.21,0.00,No,No,No,Anemic
PID_0235,Male,71,9.70,2.83,26.52,93.75,34.26,36.58,15.90,280.00,9.34,0.26,13.00,62.87,25.81,6.22,5.15,0.00,No,No,No,Anemic
PID_0236,Male,62,13.90,4.30,39.99,93.02,32.36,34.76,12.91,385.00,8.07,0.31,19.30,60.84,31.98,6.16,1.03,0.00,No,No,No,Non-Anemic
PID_0237,Male,65,12.90,4.70,40.86,86.94,27.48,31.55,14.09,281.00,7.42,0.21,9.90,53.70,36.08,7.41,2.78,0.00,No,No,No,Anemic
PID_0238,Male,65,14.80,5.81,43.24,74.43,25.46,34.20,15.33,212.00,8.37,0.18,8.40,57.16,33.07,7.13,2.68,0.00,No,No,Yes,Compensated Microcytosis
PID_0239,Male,74,12.60,4.13,37.95,91.91,30.54,33.21,15.30,276.00,7.96,0.22,8.50,58.74,34.04,2.06,5.15,0.00,No,No,No,Anemic
PID_0240,Male,75,14.30,5.55,40.83,73.60,25.78,35.01,14.87,151.00,7.21,0.11,22.90,62.09,24.12,9.19,4.60,0.00,No,No,No,Compensated Microcytosis
PID_0241,Male,57,15.90,5.50,48.11,87.50,28.93,33.05,13.84,373.00,8.58,0.32,13.30,61.20,28.54,9.18,1.02,0.00,No,No,No,Non-Anemic
PID_0242,Male,65,13.40,4.76,39.57,83.14,28.12,33.87,12.58,276.00,8.60,0.24,7.60,61.46,28.92,3.60,6.02,0.00,No,No,No,Non-Anemic
PID_0243,Female,69,13.10,5.34,37.85,70.89,24.52,34.58,14.81,233.00,9.81,0.23,7.20,57.12,34.79,6.25,1.79,0.00,No,No,No,Compensated Microcytosis
PID_0244,Male,48,14.80,5.44,42.24,77.68,27.23,35.06,14.77,303.00,8.14,0.25,13.80,65.49,23.81,8.34,2.38,0.00,No,No,No,Compensated Microcytosis
PID_0245,Male,69,14.40,4.34,44.23,101.88,33.15,32.56,16.17,153.00,8.59,0.13,14.80,69.55,26.81,2.44,1.22,0.00,No,No,No,Compensated Microcytosis
PID_0246,Male,57,15.90,5.50,47.32,86.02,28.91,33.57,13.81,373.00,7.88,0.29,13.30,59.32,27.50,8.83,4.40,0.00,No,No,No,Non-Anemic
PID_0247,Male,75,14.30,5.55,42.78,77.04,25.80,33.44,14.88,151.00,9.08,0.14,22.90,63.08,23.34,8.77,4.85,0.00,No,No,No,Compensated Microcytosis
PID_0248,Female,65,9.00,3.17,27.10,85.46,28.39,33.20,13.88,166.00,8.28,0.14,9.60,67.67,24.27,5.04,3.03,0.00,No,Yes,No,Anemic
PID_0249,Female,22,8.40,3.12,23.26,74.54,26.93,36.14,21.04,130.00,7.48,0.10,3.60,70.51,25.66,2.52,1.28,0.00,Yes,No,No,Anemic
PID_0250,Female,35,7.80,3.94,22.62,57.38,19.81,34.49,18.68,152.00,8.36,0.13,7.20,52.39,34.92,8.73,3.88,0.00,No,No,No,Anemic
PID_0251,Male,47,9.20,3.75,28.32,75.51,24.53,32.53,16.49,392.00,8.69,0.34,9.00,58.52,34.27,4.54,2.70,0.00,No,No,Yes,Anemic
PID_0252,Male,49,13.40,3.24,38.18,117.81,41.33,35.07,15.21,237.00,8.58,0.20,10.10,58.48,31.16,8.48,1.89,0.00,No,No,No,Compensated Microcytosis
PID_0253,Female,35,8.40,5.33,22.98,43.16,15.79,36.52,19.09,248.00,9.25,0.23,5.90,58.73,33.67,5.40,2.17,0.00,No,Yes,No,Anemic
PID_0254,Female,30,9.50,3.41,26.96,79.10,27.85,35.20,14.64,153.00,7.20,0.11,8.20,63.29,29.57,4.10,3.06,0.00,Yes,No,No,Anemic
PID_0255,Female,55,11.50,4.77,35.74,74.90,24.11,32.17,15.90,238.00,7.72,0.18,8.10,57.43,33.89,7.79,0.87,0.00,No,No,No,Anemic
PID_0256,Female,50,11.00,4.11,32.92,80.08,26.77,33.46,15.87,130.00,8.95,0.12,5.80,59.33,32.76,6.21,1.77,0.00,No,Yes,No,Anemic
PID_0257,Male,72,13.40,4.35,37.72,86.74,30.78,35.56,13.10,158.00,7.82,0.12,11.20,58.15,30.59,6.12,5.10,0.00,Yes,No,No,Non-Anemic
PID_0258,Female,70,11.60,3.70,34.99,94.58,31.38,33.16,12.59,285.00,8.59,0.25,28.00,65.97,22.31,8.52,3.19,0.00,No,No,No,Anemic
PID_0259,Female,27,11.00,4.41,31.85,72.25,24.91,34.54,16.34,298.00,6.43,0.19,8.60,60.22,32.78,4.42,2.65,0.00,No,Yes,No,Anemic
PID_0260,Male,58,13.30,4.92,38.08,77.42,27.04,34.91,17.27,125.00,10.62,0.13,11.10,61.91,30.96,4.74,2.38,0.00,No,No,No,Compensated Microcytosis
PID_0261,Male,80,14.80,4.92,45.00,91.46,30.07,32.90,13.92,152.00,8.18,0.12,13.40,56.41,33.65,8.89,0.99,0.00,No,No,No,Non-Anemic
PID_0262,Male,50,13.00,4.54,38.32,84.42,28.62,33.91,12.94,239.00,9.35,0.22,23.60,54.82,32.22,7.53,5.38,0.00,No,No,No,Non-Anemic
PID_0263,Male,45,14.40,5.39,47.82,88.74,26.69,30.09,14.92,377.00,8.16,0.31,13.10,56.44,36.61,5.95,0.99,0.00,No,No,No,Compensated Microcytosis
PID_0264,Female,65,10.80,3.95,32.96,83.40,27.34,32.80,13.11,532.00,8.73,0.46,11.00,60.17,30.10,4.87,3.88,0.97,No,Yes,No,Anemic
PID_0265,Female,65,9.00,3.34,26.71,79.98,26.93,33.67,14.62,153.00,9.62,0.15,6.50,62.03,24.99,8.96,4.00,0.00,No,No,No,Anemic
PID_0266,Male,33,12.90,5.03,39.69,78.86,25.63,32.51,14.56,230.00,9.38,0.21,6.00,50.00,39.01,9.03,2.00,0.00,No,No,No,Anemic
PID_0267,Male,65,15.50,5.55,43.10,77.65,27.97,35.92,15.83,188.00,8.25,0.15,12.80,58.54,34.05,5.35,2.13,0.00,Yes,No,No,Compensated Microcytosis
PID_0268,Female,50,12.80,5.46,39.65,72.59,23.44,32.27,18.59,332.00,8.33,0.28,11.60,61.29,35.15,1.77,1.80,0.00,No,No,No,Compensated Microcytosis
PID_0269,Male,60,13.40,4.65,40.03,86.07,28.79,33.48,13.10,272.00,9.16,0.25,23.40,61.29,33.04,1.87,3.77,0.00,No,No,Yes,Non-Anemic
PID_0270,Female,30,12.90,4.48,37.77,84.34,28.76,34.17,14.60,247.00,10.29,0.25,7.10,55.86,36.23,6.87,0.98,0.00,No,No,No,Compensated Microcytosis
PID_0271,Male,36,12.10,4.71,33.87,71.93,25.73,35.75,14.94,321.00,8.54,0.27,5.00,58.18,33.71,7.00,1.16,0.00,No,No,No,Anemic
PID_0272,Female,42,10.50,3.68,32.53,88.38,28.50,32.31,14.19,154.00,9.98,0.15,8.10,65.65,27.26,5.05,2.02,0.00,No,No,No,Anemic
PID_0273,Male,68,11.80,4.34,33.34,76.85,27.18,35.41,13.57,367.00,8.20,0.30,12.50,54.17,34.55,6.51,4.67,0.00,No,No,Yes,Anemic
PID_0274,Female,65,10.20,3.67,29.99,81.68,27.75,34.03,16.77,298.00,9.15,0.27,7.80,68.90,22.23,7.80,1.11,0.00,No,Yes,No,Anemic
PID_0275,Male,57,11.90,3.92,36.26,92.46,30.37,32.81,11.84,235.00,9.31,0.22,13.00,63.80,28.73,3.20,4.26,0.00,No,No,No,Anemic
PID_0276,Male,63,13.90,5.53,40.23,72.74,25.16,34.55,15.31,186.00,8.07,0.15,8.00,62.61,25.22,9.10,3.03,0.00,No,No,No,Compensated Microcytosis
PID_0277,Female,18,8.50,4.05,24.83,61.26,21.01,34.21,21.21,534.00,7.82,0.42,12.70,62.79,25.55,8.55,3.19,0.00,Yes,No,No,Anemic
PID_0278,Female,25,12.90,4.86,38.76,79.75,26.57,33.27,13.68,353.00,9.31,0.33,8.10,53.56,34.31,9.12,3.03,0.00,No,No,No,Compensated Microcytosis
PID_0279,Female,65,11.40,4.36,33.45,76.72,26.18,34.04,13.92,167.00,7.99,0.13,42.40,57.33,35.44,2.06,5.21,0.00,No,No,No,Anemic
PID_0280,Male,24,14.60,5.17,43.53,84.22,28.20,33.56,13.20,251.00,7.64,0.19,8.30,65.86,24.72,7.10,2.35,0.00,No,No,No,Non-Anemic
PID_0281,Male,62,10.80,3.34,31.64,94.74,32.30,34.14,13.61,105.00,7.84,0.08,6.90,62.05,22.96,10.34,4.60,0.00,Yes,No,No,Anemic
PID_0282,Female,14,12.80,4.19,36.79,87.84,30.51,34.78,14.22,271.00,7.99,0.22,7.00,60.01,30.03,4.97,5.00,0.00,No,No,No,Non-Anemic
PID_0283,Male,46,12.90,3.68,35.93,97.64,35.09,35.87,11.34,183.00,9.10,0.17,5.90,60.81,28.47,6.86,3.92,0.00,No,Yes,No,Anemic
PID_0284,Male,72,10.50,3.51,32.29,92.03,29.90,32.52,15.09,291.00,8.81,0.26,12.70,59.67,32.42,4.42,3.51,0.00,No,No,No,Anemic
PID_0285,Male,66,13.00,4.12,35.56,86.33,31.56,36.57,13.61,172.00,9.01,0.15,11.60,58.44,36.65,2.98,1.98,0.00,No,No,No,Non-Anemic
PID_0286,Male,62,13.60,4.14,42.96,103.79,32.84,31.63,16.81,262.00,8.70,0.23,5.70,56.74,34.64,5.80,2.88,0.00,No,No,No,Compensated Microcytosis
PID_0287,Male,48,15.10,5.80,44.65,76.96,26.01,33.84,15.07,282.00,7.95,0.22,11.30,62.50,28.13,7.31,2.08,0.00,No,No,No,Compensated Microcytosis
PID_0288,Male,30,13.80,4.80,39.76,82.85,28.75,34.67,12.67,200.00,8.93,0.18,6.10,55.99,34.00,5.02,5.00,0.00,No,No,Yes,Non-Anemic
PID_0289,Female,45,11.10,4.10,32.33,78.87,27.11,34.38,14.59,267.00,9.32,0.25,14.80,66.35,26.73,1.97,4.95,0.00,No,Yes,No,Anemic
PID_0290,Male,58,9.80,4.03,29.47,73.13,24.28,33.25,10.61,150.00,8.85,0.13,9.70,51.98,35.27,7.82,4.90,0.00,No,No,No,Anemic
PID_0291,Male,58,12.00,4.01,35.56,88.70,29.91,33.72,12.70,130.00,8.73,0.11,4.80,58.63,35.61,3.44,2.30,0.00,No,No,No,Anemic
PID_0292,Female,47,10.30,4.11,30.83,75.01,25.04,33.38,17.99,253.00,7.77,0.20,8.40,62.96,27.01,6.04,4.00,0.00,No,Yes,No,Anemic
PID_0293,Female,60,11.00,4.21,33.04,78.46,26.12,33.33,18.34,257.00,8.58,0.22,7.50,60.75,32.33,2.95,3.92,0.00,Yes,No,No,Anemic
PID_0294,Female,73,11.60,4.03,33.12,82.16,28.79,34.99,14.87,336.00,7.71,0.26,10.60,70.12,26.42,2.27,1.15,0.00,No,No,No,Anemic
PID_0295,Male,44,12.10,5.00,35.15,70.27,24.20,34.39,15.02,320.00,8.34,0.27,8.20,64.38,22.95,6.88,5.75,0.00,No,No,No,Anemic
PID_0296,Male,14,12.10,4.79,36.48,76.17,25.23,33.19,13.20,265.00,7.08,0.19,8.90,65.37,25.61,3.82,5.13,0.00,No,No,No,Anemic
PID_0297,Female,50,12.60,4.98,35.92,72.13,25.33,35.06,19.90,244.00,7.13,0.17,12.90,59.06,36.17,3.82,0.95,0.00,No,No,No,Compensated Microcytosis
PID_0298,Female,55,9.80,4.02,28.51,70.95,24.38,34.37,15.48,176.00,8.20,0.15,4.30,60.61,33.63,1.89,3.85,0.00,No,No,No,Anemic
PID_0299,Female,83,11.80,2.94,33.74,114.74,40.15,34.94,16.03,188.00,7.94,0.15,9.90,62.24,31.16,1.87,4.72,0.00,Yes,No,No,Anemic
PID_0300,Female,34,10.60,3.71,30.50,82.23,28.54,34.74,14.69,249.00,8.45,0.21,11.10,59.21,35.71,2.07,3.06,0.00,No,No,No,Anemic
PID_0301,Male,48,16.00,5.33,48.48,90.94,30.01,32.98,13.28,87.00,8.30,0.07,5.10,66.63,24.26,4.07,5.05,0.00,No,No,Yes,Non-Anemic
PID_0302,Female,42,7.40,3.66,22.20,60.71,20.18,33.35,18.31,434.00,8.41,0.37,10.80,62.64,30.80,4.37,2.20,0.00,No,Yes,No,Anemic
PID_0303,Female,52,13.50,5.00,38.69,77.35,27.03,34.92,14.40,313.00,8.88,0.28,17.70,62.94,25.94,6.17,4.94,0.00,No,No,No,Compensated Microcytosis
PID_0304,Male,80,11.10,3.51,31.96,91.08,31.60,34.71,13.83,290.00,8.04,0.23,6.50,56.35,33.61,6.38,3.64,0.00,No,No,No,Anemic
PID_0305,Male,57,8.10,2.25,23.84,105.95,35.99,33.98,14.08,140.00,8.23,0.12,9.20,59.74,28.74,9.16,2.30,0.00,No,No,No,Anemic
PID_0306,Female,62,12.10,4.82,35.44,73.51,25.07,34.10,14.67,159.00,9.52,0.15,21.10,66.30,28.55,3.06,2.04,0.00,No,No,No,Compensated Microcytosis
PID_0307,Female,26,10.30,3.77,28.99,76.93,27.30,35.56,14.20,140.00,8.39,0.12,7.80,66.24,24.11,6.02,3.61,0.00,No,No,No,Anemic
PID_0308,Male,83,11.20,3.94,33.64,85.38,28.42,33.29,15.09,100.00,8.29,0.08,11.20,66.01,27.19,2.91,3.88,0.00,No,Yes,No,Anemic
PID_0309,Male,35,14.60,4.73,42.13,89.08,30.90,34.69,13.39,341.00,8.47,0.29,8.00,54.36,33.96,7.78,3.88,0.00,No,No,No,Non-Anemic
PID_0310,Female,54,9.30,2.96,27.55,93.04,31.43,33.78,15.53,283.00,8.26,0.23,8.20,58.40,31.69,6.95,2.97,0.00,No,No,No,Anemic
PID_0311,Male,57,6.90,1.92,20.45,106.56,35.97,33.76,14.31,273.00,7.82,0.21,13.70,63.75,30.75,4.42,1.10,0.00,No,No,No,Anemic
PID_0312,Female,55,8.50,3.16,24.07,76.13,26.89,35.30,14.89,213.00,7.62,0.16,8.70,54.83,34.42,7.51,3.23,0.00,No,Yes,No,Anemic
PID_0313,Male,19,14.30,5.08,40.87,80.48,28.19,34.95,14.69,207.00,7.78,0.16,4.60,63.36,27.68,3.97,4.95,0.00,No,No,No,Compensated Microcytosis
PID_0314,Male,45,14.30,5.57,40.88,73.36,25.70,34.94,13.33,195.00,9.11,0.18,7.80,56.28,31.21,8.36,4.17,0.00,No,No,No,Compensated Microcytosis
PID_0315,Female,80,8.30,3.43,23.34,68.03,24.20,35.58,17.88,303.00,7.92,0.24,14.60,62.34,27.09,8.21,2.35,0.00,Yes,Yes,No,Anemic
PID_0316,Male,49,10.50,3.75,30.86,82.29,27.98,34.06,19.46,201.00,8.28,0.17,16.60,69.00,21.02,5.04,5.00,0.00,No,No,No,Anemic
PID_0317,Female,60,13.10,4.51,37.62,83.44,29.01,34.81,12.40,267.00,8.99,0.24,8.00,60.25,28.43,6.80,4.55,0.00,No,No,No,Non-Anemic
PID_0318,Female,52,11.30,4.16,33.60,80.80,27.19,33.61,13.50,167.00,8.22,0.14,14.80,62.00,30.59,4.61,2.78,0.00,Yes,No,No,Anemic
PID_0319,Female,46,11.30,4.85,32.86,67.73,23.27,34.36,17.01,510.00,8.92,0.45,5.80,63.12,27.40,3.55,5.95,0.00,No,No,No,Anemic
PID_0320,Female,22,9.90,4.41,29.25,66.30,22.42,33.80,16.00,294.00,7.19,0.21,6.80,65.39,24.74,4.93,3.96,0.99,No,Yes,No,Anemic
PID_0321,Male,32,5.20,1.36,15.24,112.04,38.22,34.14,29.16,139.00,8.26,0.12,7.60,56.45,35.22,7.42,0.93,0.00,No,No,No,Anemic
PID_0322,Female,56,11.10,3.85,31.98,83.01,28.84,34.69,16.03,60.00,8.49,0.05,3.00,70.22,26.61,2.10,1.06,0.00,No,No,No,Anemic
PID_0323,Female,31,11.20,4.12,33.92,82.35,27.16,33.04,16.21,204.00,8.45,0.17,8.10,69.42,24.70,3.50,2.35,0.00,Yes,No,No,Anemic
PID_0324,Female,34,10.80,3.82,29.58,77.41,28.30,36.54,13.30,158.00,7.09,0.11,7.90,51.01,37.79,7.11,4.08,0.00,No,Yes,No,Anemic
PID_0325,Female,21,8.40,3.24,25.62,79.09,25.94,32.80,16.09,208.00,9.34,0.19,10.00,65.02,31.05,2.95,0.97,0.00,No,Yes,No,Anemic
PID_0326,Female,28,11.00,3.59,33.80,94.13,30.65,32.54,14.30,156.00,7.69,0.12,7.60,64.39,26.92,5.78,2.88,0.00,Yes,No,No,Anemic
PID_0327,Female,32,14.80,5.08,41.82,82.29,29.12,35.41,14.48,356.00,8.65,0.31,10.50,57.81,34.86,3.64,3.67,0.00,No,No,No,Non-Anemic
PID_0328,Female,29,11.30,3.96,32.33,81.65,28.51,34.98,14.79,184.00,8.41,0.15,9.10,60.39,30.16,6.63,2.83,0.00,No,No,No,Anemic
PID_0329,Female,14,12.00,5.17,34.53,66.82,23.22,34.72,12.28,660.00,9.18,0.61,6.60,59.23,29.15,8.70,2.91,0.00,No,No,No,Compensated Microcytosis
PID_0330,Male,39,13.80,5.03,39.71,78.97,27.45,34.76,16.67,226.00,10.16,0.23,5.30,68.82,25.99,3.87,1.30,0.00,No,No,No,Compensated Microcytosis
PID_0331,Female,55,11.20,4.22,32.96,78.09,26.52,34.03,16.64,35.00,7.36,0.03,5.90,58.44,29.20,7.83,4.49,0.00,No,No,No,Anemic
PID_0332,Male,47,13.40,4.61,40.70,88.27,29.05,32.91,13.97,211.00,7.86,0.17,6.30,59.97,29.56,6.12,4.35,0.00,No,No,Yes,Non-Anemic
PID_0333,Female,27,11.70,4.06,34.32,84.52,28.78,34.08,14.99,191.00,8.53,0.16,10.90,68.57,22.48,7.86,1.12,0.00,No,Yes,No,Anemic
PID_0334,Male,25,15.60,5.27,47.01,89.24,29.59,33.18,14.16,234.00,7.48,0.18,8.30,60.85,33.68,4.35,1.09,0.00,No,No,No,Non-Anemic
PID_0335,Female,26,12.90,4.36,36.68,84.15,29.55,35.15,13.84,278.00,9.01,0.25,6.20,60.62,26.24,9.07,4.04,0.00,Yes,No,No,Non-Anemic
PID_0336,Male,38,16.20,5.94,47.90,80.62,27.30,33.80,14.00,160.00,9.05,0.15,5.30,52.08,35.42,8.31,4.17,0.00,No,No,No,Non-Anemic
PID_0337,Female,60,12.60,4.08,38.17,93.58,30.92,32.98,15.19,183.00,8.85,0.16,7.10,54.46,37.63,4.92,2.97,0.00,No,No,No,Compensated Microcytosis
PID_0338,Female,74,13.20,4.47,39.27,87.84,29.55,33.63,16.12,90.00,8.59,0.08,9.20,67.39,21.06,7.40,4.21,0.00,No,No,No,Compensated Microcytosis
PID_0339,Female,70,13.70,5.11,39.72,77.74,26.83,34.51,14.13,192.00,9.51,0.18,4.50,60.99,34.32,1.92,2.86,0.00,No,Yes,No,Compensated Microcytosis
PID_0340,Female,24,13.10,4.24,39.31,92.70,30.87,33.35,13.14,217.00,7.49,0.16,6.70,60.18,31.89,7.06,0.88,0.00,No,No,No,Non-Anemic
PID_0341,Female,28,13.90,4.33,42.10,97.23,32.11,33.01,13.82,151.00,8.47,0.13,3.50,66.67,24.42,6.63,2.22,0.00,No,No,No,Non-Anemic
PID_0342,Female,23,14.70,4.62,42.87,92.79,31.84,34.32,13.43,150.00,7.82,0.12,2.60,56.06,34.03,4.41,5.49,0.00,No,No,No,Non-Anemic
PID_0343,Female,74,13.20,4.47,38.49,86.08,29.53,34.31,16.11,90.00,9.10,0.08,9.20,68.52,27.16,3.25,1.09,0.00,No,No,No,Compensated Microcytosis
PID_0344,Female,41,12.70,4.90,38.03,77.64,25.92,33.41,13.62,210.00,6.97,0.15,4.70,57.32,33.75,4.46,4.49,0.00,No,No,No,Compensated Microcytosis
PID_0345,Male,27,13.30,4.63,39.78,85.93,28.69,33.44,13.77,271.00,8.35,0.23,10.00,63.82,26.50,3.64,6.02,0.00,No,No,Yes,Non-Anemic
PID_0346,Female,24,11.10,3.50,32.38,92.56,31.71,34.30,14.39,283.00,8.66,0.25,8.10,66.70,27.27,4.00,2.02,0.00,Yes,No,No,Anemic
PID_0347,Male,68,12.10,3.79,37.51,98.98,31.97,32.27,14.37,390.00,7.66,0.30,5.80,57.80,36.70,3.31,2.22,0.00,No,No,No,Anemic
PID_0348,Male,57,14.70,4.62,45.50,98.48,31.83,32.35,13.03,170.00,7.86,0.13,11.10,59.07,31.41,6.63,2.86,0.00,No,No,Yes,Non-Anemic
PID_0349,Male,26,13.10,4.10,39.53,96.43,31.91,33.14,13.12,265.00,8.40,0.22,9.80,59.81,29.93,5.14,5.15,0.00,No,No,No,Non-Anemic
PID_0350,Female,27,9.70,3.17,28.75,90.69,30.63,33.75,12.68,178.00,9.13,0.16,7.60,67.43,25.33,3.61,3.61,0.00,Yes,No,No,Anemic
PID_0351,Female,65,12.10,3.47,35.20,101.49,34.86,34.33,13.18,180.00,7.57,0.14,4.20,59.79,30.88,8.41,0.93,0.00,No,No,No,Non-Anemic
PID_0352,Female,45,14.70,4.52,41.10,90.89,32.54,35.75,13.07,149.00,7.73,0.12,2.40,62.54,29.16,3.10,5.21,0.00,No,No,No,Non-Anemic
PID_0353,Male,27,13.20,4.53,37.68,83.22,29.10,35.04,13.69,269.00,9.33,0.25,10.20,73.40,23.41,2.16,1.06,0.00,No,No,Yes,Non-Anemic
PID_0354,Female,34,12.50,3.45,36.97,107.16,36.25,33.77,12.89,264.00,8.18,0.22,11.50,60.68,32.14,3.58,3.57,0.00,No,No,No,Non-Anemic
PID_0355,Male,31,11.90,3.54,35.02,98.90,33.61,33.98,11.42,179.00,7.78,0.14,4.50,60.34,32.99,1.91,4.72,0.00,No,No,No,Anemic
PID_0356,Male,46,14.40,4.76,43.91,92.22,30.29,32.76,13.13,244.00,8.95,0.22,7.20,67.74,22.59,6.46,3.23,0.00,No,No,No,Non-Anemic
PID_0357,Female,25,12.90,4.00,37.97,94.91,32.26,33.96,17.39,312.00,8.03,0.25,6.70,65.12,23.57,6.57,4.72,0.00,No,No,No,Compensated Microcytosis
PID_0358,Male,24,12.20,4.66,36.25,77.79,26.17,33.69,13.67,266.00,9.24,0.25,8.70,62.53,32.27,2.06,3.12,0.00,No,Yes,No,Anemic
PID_0359,Male,28,9.80,3.42,28.50,83.33,28.67,34.42,19.04,457.00,7.88,0.36,7.70,62.67,28.94,6.02,2.41,0.00,No,No,No,Anemic
PID_0360,Male,22,9.50,4.65,28.78,61.91,20.40,33.04,17.04,200.00,8.28,0.17,6.70,66.63,21.22,8.05,3.03,1.01,No,No,No,Anemic
PID_0361,Male,17,13.50,4.86,38.99,80.19,27.80,34.58,13.44,180.00,9.13,0.16,4.40,57.53,33.00,6.63,1.89,0.94,No,No,No,Non-Anemic
PID_0362,Male,51,15.00,4.85,41.85,86.34,30.91,35.85,13.33,215.00,8.20,0.18,5.60,68.81,25.82,2.18,3.23,0.00,No,No,Yes,Non-Anemic
PID_0363,Female,21,13.10,4.47,38.68,86.52,29.33,33.90,13.47,329.00,8.96,0.30,9.20,58.60,30.62,6.34,4.50,0.00,No,No,No,Non-Anemic
PID_0364,Female,35,13.20,4.75,38.28,80.56,27.76,34.47,13.53,174.00,8.33,0.15,6.50,54.52,31.35,9.10,5.05,0.00,No,No,No,Non-Anemic
PID_0365,Male,26,15.20,4.95,43.64,88.15,30.73,34.83,12.32,279.00,8.52,0.24,8.80,59.08,29.12,7.27,4.55,0.00,No,No,No,Non-Anemic
PID_0366,Female,56,12.70,4.92,37.89,77.03,25.81,33.52,12.39,196.00,9.17,0.18,5.10,47.76,42.03,6.82,3.41,0.00,No,No,No,Compensated Microcytosis
PID_0367,Female,80,9.00,3.83,26.26,68.56,23.52,34.26,16.51,177.00,8.19,0.15,8.30,50.47,39.56,4.93,3.96,0.99,No,Yes,No,Anemic
PID_0368,Male,64,14.50,5.63,42.63,75.73,25.79,33.98,12.33,243.00,8.94,0.22,7.60,60.86,26.08,8.70,3.26,1.09,Yes,No,No,Compensated Microcytosis
PID_0369,Female,41,14.90,4.53,43.67,96.45,32.89,34.16,12.83,238.00,11.28,0.27,5.20,54.09,37.85,5.37,2.70,0.00,No,Yes,No,Non-Anemic
PID_0370,Male,65,13.90,5.72,42.03,73.48,24.32,33.06,12.42,341.00,10.21,0.35,10.20,62.82,25.57,7.00,3.49,1.16,Yes,Yes,Yes,Compensated Microcytosis
PID_0371,Female,21,11.50,4.46,33.79,75.77,25.75,34.02,18.22,210.00,8.79,0.19,10.60,56.83,33.30,6.89,2.94,0.00,No,No,Yes,Anemic
PID_0372,Male,74,17.10,5.91,49.43,83.61,28.93,34.62,12.43,152.00,9.49,0.14,7.60,63.87,28.94,3.58,2.41,1.20,No,No,No,Non-Anemic
PID_0373,Male,73,12.70,4.72,35.53,75.30,26.92,35.75,17.54,159.00,9.04,0.14,6.40,58.42,33.67,4.94,1.98,0.99,Yes,No,No,Anemic
PID_0374,Male,50,15.00,4.76,42.67,89.67,31.51,35.19,12.27,327.00,11.37,0.37,8.70,52.65,39.49,3.91,3.95,0.00,Yes,No,Yes,Non-Anemic
PID_0375,Female,33,14.70,4.51,40.18,89.08,32.57,36.60,13.23,448.00,10.28,0.46,10.80,56.44,37.62,2.98,1.98,0.99,Yes,No,No,Non-Anemic
PID_0376,Male,79,15.70,4.93,47.46,96.26,31.86,33.04,12.21,314.00,8.30,0.26,8.80,65.25,26.08,6.50,2.17,0.00,No,Yes,Yes,Non-Anemic
PID_0377,Male,55,14.80,5.31,42.23,79.54,27.91,35.06,12.46,255.00,11.78,0.30,8.50,58.26,35.95,2.90,1.94,0.97,No,Yes,No,Non-Anemic
PID_0378,Male,70,14.30,5.11,41.79,81.79,28.01,34.18,13.57,265.00,10.67,0.28,10.00,60.28,27.75,6.01,4.82,1.20,Yes,No,No,Non-Anemic
PID_0379,Female,71,13.80,4.70,37.68,80.19,29.38,36.61,12.04,226.00,8.58,0.20,8.30,59.97,28.58,8.56,2.86,0.00,No,Yes,Yes,Non-Anemic
PID_0380,Female,78,14.00,4.24,42.39,100.01,33.04,33.01,12.47,396.00,9.58,0.38,6.50,52.37,35.69,8.34,2.38,1.19,No,No,Yes,Non-Anemic
PID_0381,Male,73,16.00,5.05,48.50,96.01,31.68,32.98,13.72,205.00,9.23,0.19,4.60,57.02,36.53,2.17,4.30,0.00,Yes,Yes,No,Non-Anemic
PID_0382,Female,43,7.20,4.06,21.63,53.28,17.75,33.28,11.61,177.00,8.29,0.15,4.70,52.12,42.57,3.21,1.06,1.06,No,Yes,No,Anemic
PID_0383,Female,75,13.30,4.40,42.29,96.10,30.24,31.43,11.72,171.00,7.97,0.14,8.50,48.82,38.10,9.53,3.57,0.00,Yes,No,No,Non-Anemic
PID_0384,Female,63,11.90,4.05,35.66,88.06,29.40,33.36,15.67,346.00,9.82,0.34,6.70,63.84,28.74,4.23,2.13,1.06,No,No,Yes,Anemic
PID_0385,Female,65,13.30,4.61,40.19,87.17,28.88,33.08,12.53,429.00,7.47,0.32,10.00,54.67,36.08,7.22,1.03,1.03,No,Yes,Yes,Non-Anemic
PID_0386,Female,48,14.30,4.30,41.84,97.30,33.29,34.15,13.58,177.00,11.84,0.21,8.20,61.98,26.05,8.73,3.26,0.00,Yes,Yes,Yes,Non-Anemic
PID_0387,Male,55,16.20,5.26,47.08,89.50,30.82,34.39,12.20,417.00,10.53,0.44,5.00,61.13,27.81,5.55,4.44,1.11,Yes,Yes,No,Non-Anemic
PID_0388,Female,56,15.00,4.76,41.38,86.91,31.50,36.28,14.21,166.00,7.18,0.12,4.80,50.56,37.93,6.93,3.45,1.15,No,Yes,No,Non-Anemic
PID_0389,Male,38,15.10,5.67,42.97,75.81,26.63,35.16,13.37,172.00,7.76,0.13,5.20,55.94,30.94,9.55,3.57,0.00,No,No,Yes,Compensated Microcytosis
PID_0390,Female,75,13.90,5.37,41.73,77.73,25.92,33.28,11.61,445.00,11.32,0.50,8.90,60.84,28.28,7.58,3.26,0.00,No,No,No,Compensated Microcytosis
PID_0391,Male,73,15.60,6.08,47.38,77.91,25.63,32.89,13.71,263.00,9.89,0.26,9.20,54.73,38.96,5.27,1.05,0.00,Yes,No,Yes,Compensated Microcytosis
PID_0392,Male,27,12.90,4.06,37.29,91.87,31.80,34.58,14.53,436.00,11.36,0.50,8.20,53.40,37.46,6.83,2.27,0.00,No,No,Yes,Anemic
PID_0393,Male,80,16.90,5.60,52.14,93.11,30.18,32.41,13.86,391.00,10.50,0.41,10.30,54.09,36.72,5.50,2.75,0.92,No,Yes,No,Non-Anemic
PID_0394,Male,73,14.40,5.34,39.78,74.47,26.97,36.21,13.49,444.00,9.38,0.42,7.40,57.47,37.92,3.47,1.15,0.00,No,Yes,Yes,Compensated Microcytosis
PID_0395,Male,75,8.50,4.41,24.00,54.40,19.27,35.44,13.54,203.00,7.26,0.15,4.60,55.67,36.74,3.76,2.53,1.27,No,Yes,Yes,Anemic
PID_0396,Male,25,13.90,5.45,41.57,76.30,25.51,33.44,11.80,427.00,8.98,0.38,5.70,62.41,30.67,5.92,0.99,0.00,No,No,No,Compensated Microcytosis
PID_0397,Female,54,9.20,3.79,28.80,75.97,24.24,31.94,16.19,248.00,8.76,0.22,4.80,62.08,29.59,5.55,2.78,0.00,Yes,No,Yes,Anemic
PID_0398,Female,76,14.20,5.32,39.86,74.90,26.69,35.62,14.28,152.00,9.93,0.15,5.60,56.65,33.30,7.80,1.11,1.11,No,Yes,No,Compensated Microcytosis
PID_0399,Female,23,10.10,4.72,29.83,63.16,21.42,33.84,15.03,428.00,7.80,0.33,7.90,61.92,28.24,7.63,2.17,0.00,No,No,Yes,Anemic
PID_0400,Female,50,14.60,4.28,41.14,96.13,34.08,35.49,14.28,447.00,10.71,0.48,6.30,64.66,25.22,6.08,3.03,1.01,No,No,No,Non-Anemic
PID_0401,Male,52,16.10,4.77,50.18,105.23,33.78,32.12,13.38,384.00,11.52,0.44,9.80,58.36,33.30,6.46,1.85,0.00,No,Yes,No,Non-Anemic
PID_0402,Male,40,15.60,5.96,46.87,78.65,26.17,33.29,12.39,265.00,7.82,0.21,7.80,62.63,29.94,2.76,3.74,0.93,Yes,Yes,No,Compensated Microcytosis
PID_0403,Female,79,14.00,5.25,41.17,78.44,26.66,33.99,12.49,252.00,8.27,0.21,9.70,50.02,42.99,3.48,2.33,1.16,Yes,No,No,Compensated Microcytosis
PID_0404,Female,79,12.20,4.71,35.82,76.09,25.89,34.05,11.71,236.00,8.90,0.21,8.30,69.83,23.93,3.15,2.08,1.04,Yes,No,Yes,Compensated Microcytosis
PID_0405,Female,46,14.50,4.74,43.34,91.42,30.62,33.49,13.07,184.00,9.00,0.17,10.90,64.98,22.04,8.02,4.00,1.00,Yes,No,Yes,Non-Anemic
PID_0406,Female,55,12.70,5.30,36.55,68.93,23.95,34.73,13.21,326.00,9.26,0.30,4.20,68.38,25.48,5.11,1.02,0.00,Yes,Yes,Yes,Compensated Microcytosis
PID_0407,Male,45,15.30,5.53,46.76,84.53,27.69,32.71,13.22,170.00,9.03,0.15,9.20,51.68,42.68,3.40,2.25,0.00,No,No,No,Non-Anemic
PID_0408,Male,21,15.50,5.75,45.82,79.70,26.99,33.80,14.21,231.00,9.83,0.23,10.30,53.34,34.30,7.65,3.81,0.95,No,No,Yes,Compensated Microcytosis
PID_0409,Female,64,7.90,4.83,23.14,47.92,16.33,34.16,17.51,406.00,11.51,0.47,9.80,57.14,36.23,3.28,2.20,1.10,No,Yes,No,Anemic
PID_0410,Male,59,16.50,5.08,47.66,93.82,32.50,34.61,13.10,337.00,8.30,0.28,6.90,59.97,30.56,4.22,4.21,1.05,Yes,No,Yes,Non-Anemic
PID_0411,Male,42,12.20,4.75,35.00,73.69,25.70,34.86,13.48,189.00,8.26,0.16,10.30,57.52,32.08,6.63,2.83,0.94,Yes,No,No,Anemic
PID_0412,Female,57,13.00,4.41,39.82,90.29,29.44,32.65,13.21,424.00,8.50,0.36,6.90,60.02,35.28,2.33,1.18,1.18,No,No,Yes,Non-Anemic
PID_0413,Male,72,15.20,5.38,47.27,87.84,28.27,32.14,11.68,231.00,9.34,0.21,7.80,48.41,39.77,7.52,4.30,0.00,Yes,Yes,No,Non-Anemic
PID_0414,Female,61,14.30,4.32,40.24,93.19,33.13,35.52,13.38,244.00,11.47,0.28,9.70,60.49,31.61,5.28,2.63,0.00,No,No,No,Non-Anemic
PID_0415,Male,43,16.70,5.69,48.55,85.31,29.39,34.38,11.56,427.00,11.10,0.47,5.30,56.97,37.96,2.03,3.00,0.00,Yes,Yes,No,Non-Anemic
PID_0416,Male,41,15.20,5.94,45.92,77.31,25.56,33.14,12.12,309.00,6.97,0.22,7.10,55.29,33.00,7.46,3.19,1.06,Yes,No,No,Compensated Microcytosis
PID_0417,Female,49,12.40,4.62,34.58,74.80,26.80,35.85,12.21,380.00,8.52,0.32,6.80,54.55,33.35,7.11,4.04,1.01,No,No,No,Compensated Microcytosis
PID_0418,Male,65,16.30,4.85,47.75,98.42,33.58,34.14,12.22,267.00,11.17,0.30,4.90,61.10,31.89,3.52,2.65,0.88,No,Yes,No,Non-Anemic
PID_0419,Female,62,10.50,3.81,29.65,77.80,27.56,35.39,13.07,205.00,8.14,0.17,9.50,60.03,24.72,9.41,4.71,1.18,No,Yes,No,Anemic
PID_0420,Female,26,12.90,5.25,37.85,72.11,24.57,34.08,12.19,229.00,7.41,0.17,4.90,57.29,33.30,5.99,2.56,0.85,Yes,No,No,Compensated Microcytosis
PID_0421,Male,22,16.20,5.37,44.42,82.70,30.19,36.48,13.42,327.00,10.37,0.34,9.80,54.34,36.99,5.43,2.17,1.09,Yes,Yes,Yes,Non-Anemic
PID_0422,Male,24,17.10,4.74,47.36,99.94,36.07,36.08,13.06,397.00,10.21,0.41,4.90,54.31,38.08,3.24,3.26,1.09,Yes,No,Yes,Non-Anemic
PID_0423,Female,65,9.40,4.24,27.89,65.76,22.19,33.66,18.78,402.00,11.32,0.45,6.70,50.00,38.89,7.80,2.22,1.11,No,No,No,Anemic
PID_0424,Female,46,12.60,5.11,35.83,70.16,24.66,35.14,11.68,157.00,8.12,0.13,4.20,55.56,33.35,7.76,3.33,0.00,Yes,Yes,Yes,Compensated Microcytosis
PID_0425,Male,39,8.20,4.11,23.58,57.38,19.93,34.77,14.99,279.00,11.26,0.32,10.60,56.98,35.45,4.32,2.15,1.08,Yes,No,No,Anemic
PID_0426,Female,77,10.10,3.67,28.34,77.24,27.48,35.62,12.71,286.00,8.08,0.23,7.70,47.68,41.83,4.65,4.65,1.16,No,No,Yes,Anemic
PID_0427,Male,71,10.80,4.49,32.88,73.21,24.09,32.80,12.52,286.00,11.89,0.34,4.10,53.87,35.91,6.38,3.85,0.00,No,Yes,Yes,Anemic
PID_0428,Female,71,11.20,4.94,32.16,65.09,22.71,34.82,12.36,432.00,11.79,0.51,4.50,56.53,38.37,2.03,3.03,0.00,No,Yes,No,Anemic
PID_0429,Male,23,16.00,5.46,45.36,83.08,29.28,35.30,11.70,362.00,7.40,0.27,10.10,58.64,34.59,3.81,2.88,0.00,Yes,No,No,Non-Anemic
PID_0430,Male,29,14.10,5.16,44.22,85.70,27.33,31.86,12.11,291.00,9.11,0.26,9.20,67.35,29.61,2.05,1.02,0.00,Yes,Yes,Yes,Non-Anemic
PID_0431,Male,29,16.90,5.74,51.87,90.38,29.44,32.62,14.19,277.00,10.04,0.28,6.40,52.06,40.80,2.01,4.08,1.02,No,Yes,No,Non-Anemic
PID_0432,Male,20,15.80,5.03,50.07,99.51,31.40,31.55,13.48,382.00,7.52,0.29,6.80,59.18,33.65,4.10,3.06,0.00,Yes,Yes,No,Non-Anemic
PID_0433,Female,74,8.30,4.02,24.65,61.34,20.64,33.65,12.66,382.00,7.78,0.30,4.90,67.63,28.47,2.92,0.98,0.00,Yes,No,Yes,Anemic
PID_0434,Male,60,14.60,5.79,41.88,72.35,25.22,34.85,13.30,361.00,7.50,0.27,7.10,63.44,29.80,4.84,0.96,0.96,Yes,Yes,Yes,Compensated Microcytosis
PID_0435,Female,59,12.70,4.21,35.47,84.30,30.14,35.79,13.46,435.00,7.53,0.33,8.50,64.06,28.18,4.88,1.94,0.97,Yes,No,No,Non-Anemic
PID_0436,Male,55,17.00,5.63,49.87,88.56,30.16,34.06,12.46,443.00,9.94,0.44,6.60,52.55,32.05,8.95,5.13,1.28,No,Yes,No,Non-Anemic
PID_0437,Male,23,16.60,5.92,46.17,78.00,28.02,35.92,12.48,384.00,7.03,0.27,8.00,57.96,35.50,3.75,1.87,0.93,No,No,No,Non-Anemic
PID_0438,Male,75,16.70,5.47,51.63,94.40,30.55,32.33,11.91,328.00,7.51,0.25,7.80,64.61,24.37,7.28,2.44,1.22,No,Yes,Yes,Non-Anemic
PID_0439,Male,54,17.00,5.77,53.20,92.20,29.50,31.98,12.31,393.00,9.37,0.37,9.00,73.39,21.26,3.20,1.06,1.06,No,Yes,No,Non-Anemic
PID_0440,Male,63,16.50,5.51,48.62,88.22,29.94,33.89,11.79,176.00,9.13,0.16,9.00,50.98,39.19,6.82,2.94,0.00,Yes,No,No,Non-Anemic
PID_0441,Female,18,11.00,5.30,31.92,60.21,20.74,34.48,16.38,330.00,9.13,0.30,9.70,68.35,25.53,3.08,3.06,0.00,No,No,Yes,Anemic
PID_0442,Female,36,7.30,3.67,21.50,58.61,19.85,33.98,16.50,220.00,10.00,0.22,10.10,60.00,34.44,3.30,2.22,0.00,Yes,No,No,Anemic
PID_0443,Male,71,15.00,6.09,47.59,78.18,24.67,31.51,13.93,188.00,7.30,0.14,4.70,62.61,32.29,4.04,1.01,0.00,No,Yes,Yes,Compensated Microcytosis
PID_0444,Male,49,13.60,5.35,40.13,75.02,25.41,33.92,14.53,219.00,7.88,0.17,7.20,62.17,28.34,5.39,2.70,1.35,Yes,Yes,Yes,Compensated Microcytosis
PID_0445,Male,74,14.10,5.63,43.47,77.23,25.07,32.43,13.82,388.00,11.14,0.43,10.50,56.62,33.71,3.64,4.82,1.20,Yes,No,Yes,Compensated Microcytosis
PID_0446,Female,78,9.90,4.06,28.45,70.09,24.37,34.77,15.52,264.00,9.01,0.24,6.40,54.01,34.49,8.04,2.30,1.15,No,No,No,Anemic
PID_0447,Female,47,13.00,4.37,37.75,86.36,29.76,34.45,13.99,213.00,11.51,0.25,9.70,65.77,26.28,3.94,2.63,1.32,Yes,No,Yes,Non-Anemic
PID_0448,Male,52,13.80,4.87,41.98,86.17,28.31,32.83,12.69,293.00,8.80,0.26,7.50,60.29,28.18,9.01,1.28,1.28,Yes,No,No,Non-Anemic
PID_0449,Female,36,15.10,5.39,45.23,83.89,28.05,33.39,13.36,167.00,8.49,0.14,8.90,70.72,25.29,3.05,1.01,0.00,Yes,Yes,Yes,Non-Anemic
PID_0450,Male,55,15.80,5.27,48.28,91.60,29.98,32.75,12.53,346.00,10.14,0.35,6.50,60.89,32.63,3.23,2.17,1.09,Yes,No,No,Non-Anemic
PID_0451,Male,62,11.60,3.86,34.19,88.62,30.03,33.91,12.48,261.00,11.76,0.31,5.90,62.73,31.93,4.25,1.06,0.00,Yes,No,No,Anemic
PID_0452,Female,34,13.70,4.73,38.98,82.41,28.98,35.18,13.48,226.00,9.62,0.22,9.90,46.60,43.22,5.67,3.41,1.14,Yes,Yes,No,Non-Anemic
PID_0453,Male,25,15.70,5.82,47.84,82.22,26.96,32.82,11.67,181.00,9.11,0.17,4.20,59.12,30.12,5.34,4.30,1.08,No,No,No,Compensated Microcytosis
PID_0454,Male,45,13.70,5.22,39.59,75.87,26.25,34.60,17.52,264.00,10.68,0.28,5.40,50.58,36.79,8.03,3.45,1.15,No,Yes,Yes,Compensated Microcytosis
PID_0455,Male,51,11.90,5.16,35.67,69.10,23.02,33.37,15.52,178.00,8.27,0.15,6.60,62.63,30.74,3.26,2.20,1.10,No,Yes,Yes,Anemic
PID_0456,Female,30,12.70,5.07,38.43,75.79,25.03,33.09,13.11,382.00,10.73,0.41,8.60,51.10,35.26,9.13,4.55,0.00,Yes,Yes,No,Compensated Microcytosis
PID_0457,Female,50,14.70,4.38,43.40,99.06,33.56,33.87,13.89,178.00,10.71,0.19,8.00,64.67,28.41,2.90,2.94,0.98,No,Yes,Yes,Non-Anemic
PID_0458,Female,44,15.10,4.87,46.10,94.67,30.99,32.76,14.23,151.00,10.58,0.16,9.30,49.39,42.14,3.58,4.82,0.00,No,Yes,Yes,Non-Anemic
PID_0459,Male,43,14.00,4.95,42.00,84.88,28.26,33.34,11.59,158.00,9.98,0.16,5.20,54.91,34.15,4.90,4.88,1.22,No,No,No,Non-Anemic
PID_0460,Female,80,10.90,4.88,33.47,68.57,22.32,32.58,16.17,444.00,7.88,0.35,5.50,64.37,29.74,3.95,0.99,0.99,Yes,No,No,Anemic
PID_0461,Male,65,9.70,5.73,26.68,46.58,16.94,36.38,17.89,265.00,9.08,0.24,8.00,65.93,27.25,4.56,2.27,0.00,Yes,Yes,No,Anemic
PID_0462,Female,54,14.10,4.78,41.42,86.66,29.52,34.07,12.27,190.00,7.30,0.14,4.60,61.38,29.70,4.94,2.97,0.99,No,Yes,No,Non-Anemic
PID_0463,Male,24,12.50,6.04,37.70,62.38,20.66,33.18,15.48,261.00,10.69,0.28,7.00,66.99,25.80,3.05,4.12,0.00,No,Yes,Yes,Anemic
PID_0464,Male,65,13.90,5.80,40.58,69.99,23.95,34.29,13.61,337.00,7.41,0.25,7.50,68.99,23.03,6.00,2.00,0.00,Yes,No,Yes,Compensated Microcytosis
PID_0465,Female,34,9.10,4.83,26.87,55.61,18.80,33.86,15.27,170.00,7.32,0.12,9.00,65.88,25.89,5.89,2.35,0.00,Yes,Yes,No,Anemic
PID_0466,Male,27,13.70,4.23,40.61,95.99,32.38,33.69,14.88,227.00,7.31,0.17,5.20,53.73,37.65,5.39,2.15,1.08,No,Yes,Yes,Compensated Microcytosis
PID_0467,Female,50,13.30,4.99,38.29,76.72,26.65,34.78,13.57,396.00,7.77,0.31,6.70,58.31,36.11,2.78,2.78,0.00,No,No,No,Compensated Microcytosis
PID_0468,Male,19,14.20,5.96,40.68,68.25,23.85,34.92,12.98,200.00,11.93,0.24,7.50,66.70,24.17,4.58,3.45,1.15,Yes,No,Yes,Compensated Microcytosis
PID_0469,Male,47,16.90,6.07,50.65,83.48,27.83,33.36,14.17,346.00,11.91,0.41,4.90,69.31,25.01,2.23,3.41,0.00,No,Yes,No,Non-Anemic
PID_0470,Male,61,15.90,5.86,47.73,81.46,27.14,33.32,14.41,250.00,9.40,0.24,5.20,59.19,35.91,2.92,1.94,0.00,No,Yes,Yes,Non-Anemic
PID_0471,Male,37,13.90,5.66,41.28,72.94,24.55,33.66,14.11,170.00,11.70,0.20,5.20,65.38,24.77,6.95,1.98,0.99,Yes,Yes,No,Compensated Microcytosis
PID_0472,Male,26,8.10,5.28,25.93,49.08,15.36,31.24,12.40,412.00,11.78,0.49,4.00,56.93,35.43,5.02,2.53,0.00,No,No,No,Anemic
PID_0473,Male,63,14.00,5.88,43.50,74.01,23.80,32.22,11.67,444.00,11.12,0.49,8.30,58.14,33.65,5.11,3.06,0.00,Yes,No,No,Compensated Microcytosis
PID_0474,Male,47,11.00,5.75,30.86,53.66,19.11,35.68,12.29,350.00,10.04,0.35,8.20,69.83,25.01,2.08,2.08,1.04,Yes,No,No,Anemic
PID_0475,Male,78,15.80,5.93,43.92,74.06,26.65,35.97,11.77,321.00,9.62,0.31,7.60,60.23,29.54,5.69,3.41,1.14,Yes,Yes,No,Compensated Microcytosis
PID_0476,Male,62,14.90,5.54,44.21,79.83,26.89,33.69,12.30,373.00,10.12,0.38,7.50,68.57,24.41,4.62,2.33,0.00,Yes,Yes,No,Compensated Microcytosis
PID_0477,Male,66,16.60,4.77,47.85,100.29,34.84,34.66,11.62,400.00,9.92,0.40,9.90,57.68,34.11,5.85,2.35,0.00,Yes,Yes,Yes,Non-Anemic
PID_0478,Female,28,14.00,4.53,40.73,89.89,30.93,34.40,13.28,268.00,7.33,0.20,7.00,52.56,38.39,6.06,3.03,0.00,Yes,No,Yes,Non-Anemic
PID_0479,Female,35,13.90,5.00,36.88,73.75,27.80,37.70,12.02,177.00,7.57,0.14,8.20,55.42,37.58,3.98,1.98,0.99,No,No,Yes,Non-Anemic
PID_0480,Female,37,10.70,3.50,30.27,86.50,30.57,35.33,14.69,310.00,10.53,0.33,5.00,53.31,37.36,5.33,2.67,1.33,Yes,No,No,Anemic
PID_0481,Male,62,15.60,5.53,46.09,83.32,28.18,33.82,11.58,217.00,10.23,0.22,6.70,56.84,33.68,7.35,1.05,1.05,No,No,No,Non-Anemic
PID_0482,Male,18,12.00,5.27,36.53,69.34,22.78,32.82,15.24,341.00,7.06,0.24,6.40,53.84,35.89,5.15,3.85,1.28,Yes,No,Yes,Anemic
PID_0483,Female,62,12.10,5.25,37.73,71.83,23.06,32.05,12.59,274.00,10.00,0.27,6.80,62.02,29.12,6.35,1.27,1.27,Yes,Yes,Yes,Compensated Microcytosis
PID_0484,Female,49,14.60,4.77,42.64,89.41,30.58,34.26,14.53,309.00,9.93,0.31,5.20,51.07,40.18,4.32,3.26,1.09,No,Yes,Yes,Non-Anemic
PID_0485,Female,64,14.80,5.39,44.72,83.01,27.47,33.07,11.87,414.00,11.30,0.47,8.40,60.62,34.06,3.21,2.13,0.00,Yes,No,Yes,Non-Anemic
PID_0486,Female,56,9.30,4.31,28.80,66.85,21.58,32.27,16.79,160.00,8.77,0.14,10.80,65.35,28.87,2.87,2.88,0.00,Yes,Yes,No,Anemic
PID_0487,Female,35,14.00,4.89,42.14,86.20,28.67,33.21,13.59,436.00,9.43,0.41,5.40,47.80,41.14,5.58,4.44,1.11,Yes,Yes,No,Non-Anemic
PID_0488,Female,20,13.10,4.97,40.06,80.62,26.32,32.69,14.27,395.00,7.03,0.28,6.30,59.62,29.82,6.75,3.85,0.00,Yes,Yes,Yes,Compensated Microcytosis
PID_0489,Male,26,14.10,4.85,39.14,80.72,29.05,36.03,13.96,269.00,7.63,0.20,9.10,55.13,39.05,2.28,2.30,1.15,No,No,No,Non-Anemic
PID_0490,Female,33,12.00,4.18,34.23,81.88,28.68,35.10,12.40,238.00,10.20,0.24,5.60,50.53,37.87,8.46,2.11,1.05,Yes,Yes,Yes,Non-Anemic
PID_0491,Male,72,15.20,5.85,44.72,76.41,26.02,33.96,13.67,316.00,11.11,0.35,8.50,62.24,32.26,3.30,2.22,0.00,Yes,No,No,Compensated Microcytosis
PID_0492,Male,29,14.70,5.42,41.09,75.80,27.09,35.81,14.19,164.00,10.88,0.18,5.90,67.81,23.32,7.79,1.11,0.00,Yes,No,No,Non-Anemic
PID_0493,Male,36,14.20,5.65,41.65,73.69,25.10,34.06,12.90,184.00,8.30,0.15,4.30,53.74,36.82,6.63,2.83,0.00,No,Yes,Yes,Compensated Microcytosis
PID_0494,Male,29,9.20,6.00,27.91,46.54,15.37,32.98,13.13,300.00,11.39,0.34,7.00,64.25,28.59,4.79,2.38,0.00,Yes,No,Yes,Anemic
PID_0495,Male,40,12.50,5.94,34.89,58.70,21.01,35.86,13.33,187.00,10.42,0.20,9.20,69.74,21.23,6.04,2.02,1.01,Yes,No,Yes,Anemic
PID_0496,Female,41,10.90,4.20,31.46,74.95,25.92,34.66,11.64,297.00,7.61,0.23,6.80,60.20,34.39,2.12,2.15,1.08,No,No,No,Anemic
PID_0497,Female,64,13.70,4.72,41.83,88.61,28.99,32.74,12.09,249.00,8.50,0.21,6.40,64.57,24.97,6.26,3.12,1.04,No,Yes,Yes,Non-Anemic
PID_0498,Female,21,8.90,3.86,26.35,68.31,23.10,33.79,16.10,295.00,7.71,0.23,9.20,61.40,23.90,9.11,4.55,1.14,Yes,No,No,Anemic
PID_0499,Male,76,13.40,4.99,40.67,81.51,26.83,32.97,14.58,421.00,7.20,0.30,5.10,55.63,33.96,7.58,1.89,0.94,No,No,Yes,Compensated Microcytosis
PID_0500,Female,32,15.00,4.29,46.38,108.15,34.96,32.32,14.39,232.00,8.21,0.19,9.60,59.31,34.06,5.48,1.10,0.00,Yes,No,Yes,Non-Anemic
PID_0501,Male,21,16.20,6.03,46.14,76.53,26.87,35.12,12.67,306.00,11.80,0.36,5.50,55.66,39.18,3.11,2.06,0.00,Yes,Yes,No,Compensated Microcytosis
PID_0502,Female,25,12.80,4.97,35.27,70.98,25.79,36.26,11.82,350.00,10.62,0.37,5.10,58.15,35.71,5.07,1.02,0.00,No,No,No,Compensated Microcytosis
PID_0503,Male,44,15.30,4.70,47.34,100.75,32.56,32.35,12.68,420.00,12.01,0.50,5.10,59.84,33.29,4.26,2.56,0.00,No,No,Yes,Non-Anemic
PID_0504,Female,44,13.40,4.43,38.64,87.21,30.23,34.72,12.27,425.00,10.80,0.46,4.70,67.09,29.25,2.42,1.22,0.00,Yes,Yes,Yes,Non-Anemic
PID_0505,Male,24,14.80,5.26,44.55,84.67,28.11,33.24,14.02,378.00,7.49,0.28,9.80,65.08,30.13,2.89,1.94,0.00,Yes,Yes,Yes,Non-Anemic
PID_0506,Female,53,14.30,5.19,42.79,82.49,27.58,33.44,12.80,304.00,7.08,0.22,7.20,52.57,33.35,10.26,2.56,1.28,No,Yes,Yes,Non-Anemic
PID_0507,Female,68,14.50,4.47,43.56,97.44,32.46,33.27,13.32,348.00,9.00,0.31,9.20,65.00,27.97,4.02,2.00,1.00,Yes,No,No,Non-Anemic
PID_0508,Male,33,16.20,4.73,49.15,103.86,34.24,32.98,12.03,230.00,9.19,0.21,7.60,53.91,37.11,5.61,2.25,1.12,Yes,No,Yes,Non-Anemic
PID_0509,Male,49,15.70,5.67,46.10,81.28,27.69,34.09,12.00,368.00,8.91,0.33,10.00,53.96,40.48,3.36,2.25,0.00,Yes,No,Yes,Non-Anemic
PID_0510,Female,49,13.00,5.14,39.39,76.62,25.30,33.04,13.58,187.00,11.82,0.22,9.60,56.85,36.26,2.90,2.94,0.98,No,No,No,Compensated Microcytosis
PID_0511,Female,29,10.40,3.68,30.30,82.30,28.26,34.30,13.81,242.00,8.42,0.20,6.00,60.55,30.25,6.41,1.83,0.92,No,Yes,Yes,Anemic
PID_0512,Male,29,16.30,5.93,48.03,81.03,27.51,33.98,13.26,331.00,10.86,0.36,5.70,63.77,27.54,4.99,3.75,0.00,Yes,No,Yes,Non-Anemic
PID_0513,Female,41,13.90,4.21,41.23,97.91,32.99,33.70,13.13,285.00,10.22,0.29,10.80,50.61,36.51,9.43,3.53,0.00,No,Yes,Yes,Non-Anemic
PID_0514,Female,39,14.20,4.29,43.15,100.58,33.11,32.92,13.26,435.00,8.44,0.37,6.10,51.16,38.11,7.13,3.57,0.00,No,No,Yes,Non-Anemic
PID_0515,Female,36,12.80,4.46,38.43,86.12,28.67,33.28,12.11,431.00,10.74,0.46,4.00,61.80,32.36,3.95,0.98,0.98,Yes,Yes,No,Non-Anemic
PID_0516,Female,34,10.60,3.55,30.37,85.55,29.84,34.94,16.87,374.00,11.38,0.43,10.40,61.63,29.08,5.79,3.49,0.00,No,Yes,Yes,Anemic
PID_0517,Male,80,11.20,4.34,32.37,74.62,25.83,34.61,16.90,168.00,10.72,0.18,7.20,60.76,31.35,5.88,0.98,0.98,No,Yes,No,Anemic
PID_0518,Male,25,15.50,4.99,47.22,94.62,31.10,32.80,12.76,389.00,10.87,0.42,6.30,58.41,33.61,6.20,0.88,0.88,No,No,Yes,Non-Anemic
PID_0519,Female,39,12.30,4.56,36.05,79.07,27.01,34.12,13.86,300.00,11.36,0.34,4.40,55.00,38.99,3.00,3.00,0.00,No,No,Yes,Compensated Microcytosis
PID_0520,Male,36,15.10,5.99,43.26,72.26,25.24,34.93,14.22,283.00,8.61,0.24,7.90,53.30,38.86,2.21,4.44,1.11,No,Yes,No,Compensated Microcytosis
PID_0521,Male,68,14.20,5.90,44.38,75.24,24.08,31.98,13.71,353.00,10.64,0.37,9.90,60.56,32.11,4.60,2.75,0.00,Yes,Yes,No,Compensated Microcytosis
PID_0522,Female,47,13.10,4.70,37.80,80.41,27.86,34.65,12.73,369.00,11.92,0.44,10.20,53.00,39.78,6.00,1.20,0.00,No,No,No,Non-Anemic
PID_0523,Male,79,16.20,5.68,48.79,85.85,28.51,33.21,12.14,201.00,11.48,0.23,7.50,53.07,37.74,6.11,3.06,0.00,Yes,Yes,Yes,Non-Anemic
PID_0524,Male,56,14.50,5.90,41.81,70.90,24.62,34.67,13.02,352.00,9.67,0.34,6.90,65.73,23.57,5.87,3.92,0.98,No,Yes,No,Compensated Microcytosis
PID_0525,Male,19,14.10,4.81,42.62,88.60,29.34,33.04,14.48,266.00,9.19,0.24,9.60,69.05,24.75,2.06,4.12,0.00,No,Yes,Yes,Non-Anemic
PID_0526,Male,59,15.90,5.72,49.95,87.34,27.76,31.85,13.18,332.00,7.17,0.24,8.90,61.41,32.50,2.42,2.41,1.20,No,Yes,No,Non-Anemic
PID_0527,Female,75,13.90,5.16,43.37,84.05,26.93,32.05,13.43,305.00,9.88,0.30,5.00,59.98,32.02,5.98,2.00,0.00,No,No,No,Compensated Microcytosis
PID_0528,Male,59,16.00,4.98,46.98,94.33,32.15,34.05,12.29,244.00,10.48,0.26,5.70,54.78,33.33,8.34,3.57,0.00,No,Yes,No,Non-Anemic
PID_0529,Female,20,10.80,5.04,31.48,62.42,21.40,34.35,13.38,288.00,9.34,0.27,5.90,58.86,35.28,1.96,2.94,0.98,Yes,No,No,Anemic
PID_0530,Female,38,7.30,3.44,22.18,64.50,21.23,32.89,17.03,350.00,8.61,0.30,6.30,58.78,33.36,3.49,3.51,0.88,No,Yes,No,Anemic
PID_0531,Male,27,15.90,4.76,45.73,96.11,33.42,34.75,13.38,273.00,11.23,0.31,4.90,52.60,34.64,8.97,3.85,0.00,No,No,No,Non-Anemic
PID_0532,Female,20,14.00,4.67,43.74,93.64,29.99,32.02,14.13,170.00,9.53,0.16,8.50,60.21,33.01,2.87,2.91,0.97,Yes,Yes,Yes,Non-Anemic
PID_0533,Female,37,14.00,4.75,41.27,86.89,29.46,33.89,12.90,352.00,10.47,0.37,8.70,52.55,40.18,3.09,3.09,1.03,No,Yes,Yes,Non-Anemic
PID_0534,Female,46,11.70,4.95,35.95,72.63,23.63,32.51,11.92,332.00,8.77,0.29,8.90,58.03,32.15,7.11,2.68,0.00,No,Yes,No,Anemic
PID_0535,Female,46,8.10,4.62,24.38,52.81,17.53,33.23,18.41,223.00,10.08,0.23,8.80,58.60,30.27,8.05,3.03,0.00,Yes,Yes,Yes,Anemic
PID_0536,Female,47,12.60,5.37,37.00,68.89,23.45,34.09,14.43,395.00,10.80,0.43,10.00,71.56,23.15,4.21,1.05,0.00,Yes,No,Yes,Compensated Microcytosis
PID_0537,Female,61,12.00,4.65,36.40,78.28,25.80,32.95,16.70,215.00,11.12,0.24,4.10,65.69,27.29,4.08,2.02,1.01,No,Yes,No,Compensated Microcytosis
PID_0538,Female,49,10.70,4.39,31.90,72.66,24.35,33.56,17.81,193.00,10.91,0.21,8.40,58.54,36.60,2.44,2.44,0.00,No,No,Yes,Anemic
PID_0539,Male,32,12.10,5.55,34.37,61.90,21.79,35.24,17.99,432.00,11.51,0.50,4.10,58.95,30.54,6.31,3.16,1.05,Yes,Yes,No,Anemic
PID_0540,Male,23,16.90,5.92,50.74,85.71,28.52,33.30,12.63,270.00,9.76,0.27,10.80,62.38,32.11,3.65,0.92,0.92,No,Yes,No,Non-Anemic
PID_0541,Female,31,14.70,4.30,42.00,97.64,34.21,34.97,12.00,317.00,10.79,0.34,9.90,66.64,25.04,6.24,2.08,0.00,No,Yes,No,Non-Anemic
PID_0542,Male,32,11.50,5.91,35.23,59.64,19.42,32.62,17.64,162.00,8.97,0.15,6.00,57.46,31.23,8.76,2.50,0.00,Yes,Yes,No,Anemic
PID_0543,Male,60,16.40,5.61,47.35,84.43,29.21,34.61,13.82,218.00,9.27,0.20,8.70,56.83,36.81,3.19,3.16,0.00,No,Yes,No,Non-Anemic
PID_0544,Male,25,12.80,5.64,35.82,63.51,22.69,35.75,14.04,267.00,8.21,0.22,9.30,51.14,40.66,3.50,3.49,1.16,No,No,Yes,Anemic
PID_0545,Male,38,11.90,5.25,38.35,73.03,22.64,30.99,17.33,329.00,9.22,0.30,8.60,56.12,31.69,7.30,3.66,1.22,Yes,Yes,No,Anemic
PID_0546,Female,52,11.90,3.89,36.01,92.58,30.60,33.01,15.03,253.00,8.18,0.21,9.80,67.97,23.99,4.00,4.00,0.00,Yes,Yes,No,Anemic
PID_0547,Female,43,13.00,5.29,37.47,70.86,24.58,34.69,12.09,395.00,7.96,0.32,9.30,61.77,29.42,4.44,4.41,0.00,Yes,No,Yes,Compensated Microcytosis
PID_0548,Male,38,14.50,4.94,42.95,86.99,29.33,33.73,14.10,295.00,7.51,0.22,4.80,56.62,36.81,2.83,2.83,0.94,Yes,No,Yes,Non-Anemic
PID_0549,Female,40,14.30,4.59,41.52,90.42,31.13,34.45,11.82,153.00,9.74,0.15,9.80,68.78,23.66,5.36,2.15,0.00,No,Yes,No,Non-Anemic
PID_0550,Male,30,15.80,5.04,47.48,94.24,31.36,33.31,13.69,277.00,11.52,0.32,9.60,50.60,44.44,3.68,1.23,0.00,Yes,Yes,No,Non-Anemic
PID_0551,Male,55,15.40,5.83,45.16,77.43,26.40,34.11,14.33,248.00,7.62,0.19,5.50,53.08,35.81,6.18,4.94,0.00,Yes,No,Yes,Compensated Microcytosis
PID_0552,Male,40,16.20,5.14,47.91,93.24,31.49,33.83,14.28,224.00,10.43,0.23,8.60,60.18,27.53,8.20,4.08,0.00,Yes,Yes,No,Non-Anemic
PID_0553,Female,57,13.40,4.51,37.85,83.90,29.72,35.44,12.19,181.00,9.77,0.18,6.50,55.94,36.52,6.45,1.08,0.00,No,No,Yes,Non-Anemic
PID_0554,Male,32,13.20,5.72,38.48,67.27,23.09,34.29,13.21,165.00,11.73,0.19,7.30,62.20,31.74,4.89,1.22,0.00,Yes,Yes,No,Compensated Microcytosis
PID_0555,Male,21,16.30,5.88,47.38,80.59,27.72,34.43,14.30,295.00,10.99,0.32,7.60,57.62,36.48,4.69,1.18,0.00,Yes,No,No,Non-Anemic
PID_0556,Male,65,8.90,3.82,26.56,69.56,23.31,33.51,18.13,331.00,10.77,0.36,8.60,64.87,23.37,8.55,2.13,1.06,Yes,No,No,Anemic
PID_0557,Male,47,14.50,4.92,43.39,88.20,29.47,33.43,13.72,250.00,11.33,0.28,4.50,50.02,39.34,8.53,2.13,0.00,No,Yes,Yes,Non-Anemic
PID_0558,Male,23,15.20,4.76,45.40,95.42,31.91,33.45,12.21,326.00,8.08,0.26,6.80,64.51,29.01,3.70,2.80,0.00,No,Yes,Yes,Non-Anemic
PID_0559,Female,22,9.90,4.05,28.72,70.92,24.44,34.50,12.58,411.00,7.79,0.32,4.60,54.08,41.21,2.35,2.35,0.00,No,Yes,Yes,Anemic
PID_0560,Female,80,14.00,4.41,41.80,94.81,31.72,33.47,13.11,398.00,7.74,0.31,8.10,53.74,38.67,3.26,4.30,0.00,No,Yes,Yes,Non-Anemic
PID_0561,Male,35,9.70,4.60,28.24,61.37,21.07,34.33,14.61,351.00,9.14,0.32,5.90,46.65,44.45,3.34,4.44,1.11,Yes,No,No,Anemic
PID_0562,Male,41,16.50,4.73,45.22,95.57,34.86,36.51,11.71,278.00,9.59,0.27,6.00,58.68,29.32,7.98,4.00,0.00,Yes,No,No,Non-Anemic
PID_0563,Male,67,16.00,4.91,45.66,93.00,32.60,35.04,12.11,416.00,10.27,0.43,10.60,72.42,23.02,2.31,2.30,0.00,No,No,Yes,Non-Anemic
PID_0564,Female,37,7.90,4.06,23.51,57.90,19.44,33.64,11.94,293.00,11.80,0.35,10.50,60.95,35.34,2.45,1.22,0.00,Yes,No,Yes,Anemic
PID_0565,Female,54,10.10,4.10,28.50,69.49,24.67,35.44,15.79,314.00,10.07,0.32,9.90,49.45,40.46,7.83,1.12,1.12,No,Yes,Yes,Anemic
PID_0566,Male,49,13.30,5.31,39.69,74.71,25.09,33.52,16.89,340.00,8.98,0.31,8.20,48.21,42.17,4.78,3.61,1.20,No,Yes,Yes,Compensated Microcytosis
PID_0567,Male,31,17.20,5.15,54.51,105.87,33.39,31.52,11.90,316.00,9.43,0.30,5.00,47.80,40.04,7.77,3.33,1.11,Yes,Yes,No,Non-Anemic
PID_0568,Male,28,16.00,5.44,48.79,89.66,29.45,32.76,13.60,412.00,10.54,0.43,11.00,57.58,36.34,4.03,2.02,0.00,Yes,Yes,Yes,Non-Anemic
PID_0569,Female,56,13.00,4.31,40.94,94.97,30.17,31.72,14.02,384.00,10.29,0.40,8.70,64.97,26.80,5.12,3.09,0.00,Yes,No,Yes,Non-Anemic
PID_0570,Male,32,8.40,4.45,25.02,56.18,18.90,33.60,17.18,429.00,10.47,0.45,7.70,56.43,32.95,7.04,3.53,0.00,Yes,Yes,No,Anemic
PID_0571,Male,60,14.20,5.14,41.74,81.18,27.63,34.02,11.72,167.00,8.87,0.15,9.40,62.89,27.80,6.15,2.06,1.03,No,Yes,Yes,Non-Anemic
PID_0572,Female,53,11.10,5.40,30.82,57.11,20.58,35.99,12.63,285.00,11.81,0.34,6.50,62.62,26.50,8.45,2.41,0.00,No,Yes,No,Anemic
PID_0573,Male,74,14.70,5.92,42.74,72.18,24.86,34.41,13.28,239.00,10.43,0.25,5.10,66.64,23.31,6.63,3.33,0.00,No,No,No,Compensated Microcytosis
PID_0574,Female,35,11.00,3.67,32.61,88.82,29.95,33.70,17.88,279.00,7.60,0.21,8.20,45.62,42.39,7.65,3.26,1.09,Yes,Yes,Yes,Anemic
PID_0575,Male,43,14.60,5.82,41.72,71.67,25.12,35.03,11.58,290.00,10.12,0.29,7.00,70.68,20.21,7.03,1.01,1.01,Yes,No,Yes,Compensated Microcytosis
PID_0576,Female,71,14.50,4.66,46.26,99.28,31.11,31.34,13.13,214.00,11.76,0.25,7.10,47.11,41.39,8.02,3.45,0.00,Yes,Yes,Yes,Non-Anemic
PID_0577,Male,45,15.10,4.96,44.05,88.78,30.48,34.27,12.88,167.00,9.61,0.16,8.20,63.62,30.31,3.05,3.03,0.00,No,No,Yes,Non-Anemic
PID_0578,Male,25,11.00,3.78,31.50,83.32,29.13,34.90,14.83,157.00,9.91,0.16,7.90,55.44,39.62,2.95,1.98,0.00,No,Yes,No,Anemic
PID_0579,Female,42,10.40,3.61,32.27,89.36,28.78,32.22,14.58,305.00,9.39,0.29,5.70,50.49,39.60,5.93,3.96,0.00,Yes,No,Yes,Anemic
PID_0580,Female,50,11.70,5.31,33.08,62.28,22.04,35.39,17.32,329.00,8.71,0.29,9.10,60.47,34.55,3.68,1.23,0.00,Yes,Yes,No,Anemic
PID_0581,Male,56,14.00,5.72,40.69,71.10,24.48,34.39,13.53,297.00,11.48,0.34,8.40,62.65,32.33,2.00,2.02,1.01,No,Yes,Yes,Compensated Microcytosis
PID_0582,Female,33,14.10,5.40,42.09,77.93,26.10,33.52,13.30,190.00,8.82,0.17,8.70,62.63,27.70,3.60,4.82,1.20,Yes,Yes,Yes,Compensated Microcytosis
PID_0583,Male,32,15.50,5.14,44.59,86.73,30.13,34.80,14.23,217.00,8.62,0.19,4.50,67.03,25.80,5.14,1.03,1.03,Yes,Yes,Yes,Non-Anemic
PID_0584,Female,34,13.30,4.21,36.22,86.06,31.59,36.71,11.57,298.00,7.98,0.24,6.00,67.36,21.76,6.51,4.35,0.00,Yes,Yes,No,Non-Anemic
PID_0585,Female,60,13.40,5.17,39.16,75.71,25.94,34.21,11.97,278.00,7.43,0.21,9.20,65.04,30.11,2.88,1.94,0.00,No,Yes,No,Compensated Microcytosis
PID_0586,Female,74,14.80,4.63,43.15,93.21,31.94,34.29,12.11,331.00,10.68,0.35,6.70,67.38,26.53,4.08,2.04,0.00,Yes,Yes,No,Non-Anemic
PID_0587,Male,25,9.20,5.86,27.50,46.91,15.69,33.44,13.73,226.00,11.73,0.27,5.50,49.41,41.61,5.64,3.37,0.00,No,No,Yes,Anemic
PID_0588,Male,22,10.30,4.53,31.23,68.93,22.74,32.95,17.50,166.00,11.58,0.19,5.30,64.49,27.10,5.58,2.80,0.00,No,Yes,No,Anemic
PID_0589,Male,21,14.80,5.88,42.29,71.94,25.16,35.01,11.92,204.00,10.80,0.22,10.70,62.19,32.93,2.42,2.44,0.00,Yes,Yes,Yes,Compensated Microcytosis
PID_0590,Male,23,16.80,5.64,50.95,90.32,29.82,32.98,14.54,219.00,10.98,0.24,5.70,66.18,28.42,4.01,1.35,0.00,No,No,No,Non-Anemic
PID_0591,Female,80,13.60,5.25,39.90,76.03,25.89,34.08,14.04,200.00,11.07,0.22,4.40,61.37,29.72,6.94,1.98,0.00,Yes,Yes,Yes,Compensated Microcytosis
PID_0592,Female,64,14.20,5.05,42.48,84.12,28.09,33.40,14.38,426.00,7.70,0.33,5.00,61.25,28.71,7.49,2.50,0.00,No,Yes,Yes,Non-Anemic
PID_0593,Male,39,15.70,5.64,45.41,80.48,27.84,34.61,13.17,191.00,7.49,0.14,5.90,46.05,43.81,6.75,3.37,0.00,Yes,Yes,No,Non-Anemic
PID_0594,Female,39,14.90,5.08,43.31,85.24,29.29,34.44,12.31,412.00,10.78,0.45,9.10,53.99,39.11,4.57,2.30,0.00,No,No,No,Non-Anemic
PID_0595,Female,30,12.80,4.73,36.32,76.78,27.10,35.24,11.76,352.00,11.33,0.40,7.60,61.10,34.27,1.85,2.78,0.00,Yes,No,No,Compensated Microcytosis
PID_0596,Male,26,15.00,4.87,44.93,92.28,30.82,33.36,13.68,155.00,10.99,0.17,10.30,45.63,43.44,8.66,1.09,1.09,Yes,No,Yes,Non-Anemic
PID_0597,Male,51,15.70,5.12,46.62,91.03,30.69,33.67,14.12,239.00,8.20,0.20,6.20,51.74,41.39,3.46,3.45,0.00,Yes,Yes,Yes,Non-Anemic
PID_0598,Female,78,10.50,4.93,31.99,64.86,21.30,32.85,17.36,430.00,9.47,0.41,10.40,60.18,35.22,2.76,1.85,0.00,No,No,Yes,Anemic
PID_0599,Female,58,14.20,4.68,42.43,90.66,30.35,33.46,13.41,387.00,9.47,0.37,5.50,50.55,42.86,3.30,2.20,1.10,No,Yes,No,Non-Anemic
PID_0600,Male,31,14.30,4.97,41.51,83.53,28.73,34.48,11.88,193.00,8.92,0.17,10.60,59.16,33.06,5.22,2.61,0.00,No,No,No,Non-Anemic
PID_0601,Male,68,15.20,6.01,43.54,72.47,25.31,34.94,13.70,326.00,11.31,0.37,7.70,61.75,33.35,2.92,1.96,0.00,No,Yes,No,Compensated Microcytosis
PID_0602,Male,60,16.30,4.91,49.55,100.93,33.17,32.88,13.13,239.00,9.83,0.23,4.60,72.01,21.47,5.38,1.08,0.00,Yes,No,Yes,Non-Anemic
PID_0603,Female,59,12.40,4.44,35.38,79.66,27.97,35.03,13.41,417.00,8.32,0.35,4.80,51.28,38.47,6.40,3.85,0.00,No,Yes,No,Non-Anemic
PID_0604,Female,20,14.30,4.56,40.14,88.03,31.40,35.67,12.73,279.00,7.33,0.20,6.20,56.40,32.72,6.36,3.64,0.91,Yes,Yes,Yes,Non-Anemic
PID_0605,Male,46,15.40,4.96,44.64,90.03,31.02,34.50,12.28,374.00,10.51,0.39,7.80,57.46,32.51,7.52,2.50,0.00,No,No,No,Non-Anemic
PID_0606,Female,61,13.40,4.26,36.96,86.78,31.48,36.23,13.02,156.00,9.63,0.15,6.50,58.85,32.95,3.56,3.53,1.18,Yes,No,No,Non-Anemic
PID_0607,Female,39,14.20,4.92,42.94,87.28,28.85,33.09,12.14,268.00,8.03,0.21,7.30,64.73,26.45,6.85,0.98,0.98,Yes,Yes,Yes,Non-Anemic
PID_0608,Male,38,15.70,5.63,48.30,85.82,27.85,32.48,13.38,280.00,8.87,0.25,10.70,57.41,36.09,4.65,1.85,0.00,No,No,Yes,Non-Anemic
PID_0609,Male,35,12.50,5.45,39.23,71.94,22.95,31.91,17.04,205.00,11.28,0.23,6.30,68.73,24.96,3.78,2.50,0.00,No,No,Yes,Anemic
PID_0610,Female,38,12.40,5.31,34.64,65.21,23.37,35.79,12.17,300.00,10.10,0.30,6.30,68.17,23.05,5.52,2.20,1.10,No,Yes,No,Compensated Microcytosis
PID_0611,Male,37,16.70,5.62,48.01,85.46,29.70,34.77,12.32,255.00,7.99,0.20,8.30,66.32,24.77,3.97,3.96,0.99,No,Yes,No,Non-Anemic
PID_0612,Female,18,13.20,4.78,38.90,81.37,27.63,33.93,14.30,423.00,10.39,0.44,8.30,62.22,27.81,4.44,4.44,1.11,No,No,No,Non-Anemic
PID_0613,Female,29,10.20,5.00,29.71,59.42,20.43,34.31,16.60,198.00,8.03,0.16,7.80,52.89,39.11,4.63,2.30,1.15,No,Yes,No,Anemic
PID_0614,Male,46,14.10,6.08,43.19,71.02,23.23,32.68,13.98,212.00,8.87,0.19,4.90,51.67,39.34,5.62,3.37,0.00,No,Yes,No,Compensated Microcytosis
PID_0615,Female,51,9.00,4.36,24.37,55.88,20.65,36.92,18.31,393.00,11.81,0.46,4.70,57.03,35.51,3.23,3.23,1.08,No,Yes,No,Anemic
PID_0616,Female,57,12.80,5.16,37.48,72.65,24.79,34.15,11.97,280.00,9.39,0.26,10.10,49.97,43.36,3.35,2.22,1.11,No,No,Yes,Compensated Microcytosis
PID_0617,Female,34,13.60,4.89,39.85,81.46,27.85,34.14,14.13,352.00,9.58,0.34,4.10,54.92,39.58,2.17,2.20,1.10,Yes,No,No,Non-Anemic
PID_0618,Female,77,14.70,5.24,42.16,80.45,28.05,34.89,11.73,287.00,9.83,0.28,7.30,52.54,39.37,6.02,1.01,1.01,Yes,No,Yes,Non-Anemic
PID_0619,Male,33,13.80,5.88,39.91,67.90,23.49,34.58,12.91,345.00,7.31,0.25,8.30,52.92,35.31,7.05,4.71,0.00,No,No,Yes,Compensated Microcytosis
PID_0620,Male,55,16.50,4.84,48.15,99.52,34.11,34.31,12.83,366.00,11.48,0.42,6.00,63.92,29.16,2.74,4.17,0.00,Yes,Yes,No,Non-Anemic
PID_0621,Female,75,12.90,5.27,39.03,74.02,24.52,33.02,13.16,250.00,7.28,0.18,8.30,59.62,34.22,4.38,1.75,0.00,No,Yes,Yes,Compensated Microcytosis
PID_0622,Male,57,16.10,4.79,46.58,97.24,33.60,34.58,13.87,172.00,11.74,0.20,4.80,64.08,28.12,5.82,1.94,0.00,No,Yes,No,Non-Anemic
PID_0623,Female,64,13.70,5.08,37.78,74.39,26.95,36.29,13.27,448.00,12.02,0.54,6.00,59.60,32.98,4.26,2.13,1.06,No,Yes,No,Compensated Microcytosis
PID_0624,Female,47,12.50,5.27,35.10,66.57,23.75,35.63,14.03,158.00,9.59,0.15,5.70,53.91,35.51,6.56,3.95,0.00,No,No,Yes,Compensated Microcytosis
PID_0625,Female,45,13.60,4.49,37.87,84.35,30.25,35.94,14.24,285.00,8.59,0.25,10.50,63.85,29.78,3.23,2.13,1.06,No,No,Yes,Non-Anemic
PID_0626,Female,60,13.40,5.08,40.14,79.02,26.35,33.36,13.48,165.00,8.21,0.14,4.30,61.20,31.79,4.67,2.35,0.00,No,No,No,Compensated Microcytosis
PID_0627,Male,76,15.40,5.39,46.93,87.10,28.61,32.78,11.78,445.00,11.36,0.51,5.90,54.74,35.77,7.40,2.11,0.00,Yes,Yes,Yes,Non-Anemic
PID_0628,Female,34,11.00,4.80,32.50,67.73,22.92,33.85,16.64,215.00,8.76,0.19,6.60,50.48,38.81,7.79,2.91,0.00,No,No,No,Anemic
PID_0629,Male,66,14.20,5.79,41.68,72.01,24.54,34.03,12.68,217.00,9.26,0.20,5.20,64.08,28.13,2.95,3.88,0.97,Yes,No,Yes,Compensated Microcytosis
PID_0630,Female,33,8.60,4.04,24.35,60.27,21.29,35.29,18.31,323.00,7.73,0.25,10.20,59.36,34.36,5.24,1.04,0.00,No,No,Yes,Anemic
PID_0631,Male,23,16.70,5.12,52.24,102.04,32.61,31.99,12.77,419.00,8.27,0.35,8.40,64.61,25.64,6.13,3.66,0.00,Yes,Yes,No,Non-Anemic
PID_0632,Male,35,9.50,4.10,26.51,64.66,23.14,35.85,18.42,413.00,8.89,0.37,7.70,62.08,25.31,6.88,4.60,1.15,No,Yes,Yes,Anemic
PID_0633,Male,70,15.20,5.50,44.96,81.70,27.64,33.79,13.53,429.00,7.51,0.32,10.00,54.22,34.92,6.02,3.61,1.20,No,No,No,Non-Anemic
PID_0634,Male,18,11.70,6.06,34.94,57.62,19.30,33.52,18.57,423.00,7.27,0.31,7.10,52.57,34.61,8.96,3.85,0.00,No,No,No,Anemic
PID_0635,Female,20,13.60,5.10,41.48,81.37,26.65,32.79,13.20,359.00,9.49,0.34,6.10,55.24,35.54,7.91,1.32,0.00,No,No,Yes,Compensated Microcytosis
PID_0636,Male,63,16.40,5.47,51.23,93.64,30.02,32.04,12.14,207.00,7.90,0.16,4.70,59.81,32.14,6.22,0.89,0.89,Yes,No,No,Non-Anemic
PID_0637,Male,24,16.10,5.44,46.02,84.59,29.56,34.99,13.59,182.00,8.37,0.15,5.40,63.63,28.22,3.61,3.64,0.91,No,Yes,No,Non-Anemic
PID_0638,Male,42,14.80,5.58,43.42,77.81,26.50,34.09,11.58,205.00,11.79,0.24,4.70,60.35,30.18,5.67,2.83,0.94,Yes,Yes,Yes,Compensated Microcytosis
PID_0639,Male,64,16.10,5.03,49.61,98.61,32.01,32.47,12.77,298.00,8.50,0.25,10.40,57.50,28.73,8.74,3.75,1.25,Yes,Yes,Yes,Non-Anemic
PID_0640,Male,27,13.50,4.59,41.61,90.67,29.40,32.44,13.74,319.00,7.86,0.25,5.80,66.37,24.72,6.96,0.99,0.99,No,Yes,Yes,Non-Anemic
PID_0641,Male,53,14.60,5.42,43.46,80.19,26.92,33.58,11.77,182.00,7.08,0.13,7.00,54.58,35.36,7.08,3.03,0.00,No,No,No,Compensated Microcytosis
PID_0642,Male,38,16.90,5.87,46.94,79.93,28.77,35.99,12.81,447.00,9.24,0.41,5.10,56.98,30.82,7.50,3.74,0.93,No,No,No,Non-Anemic
PID_0643,Male,22,11.90,5.96,35.32,59.29,19.98,33.69,18.09,435.00,7.46,0.33,5.70,60.84,29.92,7.25,2.06,0.00,No,No,No,Anemic
PID_0644,Male,31,16.50,4.85,51.25,105.67,33.99,32.20,11.96,155.00,11.78,0.18,10.40,51.06,38.26,8.51,2.13,0.00,No,Yes,Yes,Non-Anemic
PID_0645,Female,20,10.40,3.78,30.86,81.63,27.52,33.74,13.72,228.00,8.20,0.19,4.60,58.44,31.44,5.63,3.37,1.12,Yes,No,Yes,Anemic
PID_0646,Female,75,14.80,4.41,43.95,99.71,33.60,33.64,12.78,258.00,10.16,0.26,8.50,53.88,34.63,6.42,5.13,0.00,Yes,No,No,Non-Anemic
PID_0647,Female,53,10.50,3.93,34.13,86.83,26.69,30.75,15.41,284.00,9.21,0.26,6.40,51.16,36.38,7.93,4.55,0.00,Yes,No,No,Anemic
PID_0648,Male,46,15.60,5.93,45.97,77.51,26.30,33.92,14.21,230.00,7.34,0.17,10.90,63.00,29.62,4.94,2.47,0.00,Yes,Yes,No,Compensated Microcytosis
PID_0649,Male,56,17.00,5.49,50.41,91.83,30.96,33.69,11.93,425.00,9.70,0.41,9.60,56.24,35.44,6.25,2.08,0.00,Yes,No,Yes,Non-Anemic
PID_0650,Male,67,15.80,5.79,45.36,78.32,27.25,34.84,13.44,216.00,7.91,0.17,5.20,51.97,39.00,6.00,2.00,1.00,Yes,No,Yes,Non-Anemic
PID_0651,Female,74,12.20,4.21,33.68,80.05,28.97,36.25,11.77,273.00,8.82,0.24,4.70,67.04,24.38,4.84,2.44,1.22,Yes,No,Yes,Non-Anemic
PID_0652,Female,68,11.30,5.11,31.96,62.58,22.15,35.39,12.12,272.00,7.23,0.20,10.90,60.61,35.36,2.00,1.01,1.01,Yes,No,Yes,Anemic
PID_0653,Male,44,13.00,4.56,38.60,84.63,28.50,33.66,16.21,436.00,7.40,0.32,10.30,58.08,34.28,5.72,0.95,0.95,Yes,No,No,Compensated Microcytosis
PID_0654,Female,22,14.70,5.16,44.99,87.23,28.52,32.64,14.10,395.00,8.26,0.33,10.90,59.13,31.20,7.56,1.08,1.08,No,No,No,Non-Anemic
PID_0655,Female,57,9.30,5.32,25.08,47.15,17.44,37.09,15.80,420.00,11.34,0.48,8.90,56.62,32.92,5.25,3.95,1.32,No,No,Yes,Anemic
PID_0656,Male,42,15.70,6.03,46.08,76.41,26.05,34.11,12.49,310.00,9.38,0.29,6.80,63.14,29.11,4.87,1.94,0.97,Yes,No,Yes,Compensated Microcytosis
PID_0657,Female,27,12.70,5.13,37.33,72.82,24.77,33.99,11.71,201.00,10.72,0.22,7.10,51.65,38.23,7.89,2.25,0.00,No,No,Yes,Compensated Microcytosis
PID_0658,Male,55,14.70,5.71,43.27,75.76,25.74,33.98,11.88,433.00,7.60,0.33,10.40,59.83,29.87,7.19,3.09,0.00,No,No,No,Compensated Microcytosis
PID_0659,Male,71,16.50,5.46,48.19,88.28,30.24,34.21,12.41,230.00,7.83,0.18,8.90,56.08,37.41,3.75,2.80,0.00,No,No,Yes,Non-Anemic
PID_0660,Male,54,14.10,5.14,41.68,81.11,27.41,33.83,12.00,336.00,11.99,0.40,8.50,65.62,23.66,7.57,3.23,0.00,No,No,No,Non-Anemic
PID_0661,Male,29,10.40,4.20,31.22,74.35,24.77,33.27,11.88,159.00,7.67,0.12,9.20,66.64,24.73,7.51,1.08,0.00,Yes,Yes,Yes,Anemic
PID_0662,Female,66,13.20,5.26,39.59,75.26,25.11,33.31,11.79,153.00,7.49,0.11,10.20,61.27,29.04,6.41,3.23,0.00,No,No,Yes,Compensated Microcytosis
PID_0663,Female,51,13.10,4.39,38.57,87.87,29.81,33.95,11.90,223.00,9.51,0.21,9.90,60.52,27.63,7.91,2.63,1.32,No,No,No,Non-Anemic
PID_0664,Female,44,14.40,4.38,43.18,98.55,32.88,33.36,13.21,260.00,11.56,0.30,6.60,50.54,40.47,6.77,2.25,0.00,No,Yes,Yes,Non-Anemic
PID_0665,Female,64,12.40,4.62,37.41,81.00,26.81,33.12,12.48,275.00,8.40,0.23,6.70,65.94,26.34,3.29,3.30,1.10,Yes,Yes,Yes,Compensated Microcytosis
PID_0666,Female,80,14.00,5.00,41.02,82.01,27.99,34.12,13.07,400.00,7.32,0.29,5.50,49.41,41.54,3.37,4.49,1.12,No,No,Yes,Non-Anemic
PID_0667,Male,61,14.80,5.55,43.92,79.13,26.65,33.66,14.52,404.00,10.57,0.43,7.80,65.30,30.60,2.01,2.04,0.00,Yes,Yes,No,Compensated Microcytosis
PID_0668,Male,42,15.00,5.71,41.89,73.36,26.24,35.80,12.31,243.00,8.27,0.20,9.50,57.63,32.60,7.59,2.17,0.00,Yes,No,No,Compensated Microcytosis
PID_0669,Male,46,16.20,4.74,52.57,110.93,34.16,30.80,13.72,335.00,8.20,0.28,7.60,63.67,30.68,2.27,2.27,1.14,No,No,Yes,Non-Anemic
PID_0670,Female,18,12.10,5.00,34.27,68.52,24.24,35.34,12.83,181.00,9.19,0.17,8.70,55.64,33.99,6.64,3.77,0.00,Yes,Yes,Yes,Compensated Microcytosis
PID_0671,Male,51,15.90,5.89,44.79,76.08,26.99,35.54,13.23,421.00,10.56,0.45,7.80,62.10,26.34,7.34,3.16,1.05,No,Yes,Yes,Compensated Microcytosis
PID_0672,Female,65,14.20,4.84,45.06,93.07,29.31,31.53,12.48,158.00,9.51,0.15,5.70,56.81,34.75,5.24,3.16,0.00,No,No,No,Non-Anemic
PID_0673,Male,78,14.90,5.52,44.36,80.38,26.98,33.56,13.87,438.00,10.68,0.47,8.60,67.50,24.07,4.83,2.41,1.20,No,No,No,Compensated Microcytosis
PID_0674,Female,75,13.80,4.51,41.13,91.16,30.57,33.54,13.10,280.00,7.60,0.21,5.10,61.22,31.52,3.59,2.70,0.90,Yes,Yes,Yes,Non-Anemic
PID_0675,Female,39,7.30,3.76,22.59,60.12,19.44,32.35,18.70,193.00,10.43,0.20,11.00,62.07,30.53,4.22,3.16,0.00,Yes,Yes,Yes,Anemic
PID_0676,Female,61,13.70,5.17,41.43,80.15,26.53,33.09,13.31,166.00,7.57,0.13,7.80,45.66,42.41,7.58,3.26,1.09,No,No,No,Compensated Microcytosis
PID_0677,Male,70,15.20,4.86,46.53,95.78,31.26,32.65,13.34,230.00,11.82,0.27,7.40,69.16,24.46,4.28,1.06,1.06,Yes,Yes,No,Non-Anemic
PID_0678,Male,41,9.20,4.43,25.48,57.49,20.73,36.12,14.98,317.00,10.08,0.32,6.00,52.60,40.00,3.12,4.21,0.00,Yes,Yes,No,Anemic
PID_0679,Male,56,16.20,5.73,46.12,80.48,28.30,35.13,12.52,174.00,9.79,0.17,6.50,68.72,26.06,3.16,2.08,0.00,No,No,No,Non-Anemic
PID_0680,Male,24,13.50,4.94,38.00,76.92,27.36,35.50,15.67,193.00,7.89,0.15,7.10,56.80,34.12,6.80,1.14,1.14,Yes,Yes,No,Compensated Microcytosis
PID_0681,Female,21,13.60,4.99,39.01,78.15,27.28,34.90,13.02,252.00,11.37,0.29,9.20,60.87,31.55,3.29,3.26,1.09,Yes,Yes,No,Non-Anemic
PID_0682,Male,63,15.60,4.97,47.79,96.12,31.36,32.64,13.11,387.00,10.97,0.43,7.20,56.29,32.19,8.03,3.45,0.00,Yes,Yes,No,Non-Anemic
PID_0683,Male,27,15.60,5.79,46.75,80.77,26.94,33.40,14.37,208.00,10.82,0.23,4.60,65.16,23.60,6.73,3.37,1.12,No,No,Yes,Compensated Microcytosis
PID_0684,Male,55,15.80,5.31,45.68,86.05,29.75,34.58,12.32,395.00,9.48,0.38,7.80,60.73,34.85,1.75,1.79,0.89,No,Yes,No,Non-Anemic
PID_0685,Female,27,13.10,4.31,40.27,93.41,30.43,32.55,12.49,409.00,10.79,0.44,6.20,58.43,32.48,6.45,2.60,0.00,No,Yes,Yes,Non-Anemic
PID_0686,Female,37,12.20,4.98,35.00,70.27,24.53,34.90,12.38,412.00,8.97,0.37,4.30,61.36,29.22,5.63,2.83,0.94,Yes,Yes,Yes,Compensated Microcytosis
PID_0687,Male,60,9.80,4.27,29.07,68.10,22.94,33.68,15.47,353.00,11.59,0.41,9.60,56.44,34.68,5.96,1.98,0.99,No,No,Yes,Anemic
PID_0688,Female,77,12.20,4.73,36.36,76.89,25.77,33.58,13.07,215.00,7.12,0.15,4.90,56.30,32.40,8.47,2.82,0.00,No,No,No,Compensated Microcytosis
PID_0689,Male,47,15.40,6.01,44.19,73.51,25.59,34.83,14.49,253.00,7.42,0.19,5.10,56.47,38.64,1.98,1.98,0.99,Yes,No,Yes,Compensated Microcytosis
PID_0690,Female,58,14.80,4.30,42.86,99.69,34.39,34.54,12.47,150.00,11.37,0.17,7.10,61.36,29.27,7.53,1.89,0.00,No,No,No,Non-Anemic
PID_0691,Female,38,14.40,4.92,42.90,87.16,29.27,33.60,12.68,392.00,9.80,0.38,5.10,54.80,35.65,8.22,1.37,0.00,No,No,No,Non-Anemic
PID_0692,Female,71,14.30,4.76,40.41,84.88,30.07,35.40,13.78,235.00,8.57,0.20,10.70,63.66,28.59,6.46,1.30,0.00,No,No,Yes,Non-Anemic
PID_0693,Male,48,15.60,5.41,47.70,88.17,28.85,32.69,14.14,166.00,8.38,0.14,7.70,61.30,28.79,6.30,2.70,0.90,No,No,Yes,Non-Anemic
PID_0694,Female,70,13.40,4.39,38.57,87.90,30.53,34.70,14.30,260.00,8.11,0.21,8.30,48.39,41.97,7.56,2.15,0.00,Yes,No,No,Non-Anemic
PID_0695,Male,36,14.80,5.41,42.64,78.81,27.38,34.70,13.73,370.00,9.08,0.34,10.90,62.80,28.74,3.23,4.26,1.06,Yes,No,Yes,Non-Anemic
PID_0696,Female,51,9.50,3.73,28.25,75.78,25.48,33.60,17.60,295.00,9.36,0.28,8.90,61.19,29.88,2.95,4.48,1.49,Yes,Yes,Yes,Anemic
PID_0697,Male,51,15.40,4.71,44.78,95.04,32.70,34.43,12.13,246.00,8.01,0.20,7.00,61.86,31.59,2.64,3.95,0.00,Yes,No,Yes,Non-Anemic
PID_0698,Male,63,16.70,5.44,51.39,94.50,30.72,32.48,11.67,179.00,7.78,0.14,9.70,65.31,22.76,6.92,3.96,0.99,No,Yes,Yes,Non-Anemic
PID_0699,Male,30,16.40,5.40,46.71,86.54,30.36,35.08,14.03,243.00,7.02,0.17,9.70,62.86,31.46,1.93,2.86,0.95,No,Yes,No,Non-Anemic
PID_0700,Female,31,12.30,4.65,36.41,78.33,26.43,33.80,12.40,302.00,11.16,0.34,6.20,58.44,33.04,5.90,1.69,0.85,No,No,No,Compensated Microcytosis
PID_0701,Female,48,12.80,4.25,38.35,90.28,30.08,33.33,13.17,208.00,11.59,0.24,7.80,59.68,32.49,6.16,1.75,0.00,No,Yes,No,Non-Anemic
PID_0702,Male,35,14.40,5.03,40.84,81.22,28.66,35.26,11.64,348.00,7.14,0.25,6.70,55.41,36.99,4.34,2.17,1.09,No,No,Yes,Non-Anemic
PID_0703,Male,45,15.80,5.47,47.66,87.09,28.90,33.13,12.33,395.00,11.23,0.44,10.70,62.15,31.08,4.88,0.97,0.97,Yes,Yes,No,Non-Anemic
PID_0704,Female,80,8.40,4.39,26.00,59.25,19.13,32.30,15.58,155.00,9.28,0.14,10.50,48.81,39.55,8.11,3.49,0.00,No,No,No,Anemic
PID_0705,Male,75,15.50,5.65,48.24,85.39,27.42,32.09,13.20,383.00,10.20,0.39,4.90,68.26,24.74,5.90,1.18,0.00,Yes,No,No,Non-Anemic
PID_0706,Male,56,9.80,4.84,28.22,58.32,20.24,34.72,13.51,239.00,10.30,0.25,4.20,61.74,31.93,4.29,1.06,1.06,Yes,No,Yes,Anemic
PID_0707,Female,57,11.60,4.61,35.73,77.55,25.15,32.44,15.71,228.00,10.47,0.24,4.50,53.98,32.91,9.20,2.63,1.32,No,Yes,Yes,Anemic
PID_0708,Female,78,14.70,4.69,40.71,86.79,31.34,36.08,14.30,294.00,7.63,0.22,4.50,57.16,30.96,9.52,2.38,0.00,Yes,Yes,Yes,Non-Anemic
PID_0709,Female,48,10.70,4.64,33.97,73.24,23.06,31.52,17.88,417.00,7.43,0.31,7.50,55.29,34.18,7.88,2.63,0.00,Yes,Yes,No,Anemic
PID_0710,Male,72,14.50,5.90,40.24,68.24,24.54,36.03,13.79,287.00,9.02,0.26,5.80,54.02,34.52,8.05,2.30,1.15,No,Yes,Yes,Compensated Microcytosis
PID_0711,Female,21,12.90,4.41,37.66,85.43,29.22,34.29,11.68,193.00,11.37,0.22,5.80,67.03,22.00,6.96,3.00,1.00,Yes,No,Yes,Non-Anemic
PID_0712,Male,58,13.30,4.71,39.25,83.32,28.25,33.87,13.71,264.00,7.67,0.20,9.60,64.33,27.35,4.75,3.57,0.00,Yes,Yes,No,Non-Anemic
PID_0713,Female,45,15.00,4.88,44.98,92.14,30.76,33.36,13.60,253.00,10.04,0.25,7.90,49.39,41.15,4.67,4.71,0.00,No,No,No,Non-Anemic
PID_0714,Female,55,12.90,4.40,37.41,85.02,29.29,34.46,13.89,393.00,7.03,0.28,10.00,65.69,24.48,6.89,1.96,0.98,No,Yes,No,Non-Anemic
PID_0715,Male,64,14.00,5.20,41.23,79.32,26.91,33.97,13.01,246.00,8.01,0.20,10.70,67.01,22.69,5.70,4.55,0.00,Yes,No,Yes,Compensated Microcytosis
PID_0716,Male,25,14.70,5.71,41.61,72.90,25.76,35.32,13.98,173.00,11.63,0.20,4.70,63.21,26.43,9.16,1.15,0.00,Yes,Yes,No,Compensated Microcytosis
PID_0717,Female,67,13.30,4.73,38.96,82.35,28.09,34.11,13.50,381.00,10.66,0.41,5.80,47.63,39.29,9.54,3.57,0.00,Yes,No,Yes,Non-Anemic
PID_0718,Female,44,13.60,5.23,39.79,76.07,26.01,34.18,12.90,432.00,9.27,0.40,7.60,62.95,30.84,2.51,2.47,1.23,Yes,Yes,No,Compensated Microcytosis
PID_0719,Male,65,14.50,4.72,43.20,91.53,30.68,33.60,13.02,198.00,11.31,0.22,10.90,50.60,41.00,3.60,3.61,1.20,No,No,Yes,Non-Anemic
PID_0720,Female,19,13.10,4.93,38.61,78.30,26.58,33.95,12.81,186.00,8.36,0.16,4.60,61.53,30.77,6.56,1.10,0.00,Yes,No,No,Compensated Microcytosis
PID_0721,Male,48,11.00,5.07,32.01,63.16,21.73,34.33,12.17,371.00,7.36,0.28,9.70,60.26,27.37,8.25,2.74,1.37,Yes,No,No,Anemic
PID_0722,Female,62,14.30,5.03,44.76,88.98,28.42,31.96,12.07,409.00,10.53,0.43,6.10,60.49,28.93,7.89,2.63,0.00,No,Yes,No,Non-Anemic
PID_0723,Female,70,8.30,5.19,25.63,49.37,15.96,32.42,14.67,213.00,9.68,0.21,5.60,61.57,29.50,7.73,1.28,0.00,Yes,Yes,Yes,Anemic
PID_0724,Female,55,14.60,4.55,41.84,91.96,32.09,34.88,12.37,445.00,8.69,0.39,10.70,50.03,39.97,7.04,3.00,0.00,Yes,Yes,Yes,Non-Anemic
PID_0725,Female,42,13.90,5.00,40.64,81.28,27.76,34.21,12.47,153.00,9.02,0.14,10.10,62.38,31.80,3.49,2.35,0.00,No,Yes,No,Non-Anemic
PID_0726,Female,77,9.90,4.39,29.31,66.76,22.56,33.82,18.59,410.00,9.48,0.39,10.70,55.88,32.27,8.62,2.15,1.08,No,No,No,Anemic
PID_0727,Female,40,12.90,4.49,37.92,84.48,28.75,34.04,13.04,386.00,8.11,0.31,4.40,57.27,33.68,5.60,3.37,0.00,Yes,Yes,Yes,Non-Anemic
PID_0728,Female,56,13.30,4.67,38.64,82.73,28.51,34.46,12.77,207.00,10.17,0.21,4.40,56.31,38.85,2.90,0.97,0.97,No,No,No,Non-Anemic
PID_0729,Female,21,14.20,4.23,42.58,100.69,33.55,33.35,14.34,339.00,8.07,0.27,6.40,58.36,33.30,4.78,3.57,0.00,No,No,No,Non-Anemic
PID_0730,Female,76,15.10,5.06,45.67,90.27,29.81,33.06,12.24,352.00,8.88,0.31,8.90,61.09,31.10,3.37,3.33,1.11,Yes,Yes,No,Non-Anemic
PID_0731,Female,72,7.20,4.00,21.03,52.56,17.96,34.23,18.63,424.00,11.57,0.49,9.90,58.58,31.55,6.32,2.70,0.90,Yes,No,No,Anemic
PID_0732,Female,25,12.20,5.03,37.17,73.91,24.28,32.84,11.62,304.00,7.27,0.22,8.60,63.19,27.36,6.58,2.83,0.00,No,No,Yes,Compensated Microcytosis
PID_0733,Male,33,16.20,4.93,46.97,95.31,32.85,34.50,11.63,356.00,10.20,0.36,7.60,58.26,32.95,7.60,1.27,0.00,Yes,Yes,Yes,Non-Anemic
PID_0734,Male,80,11.00,5.33,34.42,64.61,20.62,31.98,12.82,159.00,11.56,0.18,9.10,63.71,27.44,6.84,1.96,0.00,Yes,Yes,Yes,Anemic
PID_0735,Male,52,16.10,5.78,45.69,79.06,27.84,35.20,13.81,374.00,11.96,0.45,6.20,53.28,40.21,2.15,4.35,0.00,No,Yes,No,Non-Anemic
PID_0736,Female,40,12.50,4.61,36.16,78.41,27.12,34.55,12.03,152.00,9.02,0.14,7.40,58.83,32.36,5.91,2.94,0.00,Yes,Yes,Yes,Compensated Microcytosis
PID_0737,Male,65,15.80,5.29,46.05,87.04,29.89,34.28,13.91,362.00,7.67,0.28,7.20,65.31,24.45,8.17,2.04,0.00,No,No,No,Non-Anemic
PID_0738,Female,49,12.70,5.09,36.10,70.92,24.93,35.14,13.64,240.00,8.96,0.22,8.60,53.57,40.46,3.54,2.38,0.00,Yes,No,No,Compensated Microcytosis
PID_0739,Male,24,17.00,5.88,47.22,80.32,28.88,35.99,12.38,344.00,10.21,0.35,6.40,54.54,37.39,4.05,4.04,0.00,No,No,No,Non-Anemic
PID_0740,Male,63,13.90,4.73,39.47,83.44,29.42,35.20,11.82,324.00,8.58,0.28,7.80,55.29,34.10,7.10,3.53,0.00,No,Yes,Yes,Non-Anemic
PID_0741,Female,48,11.90,5.08,37.43,73.68,23.41,31.81,17.84,221.00,9.82,0.22,6.90,60.42,31.24,5.23,2.08,1.04,No,Yes,Yes,Anemic
PID_0742,Male,52,15.30,4.83,47.13,97.55,31.66,32.42,13.28,210.00,11.08,0.23,6.90,51.10,42.24,3.32,2.22,1.11,Yes,Yes,No,Non-Anemic
PID_0743,Female,71,7.10,3.60,21.35,59.28,19.70,33.27,12.77,343.00,8.89,0.31,5.80,64.35,29.72,2.96,2.97,0.00,No,No,Yes,Anemic
PID_0744,Female,35,13.70,5.21,40.26,77.29,26.31,34.05,12.08,159.00,11.07,0.18,10.60,63.24,29.25,4.73,2.83,0.00,No,Yes,Yes,Compensated Microcytosis
PID_0745,Male,35,16.40,5.86,47.37,80.82,27.98,34.64,12.41,232.00,8.53,0.20,4.50,59.83,29.39,6.84,3.92,0.00,Yes,No,Yes,Non-Anemic
PID_0746,Male,45,14.90,5.73,44.98,78.46,26.03,33.13,13.40,279.00,7.54,0.21,8.80,57.43,34.62,4.96,1.98,0.99,Yes,No,Yes,Compensated Microcytosis
PID_0747,Female,50,13.20,4.92,38.57,78.37,26.80,34.18,14.28,251.00,10.60,0.27,5.80,53.66,36.61,7.34,2.44,0.00,No,Yes,No,Compensated Microcytosis
PID_0748,Female,19,7.70,4.77,23.27,48.75,16.18,33.09,18.37,385.00,9.96,0.39,9.80,57.73,32.72,6.92,1.72,0.86,Yes,Yes,No,Anemic
PID_0749,Female,44,14.40,5.29,43.29,81.85,27.21,33.27,14.01,304.00,10.99,0.34,5.10,60.74,31.28,5.32,2.68,0.00,Yes,Yes,Yes,Non-Anemic
PID_0750,Female,47,12.30,4.87,38.07,78.14,25.28,32.31,11.70,438.00,10.40,0.46,8.40,57.83,31.33,7.22,3.61,0.00,No,Yes,No,Compensated Microcytosis
PID_0751,Male,21,16.60,5.65,50.47,89.29,29.39,32.90,12.63,381.00,10.97,0.42,7.30,60.24,29.56,7.13,2.04,1.02,Yes,Yes,No,Non-Anemic
PID_0752,Male,59,8.20,3.99,25.33,63.45,20.52,32.34,12.81,231.00,7.61,0.18,10.00,50.53,39.39,8.04,2.02,0.00,No,No,Yes,Anemic
PID_0753,Female,80,14.60,4.63,44.47,96.08,31.54,32.85,13.62,205.00,7.62,0.16,8.50,54.32,40.21,3.27,2.17,0.00,No,No,Yes,Non-Anemic
PID_0754,Male,78,14.00,5.55,39.70,71.54,25.22,35.26,13.32,325.00,9.20,0.30,6.60,63.97,30.26,3.49,2.33,0.00,No,No,No,Compensated Microcytosis
PID_0755,Male,43,15.90,5.27,48.39,91.84,30.14,32.87,11.61,374.00,10.87,0.41,4.80,50.56,38.71,7.56,2.15,1.08,No,No,No,Non-Anemic
PID_0756,Female,39,8.20,3.85,22.07,57.35,21.30,37.16,14.17,201.00,11.91,0.24,7.70,55.66,37.49,3.41,3.41,0.00,Yes,No,No,Anemic
PID_0757,Male,22,15.60,5.45,45.10,82.78,28.62,34.58,13.94,236.00,11.71,0.28,4.80,59.80,32.37,3.95,3.92,0.00,Yes,No,No,Non-Anemic
PID_0758,Female,52,14.10,5.01,41.20,82.26,28.15,34.24,14.20,321.00,10.30,0.33,7.40,56.15,34.72,8.14,1.02,0.00,No,No,Yes,Non-Anemic
PID_0759,Male,25,15.10,4.83,45.80,94.81,31.30,33.01,12.52,152.00,8.89,0.14,5.10,48.28,46.01,4.60,1.15,0.00,Yes,No,No,Non-Anemic
PID_0760,Male,30,17.00,5.66,48.79,86.21,30.00,34.87,11.80,150.00,8.79,0.13,10.50,53.06,34.53,8.65,2.47,1.23,Yes,No,No,Non-Anemic
PID_0761,Male,75,12.60,5.80,37.83,65.21,21.71,33.29,16.70,207.00,9.71,0.20,4.70,66.33,26.72,4.94,1.98,0.00,Yes,No,No,Anemic
PID_0762,Female,79,8.00,4.03,23.43,58.12,19.82,34.13,12.78,348.00,7.48,0.26,9.10,56.87,35.76,4.23,3.16,0.00,No,Yes,No,Anemic
PID_0763,Female,74,13.90,4.42,37.49,84.83,31.43,37.10,12.81,377.00,9.50,0.36,4.20,69.15,21.26,6.38,2.13,1.06,Yes,No,No,Non-Anemic
PID_0764,Male,62,11.00,3.82,32.46,84.95,28.82,33.88,16.57,366.00,11.82,0.43,9.70,65.28,23.48,7.18,3.06,1.02,No,No,No,Anemic
PID_0765,Male,58,15.10,5.69,42.68,75.04,26.56,35.38,14.10,214.00,10.69,0.23,4.30,59.74,31.20,5.23,2.60,1.30,Yes,Yes,Yes,Compensated Microcytosis
PID_0766,Male,69,10.30,5.03,31.07,61.76,20.47,33.14,16.00,363.00,8.70,0.32,5.50,58.26,32.97,4.89,3.88,0.00,No,No,No,Anemic
PID_0767,Female,60,13.10,4.76,38.58,81.07,27.51,33.97,12.02,440.00,7.28,0.32,9.30,68.11,22.34,5.30,3.19,1.06,Yes,Yes,Yes,Non-Anemic
PID_0768,Male,41,14.80,5.58,40.97,73.39,26.52,36.09,12.46,361.00,7.83,0.28,8.60,61.58,33.03,4.49,0.89,0.00,Yes,Yes,No,Compensated Microcytosis
PID_0769,Female,62,13.90,4.51,41.81,92.67,30.82,33.25,12.98,297.00,11.78,0.35,10.80,56.81,36.38,3.44,3.41,0.00,Yes,Yes,No,Non-Anemic
PID_0770,Male,72,14.90,5.87,41.19,70.17,25.38,36.14,12.88,405.00,8.88,0.36,7.00,59.99,28.57,7.17,2.86,1.43,Yes,No,Yes,Compensated Microcytosis
PID_0771,Female,49,7.10,3.99,20.37,51.07,17.78,34.86,12.96,185.00,8.36,0.16,10.90,62.83,29.46,3.89,3.85,0.00,Yes,No,Yes,Anemic
PID_0772,Male,45,12.90,4.37,38.71,88.59,29.54,33.36,17.11,445.00,10.39,0.46,6.20,55.95,30.96,8.30,3.57,1.19,No,No,Yes,Anemic
PID_0773,Female,72,14.10,4.72,40.57,85.97,29.91,34.73,14.30,306.00,8.20,0.25,6.10,57.13,34.32,5.72,2.86,0.00,Yes,Yes,No,Non-Anemic
PID_0774,Male,46,16.70,5.53,47.49,85.90,30.20,35.13,12.83,424.00,7.80,0.33,6.00,52.31,37.52,6.82,3.41,0.00,Yes,No,No,Non-Anemic
PID_0775,Female,59,14.10,4.67,40.58,86.92,30.23,34.75,13.33,336.00,11.32,0.38,10.80,55.11,35.92,5.16,3.85,0.00,No,Yes,No,Non-Anemic
PID_0776,Female,55,12.60,4.67,39.23,84.01,27.00,32.09,13.00,178.00,11.43,0.20,10.40,51.78,39.73,4.80,2.41,1.20,Yes,Yes,Yes,Compensated Microcytosis
PID_0777,Female,70,12.60,4.44,38.03,85.66,28.42,33.15,13.86,435.00,7.11,0.31,7.10,58.45,31.13,5.18,5.19,0.00,Yes,Yes,No,Non-Anemic
PID_0778,Female,40,14.20,5.00,42.13,84.27,28.43,33.66,12.73,404.00,9.29,0.38,4.10,52.00,38.01,5.97,3.00,1.00,Yes,No,No,Non-Anemic
PID_0779,Male,76,15.80,5.22,46.59,89.28,30.25,33.93,13.86,248.00,11.20,0.28,7.00,54.77,36.55,3.84,3.85,0.96,Yes,Yes,No,Non-Anemic
PID_0780,Female,77,8.40,4.74,24.18,50.98,17.71,34.72,14.70,216.00,9.17,0.20,4.20,59.07,29.55,7.92,3.41,0.00,Yes,Yes,Yes,Anemic
PID_0781,Female,18,14.80,5.12,43.26,84.52,28.90,34.18,12.01,438.00,7.13,0.31,7.50,53.11,35.79,6.21,4.94,0.00,Yes,No,No,Non-Anemic
PID_0782,Female,40,13.90,4.36,42.90,98.39,31.85,32.42,11.83,299.00,8.59,0.26,5.50,55.23,35.54,3.95,3.95,1.32,No,No,No,Non-Anemic
PID_0783,Female,56,14.00,5.15,40.63,78.88,27.18,34.43,13.51,153.00,11.34,0.17,6.10,54.09,37.80,2.73,5.41,0.00,No,Yes,Yes,Non-Anemic
PID_0784,Male,57,16.70,5.63,48.08,85.43,29.69,34.74,12.57,278.00,8.08,0.23,10.20,61.35,29.28,5.67,3.77,0.00,No,Yes,Yes,Non-Anemic
PID_0785,Male,28,8.20,4.95,23.65,47.79,16.57,34.67,18.34,443.00,9.39,0.42,6.00,61.36,32.99,3.41,2.27,0.00,Yes,No,No,Anemic
PID_0786,Female,19,11.10,3.71,31.45,84.78,29.88,35.30,12.82,437.00,9.01,0.39,10.00,59.48,34.20,3.77,2.53,0.00,Yes,Yes,Yes,Anemic
PID_0787,Male,48,13.90,5.45,39.71,72.90,25.54,35.01,12.47,361.00,7.62,0.27,6.40,54.43,32.93,8.88,2.53,1.27,No,Yes,Yes,Compensated Microcytosis
PID_0788,Female,34,9.10,4.25,26.34,61.96,21.43,34.54,13.00,271.00,7.57,0.21,5.00,63.93,26.77,5.84,3.49,0.00,Yes,Yes,No,Anemic
PID_0789,Male,24,10.20,4.45,30.07,67.58,22.94,33.90,12.04,175.00,9.91,0.17,9.30,58.33,34.49,3.57,3.57,0.00,Yes,No,No,Anemic
PID_0790,Female,44,14.10,4.25,44.05,103.65,33.15,32.02,12.89,300.00,11.57,0.35,8.10,69.42,21.42,5.12,4.08,0.00,Yes,No,Yes,Non-Anemic
PID_0791,Male,34,15.30,6.09,44.33,72.79,25.10,34.51,12.19,276.00,10.62,0.29,8.30,53.76,36.27,3.74,5.00,1.25,Yes,Yes,No,Compensated Microcytosis
PID_0792,Male,22,14.90,4.83,43.50,90.05,30.88,34.23,14.39,249.00,11.20,0.28,6.60,54.73,38.11,5.92,1.19,0.00,No,No,No,Non-Anemic
PID_0793,Male,61,14.30,4.77,41.66,87.31,30.02,34.32,13.93,432.00,7.08,0.31,7.70,64.09,29.46,5.14,1.28,0.00,No,No,Yes,Non-Anemic
PID_0794,Female,57,15.00,5.20,46.20,88.83,28.84,32.47,13.47,283.00,7.94,0.22,8.00,65.09,24.45,6.98,3.49,0.00,No,Yes,No,Non-Anemic
PID_0795,Female,67,12.90,5.02,39.45,78.62,25.67,32.72,13.79,259.00,10.79,0.28,9.30,70.44,22.43,4.06,3.06,0.00,No,Yes,Yes,Compensated Microcytosis
PID_0796,Female,51,14.10,4.61,39.98,86.70,30.58,35.23,12.02,385.00,8.28,0.32,5.30,56.76,31.71,7.71,2.88,0.96,Yes,Yes,No,Non-Anemic
PID_0797,Female,77,14.10,4.51,41.53,92.09,31.29,33.91,14.37,377.00,7.50,0.28,9.40,57.47,34.07,4.22,3.19,1.06,No,Yes,No,Non-Anemic
PID_0798,Female,47,9.90,4.98,28.43,57.10,19.90,34.84,15.69,183.00,8.97,0.17,7.70,48.89,42.06,5.72,3.41,0.00,Yes,No,No,Anemic
PID_0799,Female,30,8.60,4.01,25.27,62.98,21.43,33.99,13.24,442.00,11.31,0.50,5.80,65.02,25.30,4.84,3.61,1.20,Yes,Yes,Yes,Anemic
PID_0800,Male,63,16.00,5.84,47.01,80.51,27.40,34.01,11.58,372.00,9.62,0.36,9.20,50.58,40.46,4.50,4.49,0.00,No,Yes,No,Non-Anemic
PID_0801,Male,74,15.50,5.16,44.13,85.50,30.06,35.16,14.27,376.00,7.40,0.28,6.30,52.98,33.77,9.62,2.41,1.20,Yes,No,No,Non-Anemic
PID_0802,Female,73,13.50,5.06,40.44,79.94,26.71,33.35,14.10,190.00,11.72,0.22,6.00,50.58,41.36,3.44,3.45,1.15,No,No,Yes,Compensated Microcytosis
PID_0803,Female,78,14.50,5.35,42.50,79.46,27.09,34.16,14.31,417.00,8.81,0.37,9.00,56.27,33.04,7.75,1.94,0.97,Yes,No,No,Compensated Microcytosis
PID_0804,Female,75,14.90,5.08,44.55,87.74,29.29,33.47,14.23,273.00,9.03,0.25,6.50,59.08,31.84,5.65,3.41,0.00,Yes,Yes,Yes,Non-Anemic
PID_0805,Female,31,11.80,3.93,35.25,89.70,30.00,33.51,12.73,310.00,7.98,0.25,6.40,57.87,32.90,6.61,1.32,1.32,Yes,No,Yes,Anemic
PID_0806,Female,34,14.10,5.07,41.93,82.73,27.79,33.62,13.26,150.00,9.22,0.14,10.70,58.73,34.85,1.84,3.67,0.92,Yes,No,Yes,Non-Anemic
PID_0807,Male,31,16.50,5.68,48.15,84.74,29.05,34.28,12.37,428.00,9.03,0.39,6.60,53.99,35.66,8.05,1.15,1.15,No,No,No,Non-Anemic
PID_0808,Male,60,15.20,5.33,45.47,85.35,28.50,33.40,11.89,226.00,9.58,0.22,4.80,51.81,42.19,3.59,1.20,1.20,No,Yes,No,Non-Anemic
PID_0809,Female,48,10.90,4.45,30.70,68.95,24.47,35.55,17.09,399.00,7.94,0.32,6.80,57.93,35.54,2.78,2.80,0.93,Yes,Yes,No,Anemic
PID_0810,Female,28,11.80,3.95,35.84,90.71,29.89,32.93,16.93,242.00,11.19,0.27,7.70,62.48,29.19,6.24,2.08,0.00,No,No,Yes,Anemic
PID_0811,Female,61,14.60,4.81,43.23,89.89,30.39,33.76,12.29,314.00,7.74,0.24,7.80,52.82,36.15,6.48,3.70,0.93,No,No,Yes,Non-Anemic
PID_0812,Male,39,17.20,5.19,51.39,99.02,33.15,33.45,14.02,363.00,11.88,0.43,7.90,62.02,29.65,4.67,2.78,0.93,Yes,Yes,No,Non-Anemic
PID_0813,Female,31,14.40,5.12,40.30,78.70,28.11,35.72,14.09,282.00,10.83,0.30,9.00,60.44,27.88,7.01,4.65,0.00,No,No,Yes,Non-Anemic
PID_0814,Female,71,12.30,4.47,35.93,80.39,27.55,34.22,12.19,396.00,11.02,0.44,6.10,61.04,29.99,6.04,2.00,1.00,No,Yes,No,Non-Anemic
PID_0815,Female,49,13.70,4.26,38.88,91.24,32.18,35.25,12.92,412.00,8.30,0.34,4.50,52.79,38.22,4.52,4.49,0.00,No,Yes,No,Non-Anemic
PID_0816,Female,70,13.30,5.07,41.28,81.45,26.27,32.20,13.01,263.00,7.98,0.21,4.10,52.62,38.14,6.61,1.32,1.32,No,Yes,Yes,Compensated Microcytosis
PID_0817,Male,71,13.80,4.47,40.21,89.93,30.86,34.33,13.53,419.00,7.28,0.31,8.50,67.06,24.47,7.44,1.06,0.00,Yes,No,No,Non-Anemic
PID_0818,Male,74,14.30,5.51,40.78,73.99,25.93,35.04,12.26,358.00,11.38,0.41,5.20,55.00,36.28,5.03,3.75,0.00,No,No,Yes,Compensated Microcytosis
PID_0819,Female,44,13.60,4.66,39.88,85.58,29.16,34.12,14.19,411.00,10.42,0.43,8.60,56.16,38.17,2.23,3.37,0.00,Yes,No,No,Non-Anemic
PID_0820,Female,60,14.00,4.29,39.68,92.52,32.61,35.26,13.96,262.00,7.81,0.20,8.80,68.16,26.11,2.30,3.41,0.00,No,No,Yes,Non-Anemic
PID_0821,Male,22,15.70,6.04,47.04,77.86,26.03,33.36,13.37,214.00,10.52,0.23,7.60,60.21,30.12,7.78,1.94,0.00,Yes,No,Yes,Compensated Microcytosis
PID_0822,Male,27,17.00,5.25,47.63,90.75,32.36,35.67,12.83,246.00,9.08,0.22,8.30,64.18,31.11,1.88,1.89,0.94,Yes,Yes,Yes,Non-Anemic
PID_0823,Male,31,14.90,4.80,40.53,84.48,31.04,36.77,13.44,213.00,8.19,0.17,6.00,70.29,25.28,2.19,2.20,0.00,No,No,No,Non-Anemic
PID_0824,Male,59,14.50,5.87,43.20,73.64,24.71,33.53,12.02,324.00,10.58,0.34,5.70,60.62,34.34,2.06,2.02,1.01,No,No,No,Compensated Microcytosis
PID_0825,Male,27,10.30,5.04,30.78,61.10,20.46,33.48,14.01,193.00,9.54,0.18,4.90,62.40,33.05,2.79,1.83,0.00,Yes,Yes,No,Anemic
PID_0826,Male,60,17.10,5.80,47.84,82.51,29.46,35.72,12.01,218.00,8.53,0.19,7.40,55.44,40.20,2.16,2.17,0.00,No,Yes,Yes,Non-Anemic
PID_0827,Female,56,13.00,4.67,36.22,77.54,27.84,35.91,12.76,372.00,7.11,0.26,6.70,55.58,35.59,7.81,1.11,0.00,Yes,Yes,Yes,Non-Anemic
PID_0828,Female,52,11.70,3.55,35.06,98.74,32.93,33.39,18.33,302.00,11.61,0.35,5.10,52.01,36.97,8.02,2.00,1.00,Yes,No,Yes,Anemic
PID_0829,Male,38,11.40,3.85,34.03,88.43,29.58,33.54,13.87,241.00,9.53,0.23,9.20,55.42,32.45,8.07,4.05,0.00,Yes,No,No,Anemic
PID_0830,Male,30,13.20,3.81,39.21,102.96,34.66,33.65,13.00,438.00,9.04,0.39,7.20,64.20,30.86,2.50,2.47,0.00,No,No,Yes,Non-Anemic
PID_0831,Female,70,12.70,4.62,39.21,84.86,27.50,32.39,13.80,201.00,10.58,0.21,4.00,60.69,30.33,5.59,2.25,1.12,No,Yes,No,Non-Anemic
PID_0832,Female,27,13.60,4.40,41.34,93.99,30.87,32.88,12.77,251.00,10.78,0.27,7.90,64.77,26.13,5.67,2.27,1.14,Yes,Yes,Yes,Non-Anemic
PID_0833,Male,61,17.20,5.66,52.45,92.67,30.35,32.84,11.91,387.00,11.61,0.45,6.10,48.27,45.85,4.67,1.18,0.00,No,Yes,Yes,Non-Anemic
PID_0834,Male,72,13.90,5.85,42.02,71.83,23.79,33.04,11.57,163.00,11.50,0.19,9.30,55.19,34.49,8.07,2.30,0.00,No,Yes,No,Compensated Microcytosis
PID_0835,Female,74,7.70,4.68,22.67,48.45,16.47,33.99,14.90,159.00,11.87,0.19,4.00,50.01,41.70,7.18,1.19,0.00,Yes,No,Yes,Anemic
PID_0836,Male,21,15.00,5.58,43.76,78.46,26.86,34.28,12.09,445.00,10.41,0.46,7.70,48.86,42.05,4.55,3.41,1.14,No,Yes,No,Compensated Microcytosis
PID_0837,Male,69,16.70,5.78,46.57,80.55,28.93,35.85,11.77,348.00,10.61,0.37,6.90,67.68,23.22,8.11,1.01,0.00,No,No,No,Non-Anemic
PID_0838,Male,70,10.10,3.78,30.79,81.43,26.71,32.81,16.92,163.00,11.90,0.19,10.30,54.40,33.95,6.80,3.88,0.97,No,Yes,No,Anemic
PID_0839,Male,31,11.30,4.17,32.12,77.04,27.07,35.21,16.44,235.00,7.28,0.17,7.60,60.76,30.41,7.57,1.27,0.00,Yes,No,Yes,Anemic
PID_0840,Male,69,8.90,5.44,26.38,48.49,16.36,33.74,17.69,175.00,8.99,0.16,9.70,59.64,33.66,2.87,2.88,0.96,Yes,No,Yes,Anemic
PID_0841,Female,69,13.70,4.22,40.36,95.65,32.46,33.96,13.42,188.00,9.94,0.19,9.30,63.49,27.08,4.69,4.71,0.00,Yes,No,Yes,Non-Anemic
PID_0842,Female,58,14.10,4.32,40.51,93.78,32.61,34.79,12.29,218.00,8.67,0.19,4.00,61.23,27.51,6.26,3.75,1.25,No,No,Yes,Non-Anemic
PID_0843,Female,67,12.10,4.84,37.06,76.52,24.98,32.68,12.01,256.00,10.00,0.26,9.60,59.59,29.25,6.70,3.37,1.12,No,No,Yes,Compensated Microcytosis
PID_0844,Male,67,15.90,6.01,46.14,76.81,26.46,34.47,12.54,375.00,10.37,0.39,9.90,60.71,31.48,4.47,3.37,0.00,Yes,No,Yes,Compensated Microcytosis
PID_0845,Male,74,16.70,5.85,48.83,83.47,28.54,34.23,13.83,187.00,10.80,0.20,10.00,59.84,34.83,3.53,1.79,0.00,Yes,No,Yes,Non-Anemic
PID_0846,Female,39,14.20,4.24,41.05,96.78,33.51,34.55,12.33,337.00,8.01,0.27,6.90,58.14,29.59,8.18,3.06,1.02,Yes,Yes,No,Non-Anemic
PID_0847,Female,44,13.20,5.35,38.43,71.87,24.65,34.34,14.22,212.00,11.53,0.24,6.20,57.80,33.92,4.55,3.67,0.00,Yes,No,Yes,Compensated Microcytosis
PID_0848,Male,22,16.40,5.37,44.39,82.62,30.57,36.95,13.87,284.00,11.70,0.33,9.40,63.64,29.54,4.54,1.14,1.14,No,Yes,Yes,Non-Anemic
PID_0849,Female,23,12.30,4.83,37.01,76.64,25.47,33.20,12.54,339.00,8.61,0.29,8.00,52.72,41.75,2.18,2.20,1.10,No,Yes,No,Compensated Microcytosis
PID_0850,Male,26,14.90,5.52,44.66,80.91,27.02,33.33,13.57,366.00,7.16,0.26,5.70,47.87,41.49,6.37,4.26,0.00,Yes,No,Yes,Compensated Microcytosis
PID_0851,Female,74,10.30,4.88,30.98,63.46,21.09,33.22,14.68,424.00,7.52,0.32,10.70,44.92,44.95,6.74,3.37,0.00,No,Yes,No,Anemic
PID_0852,Female,53,9.00,4.68,27.00,57.70,19.19,33.33,11.86,320.00,8.43,0.27,7.90,50.61,35.84,9.90,2.47,1.23,No,Yes,Yes,Anemic
PID_0853,Male,45,10.70,4.78,32.19,67.34,22.39,33.27,14.61,189.00,9.39,0.18,7.20,59.29,34.24,3.72,2.78,0.00,No,Yes,Yes,Anemic
PID_0854,Male,67,14.80,5.72,41.78,73.01,25.90,35.46,14.32,353.00,8.10,0.29,7.30,58.41,31.43,6.72,2.25,1.12,No,No,No,Compensated Microcytosis
PID_0855,Male,70,16.10,5.70,45.09,79.10,28.21,35.72,13.59,329.00,11.91,0.39,5.50,61.65,27.10,7.44,2.80,0.93,Yes,No,No,Non-Anemic
PID_0856,Female,54,14.70,5.01,44.12,88.09,29.35,33.34,13.79,367.00,9.89,0.36,10.80,62.35,26.00,6.50,3.90,1.30,Yes,Yes,No,Non-Anemic
PID_0857,Male,73,12.60,4.40,38.18,86.80,28.64,32.97,18.09,301.00,8.17,0.25,6.40,63.28,30.64,3.08,3.06,0.00,No,No,Yes,Anemic
PID_0858,Male,28,8.50,5.35,24.59,45.98,15.85,34.56,17.60,350.00,10.13,0.35,10.60,69.88,22.61,5.35,2.15,0.00,Yes,No,No,Anemic
PID_0859,Female,71,13.20,4.75,39.60,83.39,27.77,33.36,11.98,374.00,9.70,0.36,8.70,62.54,30.39,2.70,3.57,0.89,Yes,Yes,Yes,Non-Anemic
PID_0860,Male,24,16.20,4.88,46.61,95.52,33.17,34.77,13.58,449.00,8.10,0.36,5.80,57.91,35.55,2.77,3.74,0.00,Yes,No,No,Non-Anemic
PID_0861,Female,30,12.50,4.71,36.50,77.46,26.57,34.27,12.43,386.00,10.93,0.42,10.80,49.43,42.39,4.71,3.53,0.00,Yes,No,No,Compensated Microcytosis
PID_0862,Female,55,12.30,5.05,38.22,75.73,24.35,32.20,13.38,421.00,7.52,0.32,7.00,53.92,38.20,4.90,1.96,0.98,No,No,No,Compensated Microcytosis
PID_0863,Male,36,14.00,5.16,39.04,75.70,27.17,35.87,14.12,284.00,7.18,0.20,6.40,53.23,38.31,3.20,4.26,1.06,No,No,Yes,Non-Anemic
PID_0864,Female,65,14.00,4.43,38.72,87.40,31.61,36.18,12.27,189.00,7.91,0.15,10.80,57.37,33.03,6.10,2.61,0.87,No,No,No,Non-Anemic
PID_0865,Male,51,11.20,5.14,33.67,65.52,21.80,33.29,13.87,333.00,10.02,0.33,5.10,60.41,33.92,2.82,1.89,0.94,Yes,Yes,No,Anemic
PID_0866,Male,55,16.20,4.85,48.31,99.58,33.37,33.56,12.31,401.00,11.93,0.48,5.10,49.99,39.32,5.94,4.76,0.00,No,Yes,No,Non-Anemic
PID_0867,Male,24,15.40,4.77,44.84,93.98,32.30,34.35,13.57,150.00,9.57,0.14,8.20,52.70,40.90,4.28,2.15,0.00,Yes,Yes,No,Non-Anemic
PID_0868,Male,57,9.50,4.78,27.62,57.75,19.85,34.39,12.32,336.00,9.99,0.34,9.90,64.51,25.77,5.41,4.30,0.00,Yes,Yes,Yes,Anemic
PID_0869,Female,59,14.30,4.50,41.10,91.31,31.80,34.81,12.87,152.00,9.22,0.14,5.60,53.03,38.56,3.63,3.61,1.20,Yes,Yes,No,Non-Anemic
PID_0870,Female,70,10.90,4.91,29.93,60.97,22.20,36.43,17.90,435.00,11.80,0.51,4.40,62.37,31.21,4.31,1.08,1.08,Yes,No,Yes,Anemic
PID_0871,Male,36,15.60,5.36,46.17,86.15,29.14,33.82,12.67,188.00,9.69,0.18,8.50,53.83,35.91,7.68,1.28,1.28,Yes,Yes,No,Non-Anemic
PID_0872,Female,33,13.70,4.56,41.46,90.93,30.05,33.07,13.90,256.00,11.53,0.29,10.30,57.77,34.49,6.02,0.86,0.86,No,No,Yes,Non-Anemic
PID_0873,Female,47,14.90,4.97,46.07,92.69,30.01,32.31,12.37,298.00,7.07,0.21,4.10,60.99,29.27,7.33,1.22,1.22,Yes,Yes,Yes,Non-Anemic
PID_0874,Male,46,16.00,5.19,48.30,93.06,30.84,33.12,13.14,266.00,7.98,0.21,7.60,61.82,33.65,2.71,1.82,0.00,No,No,No,Non-Anemic
PID_0875,Female,64,14.20,5.02,41.81,83.29,28.26,33.94,12.68,404.00,11.91,0.48,8.90,61.23,30.60,6.28,1.80,0.00,No,Yes,Yes,Non-Anemic
PID_0876,Female,76,12.10,4.66,33.47,71.81,25.97,36.14,14.19,430.00,7.47,0.32,7.00,60.85,31.54,5.46,2.17,0.00,No,No,Yes,Compensated Microcytosis
PID_0877,Male,41,9.30,5.51,27.86,50.57,16.88,33.34,11.82,281.00,12.02,0.34,8.90,55.35,37.83,5.86,0.97,0.00,Yes,No,No,Anemic
PID_0878,Male,19,11.10,5.65,32.39,57.32,19.65,34.28,13.64,440.00,9.77,0.43,7.30,65.94,28.74,3.18,2.13,0.00,Yes,No,No,Anemic
PID_0879,Female,67,13.70,4.62,40.32,87.31,29.65,33.98,13.33,435.00,7.09,0.31,8.00,53.16,40.65,4.21,1.04,1.04,Yes,No,Yes,Non-Anemic
PID_0880,Male,67,15.60,5.80,44.04,75.95,26.92,35.47,13.69,193.00,8.60,0.17,7.40,58.45,35.92,2.24,3.37,0.00,No,No,No,Compensated Microcytosis
PID_0881,Male,43,10.90,3.87,29.43,76.04,28.13,37.01,13.52,205.00,11.42,0.23,10.50,62.16,31.54,3.61,1.80,0.90,Yes,Yes,Yes,Anemic
PID_0882,Male,32,15.00,4.98,44.96,90.28,30.09,33.35,12.49,437.00,7.92,0.35,7.50,62.35,31.20,5.51,0.92,0.00,Yes,No,Yes,Non-Anemic
PID_0883,Male,71,10.10,5.27,30.23,57.40,19.14,33.42,16.20,273.00,11.70,0.32,7.70,63.54,29.92,5.57,0.93,0.00,Yes,No,Yes,Anemic
PID_0884,Male,62,10.10,4.92,28.65,58.24,20.53,35.23,15.72,166.00,11.81,0.20,10.70,51.74,39.99,5.89,1.18,1.18,Yes,No,No,Anemic
PID_0885,Male,23,14.20,5.26,40.78,77.51,26.96,34.86,13.79,389.00,7.49,0.29,7.70,66.25,25.57,3.46,3.49,1.16,Yes,No,Yes,Compensated Microcytosis
PID_0886,Male,32,14.80,5.18,40.87,78.90,28.56,36.22,13.13,182.00,9.23,0.17,7.50,48.89,44.33,2.26,3.41,1.14,No,Yes,Yes,Non-Anemic
PID_0887,Male,21,15.90,5.24,45.82,87.42,30.32,34.73,11.88,330.00,8.12,0.27,7.60,68.52,23.59,4.51,3.37,0.00,Yes,Yes,Yes,Non-Anemic
PID_0888,Female,36,14.00,5.15,41.71,81.01,27.22,33.56,13.40,298.00,7.40,0.22,6.10,51.75,37.91,9.19,1.15,0.00,No,No,No,Non-Anemic
PID_0889,Female,33,12.70,4.23,36.59,86.52,30.03,34.71,11.62,375.00,7.09,0.27,5.50,63.08,27.22,4.82,3.88,0.97,Yes,No,No,Non-Anemic
PID_0890,Female,70,14.90,5.29,42.17,79.73,28.14,35.29,13.54,434.00,11.18,0.49,9.80,51.53,38.35,8.11,2.02,0.00,Yes,No,No,Non-Anemic
PID_0891,Male,68,17.00,5.95,48.59,81.69,28.59,34.98,13.57,199.00,9.81,0.20,5.00,59.34,34.39,3.13,2.08,1.04,No,No,No,Non-Anemic
PID_0892,Female,38,14.40,5.03,41.61,82.69,28.60,34.61,14.34,421.00,9.93,0.42,4.90,62.65,27.49,7.72,1.10,1.10,Yes,Yes,Yes,Non-Anemic
PID_0893,Male,59,17.00,6.03,48.19,79.89,28.16,35.31,11.64,342.00,10.50,0.36,10.10,62.51,28.15,5.18,3.12,1.04,No,Yes,Yes,Non-Anemic
PID_0894,Female,66,13.70,5.21,38.70,74.26,26.26,35.43,12.28,289.00,11.39,0.33,4.70,64.18,31.59,3.12,1.05,0.00,No,Yes,No,Compensated Microcytosis
PID_0895,Male,73,14.40,4.76,40.38,84.81,30.25,35.63,14.08,265.00,7.42,0.20,6.80,62.48,27.74,4.19,4.17,1.39,No,Yes,Yes,Non-Anemic
PID_0896,Male,32,14.50,4.81,41.69,86.71,30.12,34.80,12.97,240.00,9.17,0.22,5.60,59.37,28.09,8.29,4.17,0.00,Yes,No,Yes,Non-Anemic
PID_0897,Male,53,14.70,5.33,43.49,81.61,27.58,33.77,13.69,344.00,8.79,0.30,10.70,70.32,23.11,4.43,2.20,0.00,No,No,No,Non-Anemic
PID_0898,Male,46,17.10,5.96,50.04,83.91,28.68,34.17,14.18,305.00,7.19,0.22,7.30,58.40,34.48,4.42,1.77,0.88,No,Yes,Yes,Non-Anemic
PID_0899,Male,23,17.00,5.89,47.96,81.41,28.84,35.42,13.52,382.00,7.13,0.27,6.00,55.53,37.81,5.54,1.11,0.00,Yes,No,No,Non-Anemic
PID_0900,Female,58,11.60,5.02,35.13,69.99,23.14,33.03,15.82,198.00,8.78,0.17,9.20,60.90,28.72,6.91,2.30,1.15,Yes,No,No,Anemic
PID_0901,Male,38,16.50,5.88,47.91,81.48,28.05,34.43,11.80,365.00,11.98,0.44,10.60,55.93,35.75,4.55,2.75,0.92,No,No,No,Non-Anemic
PID_0902,Female,75,14.40,5.20,42.95,82.61,27.66,33.56,12.30,255.00,9.22,0.24,4.40,64.09,26.08,5.46,3.26,1.09,No,No,Yes,Non-Anemic
PID_0903,Female,80,14.80,5.05,43.49,86.14,29.31,34.03,14.30,348.00,10.50,0.37,4.30,66.29,25.55,5.12,3.06,0.00,No,Yes,No,Non-Anemic
PID_0904,Male,40,16.10,5.62,45.31,80.59,28.63,35.53,12.49,400.00,11.83,0.47,7.90,51.93,36.68,6.33,3.80,1.27,Yes,Yes,No,Non-Anemic
PID_0905,Female,23,14.30,5.28,41.78,79.11,27.08,34.21,14.28,420.00,7.98,0.34,6.30,71.11,20.64,4.16,4.12,0.00,Yes,No,Yes,Compensated Microcytosis
PID_0906,Male,56,14.60,5.63,42.87,76.13,25.94,34.06,13.30,223.00,7.22,0.16,10.10,66.23,26.25,3.79,3.75,0.00,No,Yes,No,Compensated Microcytosis
PID_0907,Male,39,14.00,5.72,43.25,75.65,24.49,32.35,11.73,162.00,10.47,0.17,4.10,63.57,27.07,7.06,2.35,0.00,No,Yes,No,Compensated Microcytosis
PID_0908,Male,48,15.30,6.02,43.85,72.79,25.43,34.88,13.96,383.00,7.08,0.27,8.20,58.08,29.07,8.60,3.23,1.08,Yes,Yes,No,Compensated Microcytosis
PID_0909,Female,46,12.50,4.88,35.95,73.63,25.60,34.77,11.47,243.00,9.01,0.22,5.20,65.97,27.97,4.02,2.00,0.00,Yes,Yes,No,Compensated Microcytosis
PID_0910,Male,32,14.70,4.88,40.17,82.31,30.14,36.64,11.73,384.00,9.93,0.38,10.80,65.75,27.61,5.25,1.32,0.00,Yes,No,No,Non-Anemic
PID_0911,Female,43,15.10,5.09,44.90,88.17,29.65,33.65,13.50,290.00,7.81,0.23,5.60,53.46,33.71,8.15,3.49,1.16,Yes,No,Yes,Non-Anemic
PID_0912,Female,79,14.60,5.08,42.61,83.88,28.74,34.23,14.03,230.00,7.53,0.17,7.10,57.90,34.22,4.38,3.51,0.00,No,No,No,Non-Anemic
PID_0913,Male,34,15.40,5.23,44.90,85.89,29.48,34.32,12.86,377.00,11.92,0.45,7.70,62.21,25.52,8.19,3.06,1.02,No,No,No,Non-Anemic
PID_0914,Female,18,14.60,4.60,40.68,88.46,31.71,35.92,12.77,420.00,9.63,0.40,4.70,53.68,31.72,9.73,3.66,1.22,No,No,Yes,Non-Anemic
PID_0915,Female,21,12.30,5.29,36.30,68.60,23.24,33.90,13.58,410.00,9.20,0.38,5.70,51.25,40.24,4.90,3.66,0.00,Yes,No,Yes,Compensated Microcytosis
PID_0916,Male,73,16.10,5.51,46.89,85.09,29.20,34.30,12.48,184.00,7.68,0.14,6.90,60.74,26.56,6.35,5.06,1.27,Yes,No,Yes,Non-Anemic
PID_0917,Male,78,15.80,6.10,45.49,74.57,25.94,34.77,13.39,242.00,10.69,0.26,10.20,61.89,27.83,5.16,4.12,1.03,No,Yes,Yes,Compensated Microcytosis
PID_0918,Male,53,16.90,5.66,49.38,87.21,29.82,34.21,14.16,155.00,11.34,0.18,5.50,51.26,37.79,8.52,1.22,1.22,No,Yes,No,Non-Anemic
PID_0919,Female,56,13.50,4.74,40.34,85.14,28.48,33.49,12.50,180.00,8.06,0.15,4.50,62.05,29.92,6.88,1.15,0.00,No,Yes,Yes,Non-Anemic
PID_0920,Female,25,13.00,4.50,37.98,84.40,28.90,34.20,14.28,410.00,10.23,0.42,7.00,68.85,26.90,2.16,2.15,0.00,Yes,No,Yes,Non-Anemic
PID_0921,Female,71,14.50,4.23,41.09,97.18,34.31,35.31,13.57,256.00,7.84,0.20,9.20,61.78,28.05,4.51,4.49,1.12,No,No,Yes,Non-Anemic
PID_0922,Male,72,13.90,6.03,42.42,70.38,23.04,32.80,14.28,391.00,7.17,0.28,6.60,67.33,28.44,3.16,1.05,0.00,No,Yes,No,Compensated Microcytosis
PID_0923,Male,57,10.20,3.88,29.86,76.96,26.29,34.13,14.44,184.00,9.39,0.17,4.50,63.00,30.04,3.98,2.00,1.00,No,Yes,No,Anemic
PID_0924,Female,25,12.30,5.26,37.09,70.51,23.42,33.12,12.57,157.00,11.09,0.17,6.70,58.36,35.40,4.16,2.08,0.00,Yes,No,Yes,Compensated Microcytosis
PID_0925,Female,38,13.00,5.14,36.69,71.38,25.29,35.42,11.97,256.00,8.12,0.21,8.00,63.10,32.99,1.93,1.94,0.00,Yes,Yes,No,Compensated Microcytosis
PID_0926,Female,26,11.70,4.31,36.37,84.39,27.16,32.21,15.13,167.00,7.70,0.13,9.10,54.95,36.27,4.37,3.30,1.10,Yes,Yes,No,Anemic
PID_0927,Male,27,15.60,5.23,46.81,89.48,29.84,33.36,13.84,328.00,10.80,0.35,4.50,61.54,30.77,2.59,3.85,1.28,Yes,No,No,Non-Anemic
PID_0928,Female,27,14.20,4.43,41.22,93.02,32.03,34.49,12.42,373.00,9.17,0.34,4.90,52.43,41.43,3.63,2.44,0.00,No,Yes,Yes,Non-Anemic
PID_0929,Male,69,13.50,5.85,37.63,64.35,23.08,35.87,17.88,168.00,11.13,0.19,10.20,67.05,23.09,5.48,3.30,1.10,No,Yes,Yes,Compensated Microcytosis
PID_0930,Male,56,16.10,4.77,47.46,99.51,33.72,33.96,13.68,153.00,10.62,0.16,4.20,58.79,32.38,4.42,2.94,1.47,No,Yes,Yes,Non-Anemic
PID_0931,Female,41,12.60,4.72,37.80,80.09,26.70,33.37,14.48,342.00,12.00,0.41,9.70,46.48,46.51,3.48,2.33,1.16,No,No,Yes,Compensated Microcytosis
PID_0932,Male,46,10.50,5.40,28.96,53.64,19.42,36.24,17.37,440.00,7.90,0.35,6.10,63.03,28.98,5.03,3.00,0.00,Yes,No,No,Anemic
PID_0933,Female,43,13.90,4.25,43.08,101.40,32.67,32.28,11.71,286.00,11.87,0.34,9.60,58.33,35.21,4.65,0.93,0.93,No,Yes,Yes,Non-Anemic
PID_0934,Male,32,16.20,6.01,51.66,85.97,26.96,31.37,13.34,259.00,11.86,0.31,7.70,59.00,32.52,5.97,1.71,0.85,No,Yes,Yes,Compensated Microcytosis
PID_0935,Male,40,14.40,6.08,41.71,68.59,23.65,34.56,12.21,269.00,7.61,0.20,6.30,55.12,34.57,7.47,2.80,0.00,Yes,No,Yes,Compensated Microcytosis
PID_0936,Female,18,12.40,4.62,37.13,80.36,26.81,33.39,13.69,283.00,12.03,0.34,4.50,65.99,25.77,5.15,2.06,1.03,No,Yes,Yes,Compensated Microcytosis
PID_0937,Female,47,13.00,4.44,39.66,89.38,29.27,32.80,12.87,425.00,7.12,0.30,10.40,59.33,31.33,6.78,1.69,0.85,No,Yes,Yes,Non-Anemic
PID_0938,Male,52,16.60,4.93,47.63,96.62,33.68,34.85,13.74,266.00,9.73,0.26,5.30,65.98,28.88,3.06,2.06,0.00,No,Yes,Yes,Non-Anemic
PID_0939,Male,46,13.10,5.71,38.20,66.90,22.95,34.32,12.23,403.00,10.80,0.44,8.70,62.14,27.05,6.28,3.60,0.90,No,No,Yes,Compensated Microcytosis
PID_0940,Male,80,14.40,5.90,43.21,73.26,24.39,33.34,12.02,284.00,7.49,0.21,10.40,63.50,30.56,3.50,1.18,1.18,Yes,No,No,Compensated Microcytosis
PID_0941,Female,71,11.00,5.37,33.88,63.14,20.51,32.47,13.21,314.00,11.12,0.35,4.50,54.39,36.93,5.85,2.91,0.00,Yes,Yes,Yes,Anemic
PID_0942,Male,26,14.90,5.87,42.51,72.43,25.36,35.08,13.12,202.00,10.83,0.22,4.50,54.77,33.66,7.33,4.21,0.00,Yes,Yes,No,Compensated Microcytosis
PID_0943,Female,55,7.60,4.89,21.85,44.71,15.56,34.79,16.79,212.00,11.53,0.24,5.40,60.81,29.93,7.25,1.03,1.03,No,No,Yes,Anemic
PID_0944,Female,72,13.50,4.35,39.85,91.57,31.01,33.86,12.71,319.00,11.78,0.38,10.70,60.37,30.23,5.68,3.77,0.00,Yes,No,Yes,Non-Anemic
PID_0945,Female,69,14.00,5.01,38.66,77.19,27.93,36.21,14.08,159.00,10.69,0.17,8.10,63.30,30.00,3.36,3.33,0.00,Yes,Yes,No,Non-Anemic
PID_0946,Male,42,16.30,5.62,49.82,88.64,28.97,32.74,11.66,272.00,12.04,0.33,5.80,60.52,31.61,3.53,3.51,0.88,Yes,No,Yes,Non-Anemic
PID_0947,Male,25,14.90,5.93,46.32,78.12,25.13,32.18,12.20,239.00,11.17,0.27,9.80,56.25,33.72,6.27,2.50,1.25,No,No,Yes,Compensated Microcytosis
PID_0948,Male,27,8.80,5.17,26.53,51.32,17.05,33.16,11.56,438.00,8.50,0.37,8.70,55.58,35.77,7.41,1.23,0.00,Yes,No,Yes,Anemic
PID_0949,Female,35,12.00,4.64,35.35,76.21,25.90,33.91,15.96,314.00,7.19,0.23,5.60,53.75,34.43,7.53,3.23,1.08,No,Yes,Yes,Compensated Microcytosis
PID_0950,Female,18,15.00,4.82,43.74,90.72,31.08,34.25,12.93,331.00,11.18,0.37,7.10,58.04,33.96,5.38,2.68,0.00,No,No,No,Non-Anemic
PID_0951,Male,43,16.00,4.88,47.46,97.24,32.81,33.73,11.84,378.00,10.41,0.39,4.50,47.07,44.71,5.90,2.35,0.00,Yes,No,No,Non-Anemic
PID_0952,Male,79,13.60,4.90,39.51,80.63,27.72,34.43,18.78,385.00,8.66,0.34,7.40,62.50,27.50,6.23,2.50,1.25,No,No,No,Compensated Microcytosis
PID_0953,Female,24,8.60,3.63,26.46,72.92,23.66,32.52,18.76,414.00,8.50,0.35,7.60,52.53,40.01,2.52,3.75,1.25,No,No,No,Anemic
PID_0954,Male,70,16.30,5.79,45.62,78.80,28.13,35.77,13.00,261.00,8.86,0.23,4.30,56.65,35.59,3.36,4.44,0.00,No,Yes,Yes,Non-Anemic
PID_0955,Female,52,13.60,4.46,40.12,89.95,30.46,33.91,12.38,329.00,7.98,0.26,9.50,56.82,31.81,7.92,2.27,1.14,Yes,Yes,No,Non-Anemic
PID_0956,Male,64,15.40,5.94,43.58,73.35,25.92,35.37,14.18,248.00,11.79,0.29,7.00,65.19,21.71,7.61,4.35,1.09,Yes,Yes,No,Compensated Microcytosis
PID_0957,Male,25,12.60,5.59,36.62,65.47,22.54,34.44,13.99,183.00,8.64,0.16,10.40,50.52,35.19,8.81,4.40,1.10,Yes,Yes,Yes,Anemic
PID_0958,Male,80,10.80,4.04,31.26,77.41,26.73,34.57,13.91,151.00,8.32,0.13,4.40,59.85,33.94,2.71,2.68,0.89,No,No,Yes,Anemic
PID_0959,Female,25,11.60,4.09,33.45,81.74,28.40,34.66,15.06,234.00,9.51,0.22,9.90,54.58,36.39,5.20,2.60,1.30,Yes,No,No,Anemic
PID_0960,Male,73,11.10,5.82,32.14,55.26,19.08,34.54,15.48,354.00,8.50,0.30,7.80,70.40,22.43,6.13,1.02,0.00,Yes,Yes,Yes,Anemic
PID_0961,Male,36,16.20,4.87,46.59,95.65,33.23,34.80,13.23,186.00,8.30,0.16,8.00,58.50,34.14,4.86,2.44,0.00,Yes,Yes,No,Non-Anemic
PID_0962,Female,54,13.90,4.98,39.05,78.44,27.93,35.60,11.52,445.00,7.59,0.34,4.30,63.20,29.27,3.78,3.77,0.00,Yes,Yes,Yes,Non-Anemic
PID_0963,Female,64,11.10,4.30,32.42,75.40,25.80,34.22,15.89,387.00,9.20,0.36,7.30,57.03,36.02,4.99,2.00,0.00,Yes,No,Yes,Anemic
PID_0964,Male,36,14.50,5.69,41.61,73.08,25.48,34.83,12.71,354.00,8.14,0.29,6.00,55.55,37.77,4.48,2.22,0.00,No,No,No,Compensated Microcytosis
PID_0965,Male,43,16.10,5.42,47.50,87.65,29.73,33.93,12.89,359.00,8.14,0.29,4.70,56.21,36.20,3.82,2.86,0.95,No,No,No,Non-Anemic
PID_0966,Female,62,13.30,5.39,37.23,69.02,24.67,35.70,11.47,197.00,7.13,0.14,7.60,62.76,28.40,4.90,3.92,0.00,Yes,Yes,No,Compensated Microcytosis
PID_0967,Male,47,14.80,5.17,44.59,86.24,28.61,33.22,12.92,319.00,8.53,0.27,6.80,61.16,28.26,5.85,4.71,0.00,No,Yes,Yes,Non-Anemic
PID_0968,Male,37,15.10,5.11,41.76,81.74,29.57,36.19,13.17,348.00,7.29,0.25,8.30,55.45,33.70,5.97,3.96,0.99,No,No,No,Non-Anemic
PID_0969,Male,31,14.00,5.14,41.23,80.18,27.23,33.92,13.46,301.00,9.67,0.29,5.10,64.59,27.87,6.33,1.27,0.00,Yes,No,No,Non-Anemic
PID_0970,Female,68,13.70,4.95,42.44,85.76,27.71,32.26,11.97,298.00,10.92,0.33,5.90,53.98,35.97,7.00,3.00,0.00,Yes,Yes,No,Non-Anemic
PID_0971,Female,41,8.80,5.22,25.77,49.34,16.87,34.15,15.10,344.00,10.69,0.37,4.60,57.17,29.91,7.82,3.90,1.30,Yes,Yes,Yes,Anemic
PID_0972,Male,49,8.50,4.15,25.62,61.74,20.47,33.18,11.97,202.00,9.93,0.20,9.90,53.30,36.94,5.40,4.35,0.00,Yes,No,No,Anemic
PID_0973,Male,73,16.40,5.03,46.85,93.12,32.60,34.98,11.79,370.00,7.39,0.27,4.10,55.99,36.02,4.03,3.00,1.00,No,No,Yes,Non-Anemic
PID_0974,Male,74,16.40,5.71,49.37,86.50,28.73,33.25,14.51,195.00,8.12,0.16,10.20,60.03,31.97,4.02,2.67,1.33,Yes,No,No,Non-Anemic
PID_0975,Male,74,15.40,4.91,46.02,93.72,31.39,33.42,13.47,400.00,7.81,0.31,10.60,53.70,36.59,4.91,3.66,1.22,No,No,No,Non-Anemic
PID_0976,Female,59,8.60,4.88,27.10,55.52,17.64,31.70,12.84,363.00,10.11,0.37,4.40,62.66,24.21,7.71,4.40,1.10,Yes,No,Yes,Anemic
PID_0977,Female,19,12.40,5.34,37.06,69.43,23.25,33.49,13.73,175.00,10.97,0.19,4.00,49.97,37.84,8.50,2.44,1.22,Yes,Yes,Yes,Compensated Microcytosis
PID_0978,Male,34,16.20,5.00,52.10,104.20,32.40,31.13,12.90,247.00,8.90,0.22,5.10,60.85,28.89,6.18,3.09,1.03,Yes,Yes,Yes,Non-Anemic
PID_0979,Male,59,14.40,4.90,44.86,91.52,29.37,32.12,13.73,186.00,8.00,0.15,8.40,58.84,29.45,5.91,4.41,1.47,No,Yes,Yes,Non-Anemic
PID_0980,Male,60,14.80,5.48,42.39,77.39,27.03,34.90,13.92,167.00,7.47,0.13,8.90,48.25,41.40,8.05,2.30,0.00,Yes,Yes,Yes,Compensated Microcytosis
PID_0981,Male,69,11.60,5.20,33.20,63.86,22.30,34.93,16.58,214.00,8.09,0.17,6.00,58.90,35.68,3.58,0.89,0.89,No,No,No,Anemic
PID_0982,Male,68,11.10,5.10,32.16,63.08,21.76,34.50,16.09,286.00,11.02,0.32,5.00,58.21,28.55,8.80,4.40,0.00,Yes,No,Yes,Anemic
PID_0983,Male,34,17.10,6.00,52.07,86.81,28.51,32.87,13.44,384.00,11.50,0.44,5.00,63.48,26.96,5.74,2.88,0.96,Yes,Yes,Yes,Non-Anemic
PID_0984,Female,67,13.20,4.86,38.89,80.03,27.20,33.93,14.19,296.00,11.40,0.34,4.80,54.43,34.16,5.09,5.06,1.27,No,No,No,Non-Anemic
PID_0985,Male,38,9.40,4.10,27.65,67.47,22.91,34.00,18.42,422.00,9.74,0.41,6.00,60.37,32.44,4.52,2.70,0.00,Yes,No,Yes,Anemic
PID_0986,Male,64,12.20,5.96,37.41,62.74,20.50,32.60,13.59,278.00,7.80,0.22,6.50,57.59,32.64,6.55,3.26,0.00,Yes,Yes,No,Anemic
PID_0987,Male,74,14.20,4.99,39.66,79.50,28.42,35.82,12.91,183.00,9.68,0.18,9.80,61.64,32.33,2.99,3.03,0.00,Yes,No,Yes,Non-Anemic
PID_0988,Female,57,12.30,4.27,35.09,82.20,28.79,35.06,12.12,221.00,10.57,0.23,7.00,61.40,31.68,2.97,2.97,0.99,Yes,No,Yes,Non-Anemic
PID_0989,Female,40,12.20,4.29,36.16,84.31,28.46,33.71,13.27,256.00,9.90,0.25,10.30,54.31,32.08,8.63,3.70,1.23,No,Yes,No,Non-Anemic
PID_0990,Female,69,13.70,5.03,40.26,80.01,27.27,34.03,14.13,444.00,9.87,0.44,10.80,57.71,30.76,6.45,3.85,1.28,Yes,No,No,Non-Anemic
PID_0991,Female,56,14.30,4.72,41.75,88.46,30.31,34.23,14.39,226.00,9.67,0.22,10.20,51.82,40.94,4.86,2.41,0.00,Yes,Yes,No,Non-Anemic
PID_0992,Female,25,14.60,4.41,46.28,104.94,33.09,31.52,12.10,318.00,8.40,0.27,10.90,53.83,37.47,3.83,3.85,0.96,Yes,No,No,Non-Anemic
PID_0993,Female,58,8.30,3.54,24.63,69.59,23.47,33.71,17.98,264.00,11.32,0.30,7.50,53.31,34.47,7.75,4.44,0.00,Yes,No,No,Anemic
PID_0994,Female,26,13.57,5.06,40.90,80.83,26.79,33.17,14.04,374.00,8.20,0.31,5.80,54.61,35.08,6.16,3.09,1.03,Yes,Yes,Yes,Compensated Microcytosis
PID_0995,Female,75,12.77,4.93,38.94,78.95,25.89,32.84,13.98,161.00,11.20,0.18,10.40,58.97,33.71,4.24,3.16,0.00,Yes,No,Yes,Compensated Microcytosis
PID_0996,Male,42,15.37,5.69,45.66,80.28,27.03,33.69,13.39,260.00,8.07,0.21,4.60,58.69,34.80,5.42,1.09,0.00,Yes,Yes,Yes,Compensated Microcytosis
PID_0997,Male,26,15.52,5.17,42.92,83.00,29.99,36.12,15.00,291.00,8.20,0.24,4.30,53.18,37.96,6.33,2.53,0.00,Yes,Yes,Yes,Compensated Microcytosis
PID_0998,Male,60,16.86,5.34,48.49,90.83,31.61,34.77,10.44,336.00,10.61,0.36,9.70,63.03,29.31,4.32,2.17,1.09,No,Yes,No,Non-Anemic
PID_0999,Male,74,15.42,5.90,46.29,78.47,26.16,33.28,16.02,319.00,9.17,0.29,5.30,63.44,31.19,4.31,1.08,0.00,Yes,No,Yes,Compensated Microcytosis
PID_1000,Female,63,14.54,4.55,41.92,92.13,31.94,34.71,12.47,197.00,10.19,0.20,8.80,50.94,38.47,7.71,2.88,0.00,Yes,Yes,No,Non-Anemic
PID_1001,Female,67,12.23,5.38,34.28,63.73,22.74,35.71,13.97,421.00,9.69,0.41,10.00,65.54,26.66,2.24,4.44,1.11,Yes,Yes,No,Compensated Microcytosis
PID_1002,Female,43,14.99,4.97,42.69,85.89,30.20,35.14,16.96,280.00,9.05,0.25,8.10,61.12,33.32,4.41,1.11,0.00,No,Yes,Yes,Compensated Microcytosis
PID_1003,Female,39,14.15,4.46,41.53,93.13,31.77,34.03,20.01,200.00,9.08,0.18,10.80,57.61,34.76,3.30,4.35,0.00,No,No,No,Compensated Microcytosis
PID_1004,Male,76,14.41,5.84,43.37,74.29,24.66,33.24,13.03,250.00,10.24,0.26,6.40,60.79,29.08,6.32,2.53,1.27,Yes,Yes,No,Compensated Microcytosis
PID_1005,Male,47,14.82,4.86,42.54,87.54,30.51,34.86,15.99,291.00,10.55,0.31,9.00,62.69,29.32,6.70,1.33,0.00,No,No,Yes,Compensated Microcytosis
PID_1006,Female,36,12.86,4.50,37.31,82.93,28.59,34.44,15.00,280.00,10.20,0.29,4.90,54.04,37.92,5.74,1.15,1.15,No,No,Yes,Compensated Microcytosis
PID_1007,Male,50,14.63,5.58,41.71,74.73,26.21,35.07,14.62,444.00,8.58,0.38,9.70,54.87,38.21,2.92,2.94,0.98,Yes,No,No,Compensated Microcytosis
PID_1008,Female,63,14.03,4.33,40.36,93.25,32.39,34.75,19.01,374.00,9.43,0.35,8.70,55.17,29.85,9.20,4.60,1.15,No,Yes,Yes,Compensated Microcytosis
PID_1009,Female,58,13.36,4.51,37.89,84.03,29.59,35.25,11.97,251.00,10.21,0.26,10.40,64.17,29.67,3.73,2.47,0.00,Yes,Yes,No,Non-Anemic
PID_1010,Female,69,12.79,4.35,38.34,88.17,29.38,33.33,17.00,299.00,9.19,0.27,5.20,58.73,35.85,3.25,1.09,1.09,Yes,Yes,No,Compensated Microcytosis
PID_1011,Female,47,14.35,5.03,40.33,80.16,28.56,35.57,14.00,406.00,9.98,0.41,5.10,55.66,37.70,1.88,3.77,0.94,Yes,No,Yes,Non-Anemic
PID_1012,Female,40,12.41,4.23,36.25,85.69,29.37,34.26,18.97,309.00,9.91,0.31,6.80,57.43,34.23,5.57,2.78,0.00,Yes,No,No,Compensated Microcytosis
PID_1013,Female,71,12.34,4.90,33.82,68.97,25.22,36.47,13.41,305.00,9.29,0.28,6.90,65.62,24.26,7.06,3.03,0.00,Yes,No,No,Compensated Microcytosis
PID_1014,Male,67,15.31,5.14,46.15,89.77,29.80,33.17,11.97,194.00,10.10,0.20,5.80,55.92,35.73,3.55,3.57,1.19,Yes,No,No,Non-Anemic
PID_1015,Female,38,14.14,5.20,39.19,75.39,27.21,36.08,16.99,358.00,10.24,0.37,9.10,65.41,29.84,3.86,0.96,0.00,No,No,Yes,Compensated Microcytosis
PID_1016,Female,67,15.03,5.08,43.90,86.43,29.61,34.28,17.97,386.00,9.66,0.37,10.80,57.18,32.65,8.13,1.02,1.02,Yes,No,Yes,Compensated Microcytosis
PID_1017,Female,38,12.56,5.17,37.81,73.09,24.29,33.26,18.03,405.00,8.87,0.36,10.90,72.16,23.71,3.12,1.03,0.00,No,Yes,Yes,Compensated Microcytosis
PID_1018,Female,52,13.68,4.38,40.93,93.46,31.23,33.39,12.01,340.00,8.64,0.29,6.50,60.72,35.48,2.51,1.27,0.00,No,No,No,Non-Anemic
PID_1019,Female,58,14.12,4.75,42.00,88.41,29.74,33.61,18.52,184.00,7.55,0.14,7.20,58.73,26.27,8.72,5.00,1.25,No,Yes,Yes,Compensated Microcytosis
PID_1020,Male,46,13.85,6.09,40.13,65.91,22.73,34.51,11.01,355.00,9.57,0.34,4.00,57.63,32.96,5.84,2.35,1.18,Yes,No,Yes,Compensated Microcytosis
PID_1021,Female,19,14.91,4.56,43.06,94.43,32.66,34.66,14.96,199.00,8.28,0.17,9.00,61.43,28.41,7.32,1.83,0.92,Yes,Yes,No,Compensated Microcytosis
PID_1022,Female,29,14.60,4.52,43.83,96.96,32.32,33.33,16.56,167.00,10.22,0.17,4.60,56.24,31.28,10.02,1.25,1.25,No,No,No,Compensated Microcytosis
PID_1023,Male,60,14.92,5.66,43.92,77.58,26.39,34.00,15.03,226.00,13.07,0.30,8.30,63.41,24.37,6.09,4.88,1.22,No,No,Yes,Compensated Microcytosis
PID_1024,Male,25,14.89,5.91,40.72,68.88,25.16,36.60,14.96,296.00,11.21,0.33,5.60,53.46,38.65,5.95,0.99,0.99,Yes,No,No,Compensated Microcytosis
PID_1025,Male,61,15.76,4.76,43.69,91.76,33.11,36.04,13.98,416.00,12.08,0.50,5.80,51.81,33.71,9.65,4.82,0.00,No,No,No,Non-Anemic
PID_1026,Female,38,13.19,5.04,38.21,75.78,26.18,34.51,19.00,391.00,9.24,0.36,5.20,50.61,43.21,4.93,1.23,0.00,No,Yes,Yes,Compensated Microcytosis
PID_1027,Female,37,14.03,5.19,41.21,79.40,27.00,34.02,12.03,226.00,8.53,0.19,8.00,54.05,34.66,8.16,3.06,0.00,No,No,No,Compensated Microcytosis
PID_1028,Female,77,12.11,4.59,35.47,77.30,26.40,34.13,14.02,365.00,9.72,0.36,8.70,62.31,31.20,3.86,2.60,0.00,Yes,No,No,Compensated Microcytosis
PID_1029,Male,45,13.94,4.84,40.13,82.89,28.83,34.76,16.03,389.00,8.99,0.35,4.40,60.34,31.87,6.87,0.86,0.00,No,No,No,Compensated Microcytosis
PID_1030,Female,37,15.03,4.48,45.86,102.33,33.58,32.80,18.99,157.00,9.87,0.15,4.80,51.05,39.16,5.40,4.35,0.00,No,Yes,No,Compensated Microcytosis
PID_1031,Male,43,16.67,5.05,49.48,98.00,32.98,33.69,18.02,440.00,8.40,0.37,7.50,64.37,27.56,2.28,4.60,1.15,Yes,No,Yes,Compensated Microcytosis
PID_1032,Female,76,12.39,5.32,38.72,72.80,23.27,32.01,16.98,209.00,8.91,0.19,10.80,58.99,28.20,10.25,1.28,1.28,Yes,No,Yes,Compensated Microcytosis
PID_1033,Male,27,16.89,5.74,48.99,85.37,29.43,34.45,17.02,250.00,9.46,0.24,8.10,52.30,39.80,3.44,3.41,1.14,No,Yes,Yes,Compensated Microcytosis
PID_1034,Male,78,15.34,4.71,44.11,93.67,32.53,34.77,13.98,233.00,9.37,0.22,8.30,55.54,33.33,4.91,4.94,1.23,Yes,Yes,Yes,Non-Anemic
PID_1035,Male,37,14.06,5.56,42.07,75.63,25.28,33.44,15.04,439.00,9.80,0.43,6.00,66.07,27.36,4.76,1.89,0.00,No,No,Yes,Compensated Microcytosis
PID_1036,Male,74,15.57,4.96,43.38,87.45,31.40,35.89,11.01,371.00,9.97,0.37,7.90,65.67,23.49,7.88,2.94,0.00,Yes,No,No,Non-Anemic
PID_1037,Male,47,16.32,4.84,50.17,103.64,33.73,32.50,14.98,206.00,7.94,0.16,4.80,60.61,30.76,4.84,3.85,0.00,No,Yes,Yes,Compensated Microcytosis
PID_1038,Female,23,13.14,4.40,40.75,92.59,29.86,32.26,15.97,216.00,9.84,0.21,7.00,56.02,38.42,4.37,1.10,0.00,No,Yes,Yes,Compensated Microcytosis
PID_1039,Female,76,15.09,5.09,44.03,86.53,29.63,34.30,12.02,250.00,9.20,0.23,10.70,51.48,39.41,5.05,4.04,0.00,No,Yes,Yes,Non-Anemic
PID_1040,Female,48,12.16,4.89,34.49,70.56,24.87,35.29,16.99,290.00,9.57,0.28,4.20,66.70,30.42,2.00,0.98,0.00,No,Yes,Yes,Compensated Microcytosis
PID_1041,Male,30,16.92,5.04,46.97,93.20,33.53,36.04,10.99,240.00,9.82,0.24,7.40,66.01,26.23,6.81,0.97,0.00,Yes,No,No,Non-Anemic
PID_1042,Male,18,16.96,5.63,50.70,90.06,30.14,33.47,17.04,242.00,9.37,0.23,5.40,65.59,24.77,7.52,2.15,0.00,No,Yes,Yes,Compensated Microcytosis
PID_1043,Male,66,16.26,5.18,46.07,88.92,31.39,35.26,15.03,288.00,10.13,0.29,9.40,65.09,23.25,9.32,2.33,0.00,Yes,No,Yes,Compensated Microcytosis
PID_1044,Female,76,12.76,4.47,37.58,84.06,28.51,33.94,13.97,413.00,10.12,0.42,5.20,54.74,33.95,7.52,3.77,0.00,No,No,Yes,Non-Anemic
PID_1045,Male,47,14.21,4.89,42.05,86.00,29.04,33.82,13.02,182.00,9.50,0.17,5.80,63.93,29.07,4.62,2.33,0.00,Yes,Yes,Yes,Non-Anemic
PID_1046,Male,41,15.91,4.94,45.38,91.85,32.20,35.07,15.01,363.00,9.98,0.36,4.30,55.00,37.53,2.46,5.00,0.00,Yes,No,No,Compensated Microcytosis
PID_1047,Female,34,14.38,4.37,41.34,94.62,32.91,34.78,16.04,449.00,9.87,0.44,4.30,69.71,22.19,5.03,3.03,0.00,Yes,Yes,Yes,Compensated Microcytosis
PID_1048,Male,80,15.65,5.15,48.74,94.62,30.35,32.13,18.01,434.00,10.14,0.44,8.70,50.55,40.83,4.28,3.23,1.08,Yes,Yes,Yes,Compensated Microcytosis
PID_1049,Female,56,14.48,5.01,40.48,80.78,28.90,35.76,20.02,349.00,9.65,0.34,4.80,69.76,23.27,3.50,3.49,0.00,Yes,No,Yes,Compensated Microcytosis
PID_1050,Female,29,12.14,5.03,34.05,67.71,24.12,35.68,19.99,375.00,9.49,0.36,7.20,63.90,31.97,3.13,1.03,0.00,Yes,No,Yes,Compensated Microcytosis
PID_1051,Male,21,16.90,5.34,50.83,95.20,31.65,33.21,18.97,262.00,7.82,0.21,8.30,51.52,39.17,5.14,4.12,0.00,Yes,No,No,Compensated Microcytosis
PID_1052,Female,74,12.79,4.75,37.10,78.06,26.95,34.50,19.98,362.00,9.68,0.35,7.20,48.30,38.23,7.90,4.49,1.12,Yes,Yes,Yes,Compensated Microcytosis
PID_1053,Male,55,15.10,4.97,43.65,87.86,30.39,34.60,17.96,185.00,9.25,0.17,4.50,59.07,33.76,3.65,3.61,0.00,Yes,No,No,Compensated Microcytosis
PID_1054,Male,30,16.09,5.00,46.89,93.79,32.20,34.30,13.03,297.00,9.03,0.27,8.70,61.83,31.83,2.76,2.73,0.91,No,No,Yes,Non-Anemic
PID_1055,Female,48,13.10,4.72,39.29,83.26,27.74,33.33,17.01,221.00,8.90,0.20,8.90,69.10,25.93,2.45,2.47,0.00,Yes,Yes,No,Compensated Microcytosis
PID_1056,Male,67,13.95,5.68,42.03,73.97,24.58,33.21,12.01,236.00,8.70,0.20,5.60,50.64,38.00,7.57,3.80,0.00,Yes,No,No,Compensated Microcytosis
PID_1057,Female,72,13.67,5.08,40.24,79.19,26.88,33.94,19.02,361.00,8.46,0.31,4.90,66.98,24.29,7.78,0.97,0.00,Yes,Yes,Yes,Compensated Microcytosis
PID_1058,Female,21,14.26,4.20,40.27,95.85,33.94,35.39,10.99,372.00,10.00,0.37,7.10,64.28,27.59,5.09,3.06,0.00,No,No,Yes,Non-Anemic
PID_1059,Female,51,14.17,4.91,40.89,83.28,28.86,34.65,14.99,399.00,10.61,0.42,4.80,61.99,31.02,4.96,1.00,1.00,Yes,No,Yes,Compensated Microcytosis
PID_1060,Male,56,14.10,6.04,42.02,69.60,23.37,33.55,16.01,370.00,9.20,0.34,7.80,49.99,40.02,3.77,5.00,1.25,No,No,No,Compensated Microcytosis
PID_1061,Male,40,13.92,5.65,39.86,70.52,24.66,34.91,19.99,435.00,9.96,0.43,8.40,62.99,27.97,5.98,2.00,1.00,No,No,No,Compensated Microcytosis
PID_1062,Male,68,16.20,6.09,52.97,86.95,26.62,30.57,16.00,341.00,11.81,0.40,5.80,43.94,41.79,8.79,4.40,1.10,No,Yes,Yes,Compensated Microcytosis
PID_1063,Female,31,13.78,4.90,38.95,79.49,28.13,35.41,16.00,282.00,9.38,0.26,8.30,61.88,26.19,8.33,2.38,1.19,Yes,No,Yes,Compensated Microcytosis
PID_1064,Male,53,15.11,5.08,47.35,93.20,29.75,31.93,19.97,201.00,9.02,0.18,10.20,63.71,28.75,2.48,5.00,0.00,Yes,Yes,No,Compensated Microcytosis
PID_1065,Male,36,15.26,5.49,45.46,82.84,27.76,33.56,17.01,359.00,9.80,0.35,7.80,62.27,31.62,4.10,1.02,1.02,Yes,No,No,Compensated Microcytosis
PID_1066,Male,39,14.46,5.55,44.28,79.75,26.09,32.67,16.99,208.00,9.72,0.20,7.30,54.45,39.61,2.99,1.98,0.99,No,Yes,No,Compensated Microcytosis
PID_1067,Female,29,12.49,4.68,38.49,82.23,26.65,32.42,11.03,272.00,8.87,0.24,5.10,69.78,23.23,3.53,3.49,0.00,Yes,Yes,Yes,Compensated Microcytosis
PID_1068,Male,67,15.76,5.15,44.53,86.47,30.56,35.38,17.01,288.00,9.15,0.26,10.30,57.12,31.66,6.13,4.08,1.02,No,Yes,No,Compensated Microcytosis
PID_1069,Male,66,14.52,5.29,43.42,82.06,27.47,33.40,20.01,178.00,9.32,0.17,6.00,52.66,38.97,7.37,1.05,0.00,No,Yes,No,Compensated Microcytosis
PID_1070,Male,75,17.01,5.02,49.42,98.50,33.89,34.40,12.00,370.00,9.33,0.35,8.10,54.75,31.57,8.40,4.21,1.05,Yes,No,No,Non-Anemic
PID_1071,Female,53,13.03,5.01,38.39,76.65,26.03,33.95,17.00,396.00,8.89,0.35,10.50,51.69,43.69,3.43,1.15,0.00,Yes,Yes,No,Compensated Microcytosis
PID_1072,Female,50,13.53,4.81,39.14,81.36,28.14,34.61,13.04,255.00,9.89,0.25,4.20,62.73,28.72,7.42,1.06,0.00,Yes,Yes,No,Non-Anemic
PID_1073,Male,24,14.17,5.53,41.56,75.19,25.62,34.07,15.97,305.00,10.11,0.31,5.40,57.93,32.87,6.58,1.32,1.32,Yes,No,Yes,Compensated Microcytosis
PID_1074,Male,41,15.42,4.99,47.50,95.19,30.90,32.44,12.01,348.00,10.16,0.35,6.10,53.43,38.84,3.85,3.88,0.00,Yes,No,No,Non-Anemic
PID_1075,Female,30,13.51,4.97,38.39,77.22,27.17,35.16,19.97,192.00,9.11,0.18,4.60,59.82,33.60,4.64,1.87,0.00,No,Yes,No,Compensated Microcytosis
PID_1076,Female,49,13.20,4.67,39.51,84.58,28.25,33.40,11.99,286.00,8.07,0.23,8.80,63.82,30.10,2.41,3.61,0.00,Yes,No,Yes,Non-Anemic
PID_1077,Male,70,13.86,5.71,43.13,75.53,24.28,32.14,18.73,333.00,8.65,0.29,4.90,60.88,33.64,3.62,0.91,0.91,Yes,No,No,Compensated Microcytosis
PID_1078,Female,78,14.43,4.26,43.09,101.18,33.85,33.49,11.04,273.00,9.88,0.27,8.90,51.01,41.66,4.14,3.12,0.00,No,Yes,No,Non-Anemic
PID_1079,Female,64,13.70,4.78,38.27,80.02,28.64,35.77,16.64,307.00,9.41,0.29,8.20,61.55,28.21,5.12,3.85,1.28,No,Yes,No,Compensated Microcytosis
PID_1080,Female,80,13.41,4.82,38.29,79.47,27.80,35.03,16.04,342.00,9.88,0.34,9.80,62.79,33.70,2.36,1.16,0.00,No,Yes,No,Compensated Microcytosis
PID_1081,Male,41,14.63,4.84,43.57,90.01,30.24,33.56,16.00,198.00,9.37,0.19,8.70,52.11,38.56,5.19,3.12,1.04,No,Yes,Yes,Compensated Microcytosis
PID_1082,Male,46,16.55,4.95,49.28,99.56,33.42,33.58,10.97,292.00,9.44,0.27,8.30,57.73,33.99,3.07,4.12,1.03,No,Yes,No,Non-Anemic
PID_1083,Male,69,13.97,6.07,41.56,68.48,22.99,33.59,20.02,449.00,8.94,0.40,6.00,65.07,25.33,7.22,1.20,1.20,No,Yes,Yes,Compensated Microcytosis
PID_1084,Male,22,15.10,5.66,41.38,73.14,26.71,36.48,13.00,442.00,9.77,0.43,7.10,53.25,34.62,7.44,3.74,0.93,No,Yes,Yes,Compensated Microcytosis
PID_1085,Female,47,12.99,5.36,37.70,70.32,24.20,34.43,14.97,345.00,9.39,0.32,8.40,63.43,24.40,7.35,4.88,0.00,Yes,Yes,No,Compensated Microcytosis
PID_1086,Female,33,14.84,4.34,42.99,99.05,34.18,34.52,15.03,381.00,9.66,0.37,10.20,60.96,28.53,5.74,3.81,0.95,Yes,No,No,Compensated Microcytosis
PID_1087,Female,36,13.38,5.21,37.97,72.85,25.72,35.22,10.99,447.00,10.34,0.46,4.90,57.29,33.72,6.75,2.25,0.00,No,Yes,Yes,Compensated Microcytosis
PID_1088,Female,46,13.84,4.67,40.37,86.43,29.67,34.32,14.00,356.00,9.62,0.34,7.20,70.69,24.24,2.02,2.02,1.01,No,Yes,Yes,Non-Anemic
PID_1089,Male,70,16.23,5.76,48.18,83.66,28.17,33.67,19.00,181.00,9.95,0.18,8.10,56.73,34.00,7.23,1.03,1.03,Yes,No,Yes,Compensated Microcytosis
PID_1090,Male,64,16.39,4.78,48.54,101.52,34.26,33.74,19.02,328.00,9.91,0.33,7.90,55.31,35.27,4.71,3.53,1.18,No,No,Yes,Compensated Microcytosis
PID_1091,Male,62,15.75,4.87,46.44,95.37,32.37,33.89,13.97,206.00,11.72,0.24,8.60,59.99,28.76,7.50,3.75,0.00,No,Yes,Yes,Non-Anemic
PID_1092,Female,74,12.97,4.35,38.20,87.78,29.78,33.98,13.97,429.00,9.39,0.40,5.80,55.72,35.45,3.82,3.80,1.27,No,No,No,Non-Anemic
PID_1093,Male,36,14.00,5.03,40.15,79.80,27.82,34.90,13.01,208.00,8.41,0.17,10.60,57.00,38.71,3.25,1.08,0.00,Yes,Yes,Yes,Non-Anemic
PID_1094,Male,24,15.89,5.28,46.65,88.34,30.09,34.07,10.99,241.00,9.70,0.23,6.30,61.60,34.37,2.04,2.02,0.00,No,Yes,Yes,Non-Anemic
PID_1095,Male,80,15.08,5.38,43.23,80.37,28.02,34.92,14.00,282.00,10.29,0.29,6.70,50.03,36.55,8.51,4.88,0.00,Yes,No,No,Non-Anemic
PID_1096,Male,74,17.20,5.80,50.73,87.48,29.69,33.90,20.00,357.00,10.08,0.36,8.80,64.96,28.87,5.12,1.03,0.00,No,No,No,Compensated Microcytosis
PID_1097,Female,20,12.88,4.73,37.78,79.89,27.24,34.12,16.00,206.00,9.60,0.20,4.70,57.76,33.80,2.80,4.23,1.41,Yes,Yes,Yes,Compensated Microcytosis
PID_1098,Female,43,12.88,4.47,40.76,91.20,28.78,31.58,11.00,176.00,8.42,0.15,5.30,65.88,29.55,2.24,2.27,0.00,Yes,No,Yes,Non-Anemic
PID_1099,Female,65,14.53,4.24,41.40,97.66,34.27,35.12,11.97,167.00,9.43,0.16,10.90,52.01,40.78,6.10,1.02,0.00,Yes,Yes,No,Non-Anemic
PID_1100,Female,71,13.14,5.25,38.18,72.71,25.00,34.45,10.96,210.00,9.66,0.20,10.30,62.53,27.47,4.96,3.75,1.25,Yes,No,No,Compensated Microcytosis
PID_1101,Female,46,14.64,4.74,41.59,87.77,30.86,35.24,11.01,154.00,10.10,0.16,4.20,51.91,36.74,8.88,1.27,1.27,Yes,No,Yes,Non-Anemic
PID_1102,Male,71,15.09,4.91,49.44,100.66,30.75,30.55,11.97,399.00,8.13,0.32,7.30,68.95,23.01,3.47,3.45,1.15,No,No,No,Non-Anemic
PID_1103,Male,75,14.39,5.82,39.42,67.75,24.76,36.54,19.97,416.00,11.03,0.46,8.80,70.34,22.01,5.47,1.10,1.10,Yes,No,No,Compensated Microcytosis
PID_1104,Male,42,16.35,5.62,48.33,85.97,29.10,33.80,18.97,214.00,11.60,0.25,6.40,58.60,36.06,2.69,2.70,0.00,No,No,Yes,Compensated Microcytosis
PID_1105,Female,48,14.81,5.27,41.92,79.56,28.13,35.35,19.02,301.00,8.80,0.26,7.60,64.82,25.30,8.82,1.10,0.00,No,Yes,Yes,Compensated Microcytosis
PID_1106,Male,20,16.05,5.35,49.00,91.63,30.01,32.74,18.00,368.00,11.68,0.43,7.50,58.61,33.32,2.31,4.60,1.15,No,Yes,Yes,Compensated Microcytosis
PID_1107,Male,54,14.41,6.00,41.49,69.11,24.01,34.71,11.96,312.00,9.17,0.29,4.40,60.56,29.59,5.60,4.23,0.00,Yes,Yes,No,Compensated Microcytosis
PID_1108,Female,58,13.11,4.93,40.05,81.20,26.58,32.78,15.03,343.00,8.38,0.29,5.40,62.53,26.14,7.96,3.41,0.00,No,No,Yes,Compensated Microcytosis
PID_1109,Male,40,17.09,5.25,51.40,97.89,32.55,33.27,15.02,269.00,11.67,0.31,10.90,54.66,36.10,6.18,3.09,0.00,Yes,No,Yes,Compensated Microcytosis
PID_1110,Male,65,15.65,5.69,43.12,75.76,27.54,36.31,13.98,367.00,10.69,0.39,4.60,60.20,28.18,7.80,3.88,0.00,Yes,No,No,Non-Anemic
PID_1111,Male,75,14.48,4.84,42.88,88.62,29.92,33.74,11.99,214.00,9.59,0.21,7.00,60.94,29.86,5.72,2.30,1.15,No,Yes,Yes,Non-Anemic
PID_1112,Male,46,14.20,5.89,41.45,70.41,24.13,34.27,17.99,246.00,8.96,0.22,5.00,57.84,29.39,7.88,3.92,0.98,No,No,No,Compensated Microcytosis
PID_1113,Female,35,12.21,4.45,34.84,78.29,27.42,35.08,20.01,295.00,9.77,0.29,9.10,61.28,28.72,3.74,5.00,1.25,Yes,No,No,Compensated Microcytosis
PID_1114,Male,24,13.88,6.10,40.12,65.80,22.78,34.56,17.96,361.00,9.91,0.36,9.60,55.75,36.54,3.84,3.85,0.00,Yes,No,Yes,Compensated Microcytosis
PID_1115,Male,57,16.50,5.06,48.27,95.43,32.64,34.19,18.99,325.00,8.04,0.26,10.80,47.86,38.29,8.48,4.26,1.06,No,Yes,Yes,Compensated Microcytosis
PID_1116,Female,71,14.45,4.94,41.96,84.98,29.23,34.47,10.99,242.00,9.18,0.22,7.20,68.04,27.83,3.07,1.03,0.00,Yes,Yes,Yes,Non-Anemic
PID_1117,Male,19,15.39,5.17,41.73,80.68,29.74,36.85,11.81,338.00,11.90,0.40,10.80,55.04,32.97,7.97,3.00,1.00,Yes,No,No,Non-Anemic
PID_1118,Female,77,14.97,4.46,44.12,98.90,33.53,33.93,14.01,212.00,10.02,0.21,6.80,54.16,36.45,4.71,4.71,0.00,No,Yes,Yes,Non-Anemic
PID_1119,Female,66,14.51,4.63,42.38,91.53,31.31,34.26,16.00,189.00,10.16,0.19,9.40,69.00,23.01,5.97,2.00,0.00,Yes,No,Yes,Compensated Microcytosis
PID_1120,Male,61,14.44,5.05,40.95,81.12,28.57,35.28,13.04,353.00,9.63,0.34,4.50,45.99,45.99,2.28,4.60,1.15,Yes,No,No,Non-Anemic
PID_1121,Male,76,15.72,5.92,44.50,75.14,26.52,35.34,20.03,361.00,10.13,0.36,5.60,68.79,21.50,7.56,2.15,0.00,No,Yes,Yes,Compensated Microcytosis
PID_1122,Female,25,12.56,4.98,35.46,71.18,25.26,35.41,13.02,198.00,9.37,0.19,7.70,63.34,30.27,3.68,1.83,0.92,Yes,Yes,No,Compensated Microcytosis
PID_1123,Male,45,14.27,5.25,41.05,78.14,27.21,34.75,17.00,310.00,10.05,0.31,8.70,48.32,39.60,7.72,4.40,0.00,No,No,Yes,Compensated Microcytosis
PID_1124,Male,38,16.88,5.85,51.73,88.41,28.86,32.63,15.99,267.00,12.51,0.33,6.50,49.45,39.57,6.60,4.40,0.00,Yes,No,No,Compensated Microcytosis
PID_1125,Female,58,12.98,4.64,36.10,77.79,27.97,35.99,17.03,417.00,9.00,0.38,10.10,64.46,22.26,7.79,4.44,1.11,No,Yes,Yes,Compensated Microcytosis
PID_1126,Male,37,16.17,5.91,49.56,83.89,27.34,32.62,11.99,208.00,9.13,0.19,9.00,51.10,38.67,6.85,2.27,1.14,No,Yes,No,Non-Anemic
PID_1127,Male,80,17.12,5.44,49.82,91.58,31.48,34.37,11.99,439.00,8.68,0.38,7.70,64.34,24.15,9.20,1.15,1.15,Yes,No,Yes,Non-Anemic
PID_1128,Female,54,12.79,4.36,38.65,88.64,29.34,33.07,16.02,284.00,9.66,0.27,5.60,71.25,23.44,4.29,1.06,0.00,Yes,No,No,Compensated Microcytosis
PID_1129,Female,62,13.56,4.32,39.97,92.57,31.41,33.94,11.96,357.00,9.91,0.35,9.00,60.37,29.67,7.96,0.99,0.99,Yes,Yes,No,Non-Anemic
PID_1130,Male,41,14.99,4.83,43.58,90.22,31.06,34.35,19.00,404.00,9.68,0.39,8.90,57.46,35.63,4.98,0.99,0.99,No,No,No,Compensated Microcytosis
PID_1131,Female,44,12.40,5.12,36.06,70.44,24.23,34.37,19.96,192.00,10.14,0.20,4.20,60.04,27.80,6.68,4.44,1.11,No,No,Yes,Compensated Microcytosis
PID_1132,Male,51,13.81,5.45,40.02,73.42,25.32,34.51,15.97,275.00,9.42,0.26,4.30,63.11,26.17,4.76,4.76,1.19,Yes,Yes,No,Compensated Microcytosis
PID_1133,Male,54,15.51,5.66,43.16,76.23,27.42,35.97,15.04,337.00,9.20,0.31,4.00,67.43,26.11,3.27,2.17,1.09,Yes,No,Yes,Compensated Microcytosis
PID_1134,Male,39,14.03,5.02,40.61,80.90,27.98,34.56,18.99,188.00,9.00,0.17,4.60,46.14,42.88,7.72,2.20,1.10,No,No,No,Compensated Microcytosis
PID_1135,Male,38,16.81,6.07,49.87,82.14,27.71,33.72,12.01,273.00,9.18,0.25,8.80,48.92,40.24,6.54,4.35,0.00,No,Yes,No,Non-Anemic
PID_1136,Male,24,15.88,5.49,45.17,82.25,28.94,35.13,16.04,186.00,9.68,0.18,9.60,66.04,26.44,3.79,3.77,0.00,No,No,No,Compensated Microcytosis
PID_1137,Female,36,12.53,4.20,35.37,84.18,29.84,35.42,12.98,309.00,8.97,0.28,6.90,49.51,38.93,8.41,2.11,1.05,No,No,Yes,Non-Anemic
PID_1138,Female,59,14.92,4.40,45.87,104.23,33.93,32.53,17.96,244.00,9.94,0.24,7.90,60.59,34.31,1.99,2.02,1.01,No,No,No,Compensated Microcytosis
PID_1139,Male,29,16.08,5.91,46.32,78.33,27.18,34.75,11.97,345.00,9.88,0.34,7.20,54.82,32.24,8.61,4.30,0.00,No,Yes,No,Non-Anemic
PID_1140,Female,62,12.45,5.28,35.73,67.67,23.59,34.82,15.00,423.00,9.62,0.41,10.70,54.11,36.45,4.74,3.53,1.18,No,Yes,Yes,Compensated Microcytosis
PID_1141,Male,74,13.83,5.89,41.11,69.78,23.45,33.68,18.97,271.00,9.90,0.27,4.30,63.29,27.77,4.43,4.44,0.00,No,No,No,Compensated Microcytosis
PID_1142,Female,67,12.92,4.37,36.24,82.93,29.56,35.62,17.00,275.00,8.99,0.25,7.30,69.81,21.91,3.11,4.17,1.04,Yes,No,No,Compensated Microcytosis
PID_1143,Male,23,14.31,5.05,42.31,83.82,28.35,33.81,14.98,283.00,9.18,0.26,8.20,58.30,30.98,9.55,1.19,0.00,No,Yes,No,Compensated Microcytosis
PID_1144,Female,58,13.74,4.69,40.23,85.81,29.29,34.18,16.02,185.00,9.12,0.17,5.50,58.18,34.70,6.15,1.02,0.00,No,Yes,No,Compensated Microcytosis
PID_1145,Female,19,13.22,5.27,39.12,74.22,25.07,33.82,10.96,215.00,9.61,0.21,9.50,59.76,28.78,6.87,4.60,0.00,Yes,No,Yes,Compensated Microcytosis
PID_1146,Male,24,16.87,5.57,49.59,89.05,30.26,34.01,16.97,316.00,9.85,0.31,9.90,65.40,27.20,3.69,2.47,1.23,Yes,Yes,No,Compensated Microcytosis
PID_1147,Female,36,14.06,5.07,43.02,84.85,27.76,32.67,11.96,388.00,10.12,0.39,5.70,45.76,42.56,7.43,4.26,0.00,No,Yes,No,Non-Anemic
PID_1148,Male,56,15.63,4.92,48.43,98.48,31.74,32.29,18.96,291.00,10.30,0.30,7.20,52.91,36.80,5.73,4.60,0.00,Yes,No,Yes,Compensated Microcytosis
PID_1149,Male,64,16.71,5.15,46.53,90.39,32.43,35.94,11.04,177.00,9.85,0.17,8.40,52.01,38.03,5.98,3.00,1.00,No,No,Yes,Non-Anemic
PID_1150,Male,40,14.70,5.28,44.57,84.44,27.81,33.00,17.99,260.00,7.80,0.20,10.00,62.86,27.83,5.17,4.12,0.00,Yes,No,Yes,Compensated Microcytosis
PID_1151,Male,61,14.83,4.94,45.20,91.46,30.04,32.82,14.98,186.00,8.92,0.17,8.20,54.94,37.36,6.62,1.10,0.00,Yes,No,No,Compensated Microcytosis
PID_1152,Male,39,15.90,5.98,50.61,84.66,26.57,31.46,16.97,360.00,8.93,0.32,5.80,58.49,29.79,7.43,4.26,0.00,Yes,No,Yes,Compensated Microcytosis
PID_1153,Male,40,16.79,5.11,50.52,98.88,32.87,33.22,18.04,185.00,9.50,0.18,5.90,58.29,32.02,6.80,1.94,0.97,Yes,No,No,Compensated Microcytosis
PID_1154,Male,49,16.88,5.43,52.08,95.93,31.09,32.38,16.00,166.00,8.14,0.13,8.10,59.43,31.85,4.35,4.35,0.00,No,Yes,Yes,Compensated Microcytosis
PID_1155,Male,55,14.96,4.73,41.59,87.93,31.65,35.94,20.03,250.00,9.57,0.24,8.70,55.66,35.19,5.70,2.27,1.14,No,Yes,No,Compensated Microcytosis
PID_1156,Female,28,13.51,4.28,38.37,89.67,31.57,35.24,19.99,213.00,9.87,0.21,10.50,70.37,24.65,2.47,1.23,1.23,Yes,Yes,Yes,Compensated Microcytosis
PID_1157,Male,34,16.55,5.00,49.89,99.82,33.10,33.17,10.98,301.00,9.32,0.28,6.30,65.69,24.23,7.04,2.02,1.01,Yes,No,Yes,Non-Anemic
PID_1158,Female,49,12.51,5.01,34.08,68.03,24.94,36.68,13.97,403.00,10.17,0.41,9.00,52.59,39.17,5.19,2.06,1.03,Yes,Yes,No,Compensated Microcytosis
PID_1159,Male,67,16.97,5.22,48.24,92.37,32.52,35.15,10.97,301.00,9.45,0.29,6.50,53.90,39.32,4.50,1.12,1.12,No,No,Yes,Non-Anemic
PID_1160,Male,79,16.81,5.73,50.01,87.25,29.32,33.59,18.00,411.00,9.62,0.40,9.80,65.57,24.70,6.41,2.15,1.08,Yes,Yes,No,Compensated Microcytosis
PID_1161,Male,25,15.12,5.20,48.77,93.79,29.09,31.04,17.97,225.00,10.30,0.23,10.90,51.93,36.40,10.36,1.30,0.00,No,No,No,Compensated Microcytosis
PID_1162,Female,46,13.93,5.28,37.91,71.82,26.41,36.77,12.96,420.00,9.12,0.38,10.80,68.62,27.44,2.97,0.98,0.00,Yes,No,Yes,Compensated Microcytosis
PID_1163,Female,32,13.39,4.77,41.41,86.84,28.05,32.35,16.96,226.00,9.76,0.22,5.10,54.57,33.62,7.31,3.64,0.91,Yes,No,No,Compensated Microcytosis
PID_1164,Female,25,13.16,4.32,41.09,95.09,30.48,32.01,15.99,308.00,9.95,0.31,6.00,59.45,31.53,6.31,2.70,0.00,No,No,No,Compensated Microcytosis
PID_1165,Female,53,12.71,5.30,36.08,68.05,24.01,35.23,17.97,306.00,10.04,0.31,9.30,45.95,43.68,6.88,3.45,0.00,No,No,Yes,Compensated Microcytosis
PID_1166,Female,71,13.45,4.92,36.42,74.04,27.34,36.90,11.98,182.00,10.15,0.18,4.70,61.12,33.33,3.67,0.93,0.93,No,No,Yes,Non-Anemic
PID_1167,Male,61,15.04,6.00,42.17,70.26,25.05,35.65,20.02,298.00,10.32,0.31,7.50,62.82,30.24,4.68,1.16,1.16,Yes,No,No,Compensated Microcytosis
PID_1168,Female,36,13.33,4.57,38.44,84.08,29.20,34.66,11.00,165.00,9.92,0.16,5.20,55.20,37.16,5.75,1.90,0.00,Yes,No,No,Non-Anemic
PID_1169,Male,67,14.54,5.70,41.89,73.47,25.53,34.73,11.97,418.00,7.83,0.33,8.20,58.68,38.07,2.16,1.09,0.00,No,No,Yes,Compensated Microcytosis
PID_1170,Female,62,14.36,5.21,41.00,78.67,27.56,35.00,15.01,179.00,8.93,0.16,8.30,59.17,33.06,4.35,3.48,0.00,Yes,No,Yes,Compensated Microcytosis
PID_1171,Female,27,13.52,4.74,38.73,81.73,28.51,34.91,11.03,347.00,8.93,0.31,10.20,68.51,23.57,3.39,4.49,0.00,No,Yes,No,Non-Anemic
PID_1172,Female,61,14.51,4.61,42.26,91.64,31.50,34.37,12.02,319.00,11.29,0.36,10.00,59.77,36.05,2.04,1.03,1.03,No,Yes,No,Non-Anemic
PID_1173,Female,77,13.41,4.88,39.30,80.50,27.52,34.17,20.03,200.00,9.24,0.18,8.40,56.92,33.04,5.49,3.67,0.92,Yes,Yes,Yes,Compensated Microcytosis
PID_1174,Female,57,13.49,5.21,39.76,76.34,25.92,33.96,13.97,428.00,9.85,0.42,7.80,46.13,43.96,5.50,3.30,1.10,Yes,Yes,Yes,Compensated Microcytosis
PID_1175,Male,79,13.88,5.55,41.94,75.55,25.04,33.09,17.01,421.00,9.51,0.40,8.30,57.71,30.98,9.86,1.41,0.00,No,No,No,Compensated Microcytosis
PID_1176,Male,68,15.81,5.90,46.97,79.59,26.76,33.66,11.02,157.00,9.44,0.15,8.70,60.19,28.56,7.18,3.06,1.02,Yes,Yes,No,Compensated Microcytosis
PID_1177,Female,76,14.90,4.30,46.61,108.39,34.63,31.97,15.02,310.00,10.01,0.31,10.90,56.84,35.77,2.74,3.67,0.92,No,No,Yes,Compensated Microcytosis
PID_1178,Female,23,13.40,4.92,39.55,80.35,27.20,33.89,17.00,189.00,10.13,0.19,5.70,54.82,35.45,5.35,3.23,1.08,Yes,No,No,Compensated Microcytosis
PID_1179,Female,27,14.65,5.12,44.65,87.21,28.59,32.81,12.03,336.00,9.78,0.33,7.10,50.03,38.80,6.12,4.08,1.02,No,No,Yes,Non-Anemic
PID_1180,Female,75,12.69,5.39,38.84,72.08,23.56,32.65,13.02,443.00,9.54,0.42,6.50,59.80,32.70,5.57,0.93,0.93,Yes,No,No,Compensated Microcytosis
PID_1181,Female,38,13.22,4.77,38.64,80.97,27.72,34.19,11.02,346.00,10.55,0.37,8.60,48.20,37.66,9.45,3.53,1.18,No,Yes,No,Non-Anemic
PID_1182,Female,25,14.85,5.27,41.63,79.04,28.21,35.69,12.02,160.00,9.38,0.15,7.70,59.62,31.32,5.02,3.03,1.01,Yes,Yes,Yes,Non-Anemic
PID_1183,Male,80,16.10,6.04,45.87,75.91,26.62,35.11,16.00,358.00,9.42,0.34,8.00,61.11,32.39,2.76,2.78,0.93,Yes,Yes,No,Compensated Microcytosis
PID_1184,Female,58,13.25,5.32,41.26,77.56,24.90,32.14,18.01,189.00,8.91,0.17,9.00,51.97,35.07,10.41,1.30,1.30,No,No,Yes,Compensated Microcytosis
PID_1185,Male,63,15.55,4.72,47.39,100.41,32.92,32.82,14.96,389.00,9.77,0.38,7.60,55.85,36.36,2.59,3.90,1.30,No,No,No,Compensated Microcytosis
PID_1186,Male,40,16.19,5.91,46.09,78.01,27.39,35.13,17.04,194.00,9.86,0.19,11.00,56.43,34.60,3.88,3.85,1.28,No,Yes,No,Compensated Microcytosis
PID_1187,Female,79,13.04,4.92,39.73,80.74,26.47,32.84,17.00,418.00,8.12,0.34,4.40,62.59,26.27,7.06,4.04,0.00,Yes,No,Yes,Compensated Microcytosis
PID_1188,Male,60,14.41,5.54,42.72,77.15,25.99,33.70,14.00,302.00,9.18,0.28,5.60,60.84,28.84,5.18,4.12,1.03,No,No,Yes,Compensated Microcytosis
PID_1189,Male,66,14.65,5.97,42.27,70.80,24.53,34.70,18.97,288.00,11.88,0.34,5.20,52.02,36.98,6.99,4.00,0.00,Yes,No,No,Compensated Microcytosis
PID_1190,Female,72,14.48,4.60,44.10,95.90,31.50,32.85,19.04,324.00,10.02,0.32,7.10,59.36,33.33,4.19,3.12,0.00,Yes,No,No,Compensated Microcytosis
PID_1191,Male,76,17.11,5.81,50.14,86.32,29.43,34.11,12.97,399.00,10.10,0.40,7.20,58.38,34.50,3.52,2.65,0.88,Yes,Yes,Yes,Non-Anemic
PID_1192,Female,21,12.98,4.73,40.06,84.70,27.47,32.41,15.96,182.00,8.66,0.16,10.90,47.72,45.42,4.57,1.14,1.14,No,No,Yes,Compensated Microcytosis
PID_1193,Female,48,14.63,4.64,43.96,94.77,31.52,33.24,17.03,150.00,9.35,0.14,8.40,67.71,24.74,3.25,3.23,1.08,No,Yes,No,Compensated Microcytosis
PID_1194,Male,63,14.57,5.30,42.37,79.92,27.52,34.41,19.99,303.00,9.65,0.29,10.70,62.33,28.21,3.53,4.71,1.18,Yes,No,Yes,Compensated Microcytosis
PID_1195,Male,46,14.02,5.95,43.69,73.45,23.58,32.06,20.04,286.00,9.53,0.27,7.50,59.48,32.43,4.53,2.70,0.90,Yes,No,Yes,Compensated Microcytosis
PID_1196,Male,71,16.96,4.94,49.12,99.40,34.32,34.55,18.99,388.00,9.91,0.38,7.00,59.26,29.08,9.30,1.16,1.16,No,Yes,Yes,Compensated Microcytosis
PID_1197,Female,39,13.54,5.18,39.85,76.95,26.11,34.02,18.01,260.00,9.32,0.24,9.80,65.62,24.74,7.56,2.15,0.00,Yes,Yes,Yes,Compensated Microcytosis
PID_1198,Male,39,14.35,5.12,41.40,80.83,28.02,34.66,15.02,175.00,10.15,0.18,8.40,58.36,38.52,2.11,1.04,0.00,Yes,No,No,Compensated Microcytosis
PID_1199,Male,79,14.92,5.80,43.54,75.04,25.75,34.25,11.99,190.00,9.49,0.18,4.40,57.34,37.34,2.65,2.67,0.00,No,Yes,Yes,Compensated Microcytosis
PID_1200,Male,75,16.95,5.06,47.56,94.00,33.47,35.61,14.98,352.00,9.69,0.34,8.00,68.40,26.29,4.24,1.05,0.00,No,Yes,Yes,Compensated Microcytosis
PID_1201,Female,59,13.52,4.79,39.59,82.65,28.20,34.11,14.04,419.00,10.34,0.43,10.20,57.24,32.00,7.76,2.91,0.00,No,No,Yes,Non-Anemic
PID_1202,Male,49,15.99,4.95,47.75,96.48,32.31,33.47,11.98,373.00,9.08,0.34,7.10,59.50,27.85,8.84,3.80,0.00,No,No,No,Non-Anemic
PID_1203,Female,73,13.01,4.46,38.10,85.46,29.14,34.15,20.01,224.00,9.74,0.22,7.70,54.73,38.06,4.73,2.38,0.00,No,No,Yes,Compensated Microcytosis
PID_1204,Female,79,12.32,4.83,35.55,73.63,25.50,34.61,20.04,304.00,9.91,0.30,8.30,62.35,29.67,3.95,3.96,0.00,No,Yes,No,Compensated Microcytosis
PID_1205,Male,30,16.26,5.62,47.74,84.96,28.95,34.10,18.04,240.00,8.95,0.21,5.30,60.86,30.96,6.17,2.06,0.00,No,No,Yes,Compensated Microcytosis
PID_1206,Female,49,14.87,4.73,43.67,92.30,31.42,34.07,14.03,242.00,9.39,0.23,6.00,58.47,33.86,5.95,0.85,0.85,No,Yes,Yes,Non-Anemic
PID_1207,Male,34,15.00,5.18,45.24,87.30,28.92,33.13,11.99,263.00,9.88,0.26,10.20,63.30,27.86,3.83,5.06,0.00,No,No,Yes,Non-Anemic
PID_1208,Female,79,14.67,4.22,44.18,104.67,34.78,33.24,17.02,156.00,9.63,0.15,10.60,64.21,24.74,7.35,2.75,0.92,Yes,Yes,Yes,Compensated Microcytosis
PID_1209,Male,43,14.19,5.63,43.91,77.99,25.23,32.35,17.96,397.00,8.93,0.35,4.20,65.56,23.63,7.52,2.15,1.08,No,Yes,Yes,Compensated Microcytosis
PID_1210,Male,80,15.33,5.35,42.47,79.38,28.63,36.08,17.04,208.00,9.77,0.20,4.10,53.20,34.06,7.48,4.26,1.06,Yes,No,No,Compensated Microcytosis
PID_1211,Male,70,15.55,5.16,47.84,92.67,30.17,32.50,14.98,205.00,8.86,0.18,7.10,62.16,30.62,4.49,1.80,0.90,Yes,Yes,No,Compensated Microcytosis
PID_1212,Male,36,14.07,5.50,42.42,77.15,25.55,33.18,13.98,301.00,8.96,0.27,4.30,65.10,24.52,6.62,2.83,0.94,No,No,Yes,Compensated Microcytosis
PID_1213,Female,61,12.33,5.12,37.21,72.70,24.05,33.17,15.99,257.00,10.09,0.26,10.40,64.07,26.21,5.80,3.88,0.00,No,No,Yes,Compensated Microcytosis
PID_1214,Male,29,15.29,4.81,43.59,90.63,31.81,35.09,17.98,194.00,9.99,0.19,9.70,62.99,28.80,2.73,4.11,1.37,Yes,No,Yes,Compensated Microcytosis
PID_1215,Female,70,14.51,4.60,43.13,93.76,31.53,33.67,19.97,182.00,9.87,0.18,8.90,53.59,37.13,8.24,1.03,0.00,No,No,No,Compensated Microcytosis
PID_1216,Male,52,15.87,5.77,44.71,77.50,27.48,35.48,14.99,394.00,9.14,0.36,9.90,61.36,32.93,3.40,1.14,1.14,No,No,No,Compensated Microcytosis
PID_1217,Male,65,14.16,5.77,42.66,73.97,24.55,33.21,10.96,161.00,11.08,0.18,8.90,62.23,28.02,6.08,3.66,0.00,No,Yes,No,Compensated Microcytosis
PID_1218,Male,50,14.75,5.23,42.96,82.12,28.18,34.33,13.00,413.00,9.40,0.39,9.50,62.53,29.13,4.15,4.17,0.00,No,No,No,Non-Anemic
PID_1219,Female,32,14.01,4.65,42.46,91.29,30.14,33.03,18.97,407.00,3.46,0.14,8.20,58.74,35.00,3.77,1.25,1.25,No,Yes,Yes,Compensated Microcytosis
PID_1220,Female,73,13.84,4.97,37.84,76.12,27.81,36.57,13.99,446.00,11.12,0.50,7.50,55.40,35.16,4.07,4.05,1.35,Yes,Yes,Yes,Non-Anemic
PID_1221,Male,23,15.76,5.17,48.38,93.57,30.50,32.60,11.04,277.00,9.00,0.25,9.20,66.31,25.78,3.97,2.97,0.99,No,Yes,No,Non-Anemic
PID_1222,Female,71,12.69,4.75,36.92,77.74,26.72,34.38,13.98,430.00,9.19,0.39,10.10,57.02,33.30,5.37,4.30,0.00,No,Yes,No,Compensated Microcytosis
PID_1223,Female,36,13.22,4.67,38.03,81.45,28.31,34.72,13.01,421.00,9.87,0.42,10.70,58.14,33.69,5.08,3.06,0.00,Yes,Yes,No,Non-Anemic
PID_1224,Female,46,13.91,4.30,40.32,93.77,32.31,34.52,17.99,210.00,9.84,0.21,10.60,57.51,31.63,6.65,3.33,0.83,Yes,No,No,Compensated Microcytosis
PID_1225,Female,36,14.44,5.35,42.75,79.90,26.96,33.76,19.01,208.00,9.37,0.20,9.80,69.76,22.91,5.21,1.04,1.04,No,No,No,Compensated Microcytosis
PID_1226,Male,46,16.59,5.46,49.02,89.79,30.42,33.86,18.01,339.00,8.57,0.29,7.30,49.96,39.78,6.79,3.41,0.00,No,Yes,Yes,Compensated Microcytosis
PID_1227,Male,25,14.29,5.08,41.96,82.59,28.12,34.06,20.01,353.00,9.84,0.35,7.20,63.03,26.15,7.18,2.70,0.90,Yes,No,Yes,Compensated Microcytosis
PID_1228,Male,51,15.48,5.71,45.77,80.16,27.10,33.80,10.98,304.00,9.57,0.29,7.40,67.33,22.10,7.67,2.88,0.00,Yes,Yes,No,Compensated Microcytosis
PID_1229,Female,28,14.90,4.49,42.38,94.41,33.20,35.18,12.03,307.00,9.63,0.30,8.40,58.68,33.96,5.52,0.92,0.92,No,No,No,Non-Anemic
PID_1230,Female,30,14.30,4.50,39.01,86.68,31.78,36.67,16.99,401.00,9.15,0.37,4.50,59.46,35.10,1.84,2.70,0.90,Yes,Yes,No,Compensated Microcytosis
PID_1231,Male,59,17.16,6.01,51.48,85.69,28.58,33.30,15.98,183.00,9.86,0.18,10.60,59.34,29.68,6.76,3.39,0.85,Yes,No,No,Compensated Microcytosis
PID_1232,Male,20,15.71,5.87,48.55,82.74,26.76,32.35,12.99,384.00,9.42,0.36,5.40,69.07,25.03,2.37,2.38,1.19,No,Yes,No,Compensated Microcytosis
PID_1233,Female,26,13.23,4.85,39.03,80.52,27.25,33.87,13.01,267.00,8.64,0.23,6.30,61.09,31.01,3.56,3.54,0.88,No,Yes,Yes,Non-Anemic
PID_1234,Female,45,14.28,4.96,38.50,77.63,28.79,37.14,12.00,316.00,9.82,0.31,7.70,57.30,36.57,3.63,1.22,1.22,No,Yes,Yes,Non-Anemic
PID_1235,Male,52,16.76,5.00,50.73,101.45,33.54,33.01,17.99,296.00,9.57,0.28,9.00,52.07,37.46,7.29,3.12,0.00,Yes,Yes,Yes,Compensated Microcytosis
PID_1236,Female,34,13.83,5.36,38.45,71.70,25.83,35.93,18.00,153.00,9.77,0.15,5.00,62.06,28.76,4.63,3.45,1.15,No,Yes,No,Compensated Microcytosis
PID_1237,Female,18,12.65,4.44,35.13,79.08,28.50,36.01,10.98,160.00,9.38,0.15,6.80,56.32,34.51,4.57,3.64,0.91,No,Yes,Yes,Non-Anemic
PID_1238,Female,19,14.09,5.31,42.27,79.63,26.52,33.37,13.98,424.00,9.92,0.42,4.30,57.31,32.90,7.28,2.44,0.00,Yes,No,Yes,Compensated Microcytosis
PID_1239,Female,21,12.84,5.36,37.02,69.04,23.93,34.69,11.96,398.00,9.43,0.37,5.80,62.18,30.00,3.35,3.33,1.11,No,No,Yes,Compensated Microcytosis
PID_1240,Female,21,13.90,4.22,38.66,91.65,32.94,35.99,18.96,370.00,9.65,0.36,6.40,62.94,24.74,7.88,4.49,0.00,No,Yes,Yes,Compensated Microcytosis
PID_1241,Male,56,16.88,4.86,50.32,103.55,34.74,33.59,14.00,443.00,9.89,0.44,8.90,54.80,28.76,10.95,4.11,1.37,No,No,No,Non-Anemic
PID_1242,Female,52,13.97,5.26,41.39,78.70,26.58,33.79,18.00,434.00,9.88,0.43,8.10,61.86,29.12,7.29,1.82,0.00,Yes,No,Yes,Compensated Microcytosis
PID_1243,Male,80,15.87,5.48,47.65,86.96,28.96,33.29,12.04,156.00,9.62,0.15,7.30,47.78,43.34,6.66,1.11,1.11,No,Yes,No,Non-Anemic
PID_1244,Male,63,13.95,5.78,42.55,73.62,24.17,32.75,20.03,256.00,9.18,0.23,4.90,62.84,31.41,4.26,1.43,0.00,Yes,Yes,No,Compensated Microcytosis
PID_1245,Female,33,12.34,4.87,37.15,76.27,25.38,33.25,14.00,417.00,8.92,0.37,9.80,57.93,36.34,3.40,2.27,0.00,Yes,Yes,Yes,Compensated Microcytosis
PID_1246,Female,65,12.90,4.47,39.65,88.74,28.90,32.53,17.98,215.00,8.95,0.19,5.20,69.78,23.98,4.20,1.04,1.04,No,Yes,Yes,Compensated Microcytosis
PID_1247,Female,66,13.65,5.29,40.10,75.76,25.79,34.07,11.01,317.00,9.87,0.31,10.60,60.03,30.51,8.42,1.05,0.00,No,No,Yes,Compensated Microcytosis
PID_1248,Female,40,15.00,4.21,45.35,107.76,35.59,33.11,14.98,173.00,8.08,0.14,8.40,68.92,23.35,3.34,3.33,1.11,Yes,Yes,Yes,Compensated Microcytosis
PID_1249,Male,23,14.68,5.46,42.82,78.46,26.92,34.26,19.02,192.00,9.82,0.19,6.60,58.23,29.65,7.71,3.30,1.10,Yes,No,No,Compensated Microcytosis
PID_1250,Male,21,14.24,4.90,44.32,90.41,29.02,32.17,11.03,159.00,8.92,0.14,10.00,55.13,34.51,6.89,3.45,0.00,No,No,No,Non-Anemic
PID_1251,Female,40,13.88,4.50,40.35,89.68,30.83,34.41,17.01,300.00,9.57,0.29,6.50,62.37,27.29,9.11,1.30,0.00,No,No,Yes,Compensated Microcytosis
PID_1252,Male,22,15.47,5.02,44.20,88.05,30.79,34.99,19.04,293.00,9.46,0.28,9.80,61.06,28.46,5.26,4.21,1.05,No,No,No,Compensated Microcytosis
PID_1253,Female,37,13.68,4.85,43.28,89.23,28.23,31.64,17.04,406.00,9.52,0.39,7.70,69.89,24.09,3.58,1.20,1.20,No,No,Yes,Compensated Microcytosis
PID_1254,Female,77,14.30,4.80,41.51,86.52,29.80,34.45,18.03,160.00,9.90,0.16,9.10,54.76,38.91,2.14,4.21,0.00,Yes,No,No,Compensated Microcytosis
PID_1255,Male,34,15.07,5.36,42.48,79.26,28.15,35.50,14.00,381.00,11.48,0.44,10.00,64.09,29.13,3.90,2.91,0.00,No,Yes,Yes,Non-Anemic
PID_1256,Male,22,15.29,5.12,46.98,91.72,29.85,32.56,12.98,390.00,11.38,0.44,4.80,50.95,38.22,7.86,2.94,0.00,No,Yes,Yes,Non-Anemic
PID_1257,Female,70,14.50,4.48,40.27,89.90,32.33,36.04,16.00,303.00,10.24,0.31,10.80,50.50,39.59,7.89,0.99,0.99,No,Yes,No,Compensated Microcytosis
PID_1258,Female,46,13.65,4.40,39.56,89.92,31.03,34.53,11.02,270.00,11.07,0.30,10.30,47.10,40.23,8.06,3.45,1.15,No,Yes,No,Non-Anemic
PID_1259,Male,67,14.37,4.88,43.34,88.79,29.46,33.15,11.98,353.00,10.84,0.38,5.70,63.23,26.53,5.13,4.08,1.02,No,No,Yes,Non-Anemic
PID_1260,Female,29,12.85,4.21,37.87,89.91,30.52,33.95,18.03,406.00,8.86,0.36,4.70,61.24,31.60,5.14,1.02,1.02,No,No,No,Compensated Microcytosis
PID_1261,Female,32,12.15,4.53,35.04,77.34,26.84,34.69,12.99,322.00,9.18,0.29,10.10,65.87,25.65,7.32,1.22,0.00,Yes,Yes,No,Compensated Microcytosis
PID_1262,Male,53,14.92,5.32,43.76,82.28,28.04,34.08,17.99,168.00,9.58,0.16,5.50,65.34,29.72,3.96,0.99,0.00,Yes,No,Yes,Compensated Microcytosis
PID_1263,Female,32,12.37,4.96,35.70,72.02,24.93,34.66,19.98,214.00,9.91,0.21,4.10,65.10,27.32,6.58,0.94,0.00,Yes,Yes,Yes,Compensated Microcytosis
PID_1264,Male,51,14.90,6.07,45.30,74.65,24.54,32.88,18.02,431.00,10.09,0.43,9.50,51.22,34.96,10.02,3.75,0.00,No,Yes,No,Compensated Microcytosis
PID_1265,Male,23,15.51,5.50,45.35,82.42,28.23,34.22,19.98,184.00,8.86,0.16,9.60,62.32,31.92,4.32,1.45,0.00,No,Yes,Yes,Compensated Microcytosis
PID_1266,Male,62,14.28,5.47,44.21,80.83,26.13,32.34,14.00,241.00,9.81,0.24,5.10,56.64,35.57,4.42,2.22,1.11,Yes,No,Yes,Compensated Microcytosis
PID_1267,Male,41,14.08,5.73,41.57,72.57,24.54,33.88,13.00,327.00,10.03,0.33,5.60,62.03,31.02,4.98,1.00,1.00,Yes,No,Yes,Compensated Microcytosis
PID_1268,Male,39,13.89,5.89,42.20,71.63,23.56,32.89,11.04,376.00,7.81,0.29,6.70,54.18,37.41,4.69,3.74,0.00,No,No,No,Compensated Microcytosis
PID_1269,Female,33,12.64,5.34,38.17,71.51,23.65,33.12,12.01,389.00,9.95,0.39,8.80,54.37,34.98,7.74,1.94,0.97,No,No,No,Compensated Microcytosis
PID_1270,Male,31,16.90,4.94,47.63,96.38,34.20,35.46,15.03,318.00,9.60,0.31,8.70,70.98,21.53,4.27,3.23,0.00,Yes,No,No,Compensated Microcytosis
PID_1271,Male,69,14.63,5.07,41.43,81.72,28.88,35.27,11.96,188.00,9.90,0.19,10.20,59.29,35.44,1.75,2.65,0.88,No,No,Yes,Non-Anemic
PID_1272,Male,60,15.39,5.75,44.31,77.04,26.78,34.73,18.04,266.00,9.15,0.24,7.80,61.82,30.29,5.23,2.63,0.00,Yes,No,No,Compensated Microcytosis
PID_1273,Female,18,12.19,5.16,37.29,72.25,23.61,32.66,18.98,445.00,9.13,0.41,6.20,56.70,37.53,3.84,1.92,0.00,No,No,Yes,Compensated Microcytosis
PID_1274,Male,23,15.68,5.70,46.64,81.85,27.51,33.65,12.01,155.00,10.08,0.16,5.30,65.33,28.03,2.71,2.67,1.33,No,Yes,No,Non-Anemic
PID_1275,Female,45,14.64,4.43,41.29,93.24,33.05,35.47,12.97,275.00,9.44,0.26,4.80,69.67,20.20,8.06,1.01,1.01,No,Yes,Yes,Non-Anemic
PID_1276,Female,36,12.79,4.68,37.43,79.98,27.35,34.19,16.03,420.00,9.62,0.40,10.50,64.82,30.52,2.81,1.85,0.00,No,Yes,Yes,Compensated Microcytosis
PID_1277,Male,22,14.20,5.57,38.60,69.28,25.48,36.76,17.98,273.00,10.79,0.29,7.90,56.77,36.52,3.85,1.92,0.96,Yes,Yes,Yes,Compensated Microcytosis
PID_1278,Female,79,13.68,4.23,39.68,93.80,32.33,34.46,18.96,329.00,9.05,0.30,7.50,50.50,42.12,2.10,4.21,1.05,No,Yes,No,Compensated Microcytosis
PID_1279,Female,50,14.81,4.85,43.27,89.18,30.53,34.19,11.98,271.00,9.89,0.27,10.70,64.82,27.74,5.58,0.93,0.93,No,No,No,Non-Anemic
PID_1280,Female,42,13.72,4.97,40.80,82.11,27.62,33.60,20.04,371.00,8.92,0.33,9.00,60.02,32.24,4.44,3.33,0.00,Yes,No,No,Compensated Microcytosis
PID_1281,Female,78,12.58,5.06,36.83,72.75,24.84,34.19,14.00,367.00,9.25,0.34,9.30,64.87,24.20,7.69,2.20,1.10,No,No,Yes,Compensated Microcytosis
PID_1282,Female,27,13.61,4.52,40.25,89.07,30.09,33.84,13.03,376.00,9.36,0.35,9.40,64.10,26.92,6.37,2.56,0.00,Yes,No,Yes,Non-Anemic
PID_1283,Male,60,15.85,5.95,45.48,76.44,26.66,34.84,16.01,382.00,9.36,0.36,10.90,57.83,34.84,5.49,1.83,0.00,Yes,Yes,Yes,Compensated Microcytosis
PID_1284,Male,77,16.74,5.88,47.63,81.01,28.50,35.15,15.04,214.00,8.83,0.19,7.90,67.71,25.22,4.00,2.02,1.01,Yes,No,No,Compensated Microcytosis
PID_1285,Male,74,16.40,4.90,49.61,101.22,33.50,33.07,14.99,206.00,10.40,0.21,4.20,62.21,24.45,8.91,3.33,1.11,No,Yes,No,Compensated Microcytosis
PID_1286,Female,49,14.25,5.18,43.98,84.93,27.51,32.41,17.97,255.00,9.66,0.25,7.40,62.53,32.72,1.92,1.92,0.96,Yes,Yes,Yes,Compensated Microcytosis
PID_1287,Female,69,12.56,5.00,39.50,79.00,25.11,31.79,15.99,353.00,9.59,0.34,7.50,67.00,21.25,7.48,3.19,1.06,Yes,No,No,Compensated Microcytosis
PID_1288,Female,53,13.70,5.07,39.58,78.08,27.05,34.58,18.02,179.00,9.29,0.17,8.70,61.30,31.53,4.53,1.80,0.90,Yes,Yes,Yes,Compensated Microcytosis
PID_1289,Male,22,13.90,5.68,42.54,74.88,24.45,32.67,16.01,180.00,11.87,0.21,9.30,61.82,29.99,6.39,1.82,0.00,Yes,No,Yes,Compensated Microcytosis
PID_1290,Female,28,13.02,4.54,41.44,91.31,28.67,31.45,12.99,250.00,9.47,0.24,5.00,57.68,34.26,5.38,2.70,0.00,No,No,Yes,Non-Anemic
PID_1291,Female,48,14.44,4.80,41.90,87.31,30.09,34.49,16.02,246.00,9.53,0.23,6.20,56.11,31.70,9.79,2.44,0.00,Yes,No,Yes,Compensated Microcytosis
PID_1292,Female,60,12.27,4.34,33.17,76.47,28.29,36.97,11.99,377.00,9.92,0.37,5.30,52.97,40.00,5.03,2.00,0.00,No,No,No,Non-Anemic
PID_1293,Male,19,15.52,6.03,45.66,75.69,25.76,33.97,11.02,240.00,11.47,0.28,9.90,63.58,26.02,6.24,4.17,0.00,No,Yes,No,Compensated Microcytosis
PID_1294,Female,78,14.02,4.67,40.05,85.78,30.03,35.04,20.00,321.00,11.42,0.37,7.90,65.49,29.89,3.48,1.15,0.00,Yes,Yes,No,Compensated Microcytosis
PID_1295,Male,56,15.00,5.30,43.99,83.01,28.33,34.09,20.02,338.00,10.16,0.34,4.20,54.41,36.66,4.41,4.44,0.00,Yes,No,No,Compensated Microcytosis
PID_1296,Male,54,15.17,4.85,44.77,92.28,31.28,33.90,15.00,178.00,9.31,0.17,7.00,52.06,38.75,6.12,3.06,0.00,Yes,No,No,Compensated Microcytosis
PID_1297,Male,76,15.68,4.78,44.67,93.42,32.78,35.14,17.99,184.00,8.84,0.16,8.70,68.67,23.27,3.05,4.04,1.01,Yes,No,No,Compensated Microcytosis
PID_1298,Female,58,13.61,5.17,40.44,78.24,26.31,33.67,14.02,262.00,8.86,0.23,9.10,71.12,22.23,5.57,1.11,0.00,No,No,Yes,Compensated Microcytosis
PID_1299,Female,26,13.64,4.67,39.74,85.11,29.21,34.28,16.99,168.00,9.14,0.15,10.70,62.25,27.58,8.18,2.04,0.00,No,No,Yes,Compensated Microcytosis
PID_1300,Male,22,15.34,5.10,44.61,87.50,30.07,34.43,17.03,194.00,9.94,0.19,8.90,69.88,24.13,2.41,3.61,0.00,Yes,Yes,No,Compensated Microcytosis
PID_1301,Male,66,15.22,5.50,45.85,83.34,27.64,33.20,15.99,272.00,9.38,0.26,10.70,72.19,20.62,4.15,3.09,0.00,Yes,No,Yes,Compensated Microcytosis
PID_1302,Male,37,14.38,5.21,40.86,78.45,27.58,35.20,12.04,358.00,9.23,0.33,7.10,61.74,30.88,4.24,3.19,0.00,No,No,Yes,Non-Anemic
PID_1303,Male,55,15.66,5.34,46.35,86.80,29.33,33.76,15.96,267.00,9.38,0.25,5.70,58.96,33.89,4.48,2.68,0.00,Yes,No,No,Compensated Microcytosis
PID_1304,Male,42,14.91,5.61,45.05,80.30,26.56,33.09,19.97,285.00,9.89,0.28,9.40,56.47,36.44,5.86,1.18,0.00,No,No,Yes,Compensated Microcytosis
PID_1305,Female,21,14.86,4.33,42.89,99.07,34.33,34.60,19.03,382.00,8.94,0.34,7.50,59.10,35.52,3.24,1.08,1.08,Yes,Yes,Yes,Compensated Microcytosis
PID_1306,Female,47,12.75,5.22,38.73,74.18,24.42,32.90,19.02,331.00,10.16,0.34,10.50,66.35,24.07,6.75,1.92,0.96,No,No,Yes,Compensated Microcytosis
PID_1307,Male,33,14.14,5.58,41.55,74.44,25.37,34.02,12.00,396.00,8.52,0.34,6.70,57.50,30.03,9.99,1.25,1.25,Yes,Yes,Yes,Compensated Microcytosis
PID_1308,Female,72,14.86,4.50,43.72,97.19,33.03,33.95,11.02,197.00,8.14,0.16,6.30,61.22,33.70,3.05,1.02,1.02,Yes,No,Yes,Non-Anemic
PID_1309,Female,27,14.28,4.58,40.45,88.36,31.20,35.30,13.97,369.00,10.86,0.40,6.00,56.46,33.33,6.51,3.70,0.00,Yes,No,Yes,Non-Anemic
PID_1310,Male,49,14.22,5.71,41.13,72.06,24.92,34.59,11.00,401.00,10.19,0.41,6.60,53.63,32.91,9.75,3.66,0.00,Yes,Yes,Yes,Compensated Microcytosis
PID_1311,Female,55,13.22,4.92,38.92,79.13,26.84,33.97,15.04,258.00,8.89,0.23,7.40,50.55,37.89,7.39,3.16,1.05,Yes,Yes,No,Compensated Microcytosis
PID_1312,Male,79,15.91,5.88,45.48,77.36,27.03,34.98,11.02,439.00,9.42,0.41,6.20,59.54,28.07,7.84,4.49,0.00,Yes,No,No,Compensated Microcytosis
PID_1313,Male,56,16.14,5.76,45.25,78.59,28.03,35.68,18.99,150.00,9.63,0.14,8.50,61.97,29.00,7.02,2.00,0.00,Yes,Yes,No,Compensated Microcytosis
PID_1314,Female,24,14.38,4.66,41.48,89.01,30.84,34.66,16.97,294.00,10.75,0.32,7.50,67.04,24.74,5.91,1.18,1.18,No,Yes,No,Compensated Microcytosis
PID_1315,Male,56,16.49,4.98,48.48,97.32,33.13,34.01,13.01,389.00,9.09,0.35,4.50,55.44,37.36,4.86,2.41,0.00,No,No,No,Non-Anemic
PID_1316,Male,40,14.07,5.73,43.39,75.75,24.59,32.41,17.02,161.00,9.92,0.16,5.10,62.24,29.26,3.73,3.77,0.94,No,No,Yes,Compensated Microcytosis
PID_1317,Female,55,12.96,5.09,39.61,77.83,25.47,32.75,17.03,341.00,8.94,0.31,4.80,59.47,29.14,6.31,3.80,1.27,Yes,No,No,Compensated Microcytosis
PID_1318,Female,42,13.49,5.07,40.11,79.13,26.57,33.66,12.04,282.00,9.18,0.26,8.40,51.21,36.59,9.79,2.44,0.00,No,No,No,Compensated Microcytosis
PID_1319,Male,58,17.07,4.74,51.31,108.24,35.99,33.29,16.97,346.00,9.43,0.33,5.40,65.32,26.66,6.64,1.33,0.00,Yes,Yes,No,Compensated Microcytosis
PID_1320,Female,71,12.16,4.52,36.00,79.64,26.89,33.76,17.01,399.00,9.33,0.37,10.40,52.53,41.00,2.57,2.56,1.28,No,No,Yes,Compensated Microcytosis
PID_1321,Male,72,14.69,5.43,43.12,79.40,27.08,34.07,14.00,276.00,8.83,0.24,9.20,65.50,26.45,4.56,2.30,1.15,Yes,Yes,Yes,Compensated Microcytosis
PID_1322,Male,34,15.78,5.15,45.56,88.46,30.68,34.68,13.99,332.00,9.03,0.30,7.40,65.34,27.72,3.96,2.97,0.00,Yes,No,Yes,Non-Anemic
PID_1323,Male,19,16.06,5.72,47.35,82.81,28.05,33.95,17.00,322.00,10.27,0.33,5.60,67.78,27.95,2.12,2.15,0.00,No,No,Yes,Compensated Microcytosis
PID_1324,Male,48,16.51,5.41,47.74,88.25,30.56,34.57,16.98,199.00,8.64,0.17,9.60,54.31,37.16,6.68,1.90,0.00,No,No,Yes,Compensated Microcytosis
PID_1325,Male,56,16.92,4.92,49.65,100.96,34.35,34.11,16.97,224.00,9.74,0.22,5.30,70.38,20.45,6.13,2.04,1.02,Yes,Yes,Yes,Compensated Microcytosis
PID_1326,Male,41,13.93,4.87,44.04,90.42,28.60,31.65,12.98,435.00,9.23,0.40,5.00,59.98,32.91,4.69,1.18,1.18,Yes,No,Yes,Non-Anemic
PID_1327,Male,49,15.99,5.61,48.64,86.71,28.48,32.87,12.98,430.00,9.41,0.40,8.80,60.73,26.17,7.17,4.76,1.19,Yes,Yes,No,Non-Anemic
PID_1328,Male,67,15.15,5.75,44.79,77.87,26.39,33.85,18.96,236.00,9.93,0.23,4.20,60.68,27.36,8.36,2.38,1.19,Yes,Yes,Yes,Compensated Microcytosis
PID_1329,Female,40,13.27,5.16,40.77,79.05,25.75,32.56,12.02,264.00,9.11,0.24,8.90,60.83,31.54,6.53,1.09,0.00,Yes,No,Yes,Compensated Microcytosis
PID_1330,Female,33,13.53,5.29,38.97,73.69,25.56,34.72,19.00,316.00,10.04,0.32,6.60,54.85,35.52,7.53,1.08,1.08,Yes,No,No,Compensated Microcytosis
PID_1331,Male,18,14.85,5.71,41.44,72.57,26.04,35.82,18.97,334.00,8.08,0.27,5.20,58.92,31.53,6.84,1.37,1.37,No,Yes,No,Compensated Microcytosis
PID_1332,Female,49,14.10,4.32,39.76,92.01,32.67,35.44,15.01,332.00,11.79,0.39,10.40,56.01,34.67,6.70,2.67,0.00,No,No,No,Compensated Microcytosis
PID_1333,Female,65,12.57,5.14,37.25,72.44,24.45,33.74,14.02,226.00,9.12,0.21,7.40,49.99,39.00,7.97,3.00,0.00,Yes,Yes,No,Compensated Microcytosis
PID_1334,Male,68,14.08,5.89,39.34,66.76,23.90,35.78,15.00,166.00,10.43,0.17,10.10,60.41,29.26,7.54,2.83,0.00,Yes,Yes,No,Compensated Microcytosis
PID_1335,Female,71,12.55,4.34,36.72,84.59,28.94,34.15,16.97,427.00,9.01,0.39,5.30,59.98,26.66,6.65,5.33,1.33,Yes,No,No,Compensated Microcytosis
PID_1336,Female,52,13.90,4.33,41.37,95.56,32.11,33.62,16.99,283.00,9.75,0.27,4.50,50.57,40.98,3.60,4.82,0.00,No,No,No,Compensated Microcytosis
PID_1337,Female,43,13.59,4.94,40.86,82.73,27.51,33.23,15.04,427.00,10.68,0.46,8.70,69.70,22.21,6.07,1.01,1.01,No,Yes,Yes,Compensated Microcytosis
PID_1338,Female,68,13.72,4.23,40.79,96.43,32.42,33.62,10.97,203.00,10.35,0.21,4.20,53.85,33.32,8.94,2.56,1.28,No,Yes,Yes,Non-Anemic
PID_1339,Male,43,15.49,4.95,46.19,93.29,31.30,33.56,13.96,424.00,9.15,0.39,9.00,58.63,34.58,5.73,0.96,0.00,Yes,Yes,No,Non-Anemic
PID_1340,Male,40,15.47,6.08,45.23,74.38,25.47,34.18,13.98,235.00,9.23,0.22,8.40,59.28,30.22,5.84,4.65,0.00,Yes,No,No,Compensated Microcytosis
PID_1341,Female,39,13.65,5.24,39.92,76.20,26.01,34.22,13.01,371.00,9.56,0.36,11.00,49.99,39.00,7.98,3.00,0.00,Yes,Yes,Yes,Compensated Microcytosis
PID_1342,Male,64,16.39,4.78,48.20,100.86,34.26,34.01,16.02,411.00,9.80,0.40,7.60,56.86,35.32,4.93,2.94,0.00,No,Yes,No,Compensated Microcytosis
PID_1343,Male,55,17.13,5.61,49.62,88.41,30.53,34.56,14.98,386.00,10.07,0.39,5.30,64.30,26.21,4.75,3.57,1.19,Yes,Yes,Yes,Compensated Microcytosis
PID_1344,Female,28,13.37,4.72,37.74,79.94,28.31,35.44,20.03,400.00,9.25,0.37,9.10,64.32,27.75,3.98,2.97,0.99,Yes,No,No,Compensated Microcytosis
PID_1345,Male,53,15.79,5.31,44.94,84.63,29.70,35.10,15.01,274.00,9.35,0.26,6.00,60.77,31.36,2.91,3.92,0.98,Yes,No,Yes,Compensated Microcytosis
PID_1346,Male,68,16.37,5.73,50.81,88.67,28.58,32.19,16.00,215.00,10.60,0.23,10.10,48.31,38.22,8.98,3.37,1.12,No,No,Yes,Compensated Microcytosis
PID_1347,Male,18,16.33,5.51,52.79,95.77,29.66,30.90,16.00,308.00,9.53,0.29,5.80,52.54,35.87,7.70,3.85,0.00,Yes,No,Yes,Compensated Microcytosis
PID_1348,Male,79,17.03,4.99,48.49,97.15,34.16,35.16,13.01,214.00,8.11,0.17,4.80,60.00,34.10,4.72,1.18,0.00,Yes,Yes,Yes,Non-Anemic
PID_1349,Male,56,16.16,5.67,49.94,88.05,28.48,32.33,10.98,312.00,11.75,0.37,10.80,60.87,34.52,3.63,0.91,0.00,Yes,Yes,No,Non-Anemic
PID_1350,Female,20,14.02,4.75,41.57,87.53,29.53,33.74,13.98,219.00,9.11,0.20,8.70,61.02,29.90,5.21,2.60,1.30,No,No,No,Non-Anemic
PID_1351,Female,24,13.31,5.26,40.83,77.61,25.27,32.56,14.00,180.00,10.44,0.19,7.10,53.49,43.05,2.30,1.16,0.00,No,No,No,Compensated Microcytosis
PID_1352,Male,23,13.97,6.04,43.88,72.66,23.11,31.84,11.98,153.00,9.03,0.14,9.00,54.24,38.54,2.39,3.61,1.20,No,No,Yes,Compensated Microcytosis
PID_1353,Female,21,13.47,4.89,38.87,79.51,27.57,34.64,20.00,261.00,9.68,0.25,5.00,62.76,27.95,5.81,2.33,1.16,No,No,Yes,Compensated Microcytosis
PID_1354,Male,26,15.79,4.94,45.23,91.59,31.96,34.90,13.98,169.00,10.66,0.18,10.70,64.85,24.09,7.40,2.78,0.93,Yes,No,No,Non-Anemic
PID_1355,Male,69,17.09,5.22,51.31,98.29,32.71,33.32,17.97,406.00,10.35,0.42,8.70,63.91,26.88,5.56,3.70,0.00,Yes,No,No,Compensated Microcytosis
PID_1356,Female,23,12.56,4.62,40.66,88.03,27.15,30.89,17.97,233.00,9.18,0.21,7.50,67.00,24.19,6.63,1.10,1.10,No,No,No,Compensated Microcytosis
PID_1357,Female,60,13.14,4.43,39.41,88.92,29.63,33.31,17.99,346.00,9.23,0.32,6.30,65.40,27.89,1.89,3.85,0.96,No,No,Yes,Compensated Microcytosis
PID_1358,Male,37,14.45,4.84,41.92,86.63,29.88,34.51,18.00,429.00,9.71,0.41,6.00,57.13,30.75,7.66,3.30,1.10,Yes,No,Yes,Compensated Microcytosis
PID_1359,Male,30,14.53,5.93,45.09,76.05,24.50,32.20,20.04,295.00,9.18,0.27,8.50,63.41,30.53,3.62,2.44,0.00,No,No,Yes,Compensated Microcytosis
PID_1360,Male,42,16.79,4.95,49.06,99.09,33.89,34.21,16.99,327.00,9.77,0.32,5.90,66.69,27.08,3.16,3.12,0.00,Yes,No,No,Compensated Microcytosis
PID_1361,Male,33,16.02,5.00,47.14,94.32,32.02,33.99,19.03,287.00,9.15,0.26,8.00,63.02,29.76,3.58,2.70,0.90,No,No,Yes,Compensated Microcytosis
PID_1362,Female,52,12.43,5.26,35.83,68.07,23.63,34.71,17.02,259.00,9.62,0.25,4.80,53.97,38.19,3.40,3.37,1.12,Yes,No,No,Compensated Microcytosis
PID_1363,Male,31,16.16,5.35,47.33,88.43,30.22,34.11,12.03,266.00,9.56,0.25,6.20,65.99,30.08,1.93,0.97,0.97,Yes,Yes,Yes,Non-Anemic
PID_1364,Male,27,14.08,4.96,42.88,86.46,28.37,32.86,20.02,193.00,9.44,0.18,8.20,51.05,39.12,5.47,3.26,1.09,No,Yes,No,Compensated Microcytosis
PID_1365,Male,39,15.77,5.88,44.50,75.67,26.86,35.42,15.01,371.00,8.37,0.31,7.30,60.45,33.30,3.16,2.08,1.04,No,No,No,Compensated Microcytosis
PID_1366,Male,24,16.40,5.91,48.51,82.09,27.74,33.84,20.00,263.00,9.34,0.24,9.40,51.60,38.68,4.32,4.30,1.08,Yes,Yes,Yes,Compensated Microcytosis
PID_1367,Female,42,14.85,5.15,43.72,84.87,28.86,33.97,11.98,406.00,10.27,0.42,9.20,57.52,27.37,10.98,4.11,0.00,Yes,No,No,Non-Anemic
PID_1368,Female,30,13.27,4.34,40.36,92.96,30.54,32.89,12.04,279.00,9.13,0.26,4.30,55.77,34.49,6.23,2.65,0.88,Yes,Yes,No,Non-Anemic
PID_1369,Female,76,13.07,4.81,39.05,81.22,27.21,33.47,20.03,332.00,10.40,0.34,10.40,56.68,36.08,2.06,4.12,1.03,Yes,Yes,Yes,Compensated Microcytosis
PID_1370,Female,71,13.02,4.63,39.53,85.40,28.16,32.97,12.01,359.00,10.02,0.36,6.40,62.53,32.49,2.48,2.50,0.00,Yes,Yes,No,Non-Anemic
PID_1371,Male,38,15.61,5.37,46.19,86.01,29.05,33.82,15.04,249.00,8.56,0.21,9.30,57.32,36.55,4.89,1.22,0.00,No,No,Yes,Compensated Microcytosis
PID_1372,Female,34,13.57,5.19,37.64,72.50,26.17,36.02,16.98,446.00,9.55,0.43,7.40,50.01,44.22,2.32,3.49,0.00,No,No,Yes,Compensated Microcytosis
PID_1373,Female,79,13.77,4.28,42.56,99.44,32.15,32.39,20.02,366.00,8.64,0.32,7.70,48.99,39.61,7.29,4.17,0.00,No,Yes,Yes,Compensated Microcytosis
PID_1374,Male,26,13.82,4.82,43.10,89.40,28.65,32.03,11.98,181.00,8.51,0.15,10.10,60.94,29.30,7.33,1.22,1.22,No,Yes,No,Non-Anemic
PID_1375,Female,55,14.31,5.09,40.01,78.57,28.14,35.75,19.99,226.00,9.60,0.22,10.30,63.52,30.21,4.20,1.04,1.04,No,No,No,Compensated Microcytosis
PID_1376,Female,19,13.92,4.47,41.25,92.29,31.16,33.75,17.00,323.00,9.73,0.32,8.40,62.49,26.05,7.25,3.12,1.04,Yes,No,No,Compensated Microcytosis
PID_1377,Female,61,12.15,4.92,36.60,74.39,24.70,33.23,18.99,200.00,9.94,0.20,8.60,55.82,34.75,7.40,1.05,1.05,Yes,No,No,Compensated Microcytosis
PID_1378,Male,46,16.36,5.93,46.41,78.29,27.59,35.25,17.03,369.00,10.00,0.37,7.80,58.67,30.45,8.68,1.09,1.09,Yes,No,Yes,Compensated Microcytosis
PID_1379,Male,73,17.10,6.10,51.39,84.21,28.05,33.25,20.00,225.00,10.05,0.23,7.50,51.54,40.20,4.15,4.12,0.00,Yes,Yes,Yes,Compensated Microcytosis
PID_1380,Male,56,17.17,5.80,47.44,81.76,29.59,36.23,13.02,297.00,9.13,0.27,7.20,59.47,28.81,7.18,3.60,0.90,Yes,No,Yes,Non-Anemic
PID_1381,Female,60,14.21,5.18,40.82,78.76,27.40,34.80,10.99,411.00,8.04,0.33,9.80,62.16,27.22,7.80,1.94,0.97,No,Yes,Yes,Non-Anemic
PID_1382,Male,52,16.35,5.02,48.93,97.47,32.61,33.40,14.97,348.00,9.67,0.34,10.70,60.80,25.75,8.24,4.12,1.03,No,Yes,Yes,Compensated Microcytosis
PID_1383,Male,59,15.87,5.30,43.37,81.84,29.93,36.63,14.03,267.00,10.11,0.27,9.10,51.94,37.66,5.17,5.19,0.00,Yes,No,No,Non-Anemic
PID_1384,Female,43,13.46,4.67,40.45,86.65,28.84,33.24,11.99,363.00,10.86,0.39,5.70,61.07,29.49,5.29,4.21,0.00,Yes,Yes,Yes,Non-Anemic
PID_1385,Female,70,14.51,5.01,41.59,82.99,28.97,34.86,18.02,320.00,9.17,0.29,10.30,47.80,41.12,8.86,1.11,1.11,No,Yes,No,Compensated Microcytosis
PID_1386,Female,39,12.50,4.22,36.38,86.23,29.60,34.35,19.01,194.00,8.26,0.16,9.60,60.88,28.26,6.48,3.26,1.09,Yes,Yes,Yes,Compensated Microcytosis
PID_1387,Male,20,16.01,6.06,45.02,74.33,26.45,35.54,17.03,219.00,9.54,0.21,7.80,54.06,36.74,5.11,3.06,1.02,No,Yes,No,Compensated Microcytosis
PID_1388,Male,30,14.06,5.66,39.19,69.21,24.84,35.85,20.01,334.00,9.78,0.33,6.50,70.56,23.19,4.21,1.05,1.05,Yes,No,Yes,Compensated Microcytosis
PID_1389,Female,23,14.21,4.26,41.75,98.00,33.36,34.02,17.04,267.00,11.11,0.30,10.40,51.69,41.41,4.59,1.15,1.15,No,No,No,Compensated Microcytosis
PID_1390,Female,36,13.59,4.24,41.06,96.86,32.07,33.07,18.03,339.00,10.87,0.37,4.60,53.54,36.91,7.16,1.19,1.19,Yes,Yes,Yes,Compensated Microcytosis
PID_1391,Male,53,13.97,4.82,40.43,83.90,28.97,34.52,20.02,272.00,9.45,0.26,4.40,58.03,33.02,7.13,1.79,0.00,Yes,No,Yes,Compensated Microcytosis
PID_1392,Male,68,14.77,6.09,44.51,73.06,24.26,33.15,13.03,179.00,10.01,0.18,7.90,56.87,31.58,8.40,2.11,1.05,Yes,Yes,Yes,Compensated Microcytosis
PID_1393,Female,43,13.39,5.29,36.77,69.47,25.32,36.40,11.99,335.00,9.54,0.32,7.50,54.76,34.53,5.92,4.76,0.00,Yes,No,No,Compensated Microcytosis
PID_1394,Female,72,13.43,4.48,39.31,87.77,29.98,34.12,14.96,349.00,9.38,0.33,6.40,61.03,31.00,5.98,2.00,0.00,No,No,No,Compensated Microcytosis
PID_1395,Female,40,12.51,5.22,37.27,71.42,24.00,33.57,12.97,398.00,9.14,0.36,7.80,55.13,35.48,7.50,1.87,0.00,No,Yes,No,Compensated Microcytosis
PID_1396,Female,38,14.04,4.99,41.03,82.24,28.16,34.21,11.00,345.00,8.12,0.28,4.80,59.12,35.49,3.26,2.15,0.00,No,No,No,Non-Anemic
PID_1397,Female,41,14.66,4.61,45.27,98.18,31.79,32.35,17.03,262.00,9.70,0.25,7.60,60.71,33.33,2.40,2.38,1.19,No,Yes,No,Compensated Microcytosis
PID_1398,Male,65,14.56,6.10,44.34,72.68,23.90,32.85,11.97,176.00,9.51,0.17,6.20,69.44,24.69,2.39,3.53,0.00,Yes,Yes,No,Compensated Microcytosis
PID_1399,Female,51,14.25,5.35,40.21,75.13,26.60,35.42,14.03,199.00,10.61,0.21,5.60,55.68,36.04,6.15,1.03,1.03,Yes,Yes,No,Compensated Microcytosis
PID_1400,Male,19,15.40,5.35,46.37,86.67,28.82,33.23,11.01,368.00,9.89,0.36,6.20,53.23,37.26,5.34,3.19,1.06,No,No,Yes,Non-Anemic
PID_1401,Male,75,13.86,5.62,42.33,75.29,24.65,32.77,20.00,386.00,11.37,0.44,8.50,69.37,21.44,7.14,1.02,1.02,Yes,No,No,Compensated Microcytosis
PID_1402,Female,58,15.00,4.40,43.30,98.41,34.05,34.61,14.00,290.00,9.43,0.27,8.90,51.14,40.02,7.77,1.11,0.00,Yes,Yes,No,Non-Anemic
PID_1403,Female,71,12.45,5.34,35.15,65.80,23.31,35.41,11.98,314.00,9.27,0.29,8.90,59.98,34.53,2.75,1.82,0.91,No,No,Yes,Compensated Microcytosis
PID_1404,Female,38,13.25,4.87,38.01,78.08,27.17,34.87,10.97,355.00,9.15,0.33,5.20,49.42,37.94,9.18,2.30,1.15,No,No,Yes,Non-Anemic
PID_1405,Female,77,13.44,5.14,38.19,74.27,26.12,35.23,14.98,337.00,10.85,0.37,7.80,56.21,35.98,5.64,1.12,1.12,No,No,Yes,Compensated Microcytosis
PID_1406,Female,77,13.67,4.64,41.31,89.05,29.47,33.10,17.00,291.00,9.48,0.28,6.30,53.55,37.38,5.09,3.03,1.01,No,No,Yes,Compensated Microcytosis
PID_1407,Female,46,13.87,4.25,42.95,101.02,32.62,32.27,10.99,182.00,10.03,0.18,6.30,61.07,29.47,5.30,4.21,0.00,No,No,No,Non-Anemic
PID_1408,Male,51,14.99,5.22,41.87,80.25,28.69,35.82,16.03,373.00,9.50,0.36,8.40,63.55,31.76,1.84,2.80,0.00,Yes,Yes,Yes,Compensated Microcytosis
PID_1409,Male,65,15.93,5.43,47.39,87.24,29.37,33.60,19.01,406.00,9.34,0.38,5.70,66.70,23.85,8.37,1.19,0.00,Yes,Yes,Yes,Compensated Microcytosis
PID_1410,Male,19,17.05,4.92,50.59,102.87,34.67,33.68,12.99,333.00,9.14,0.30,6.80,62.03,32.04,1.99,4.00,0.00,Yes,No,Yes,Non-Anemic
PID_1411,Male,75,16.65,5.52,46.78,84.74,30.18,35.56,11.03,239.00,8.08,0.19,4.20,69.48,25.59,3.65,1.22,0.00,No,No,Yes,Non-Anemic
PID_1412,Male,37,15.57,4.93,44.91,91.12,31.56,34.65,19.98,274.00,9.69,0.27,4.40,57.87,35.80,2.08,4.21,0.00,No,Yes,Yes,Compensated Microcytosis
PID_1413,Male,22,16.08,5.63,46.55,82.70,28.57,34.51,18.00,187.00,9.47,0.18,4.50,45.78,42.55,8.48,3.19,0.00,Yes,No,No,Compensated Microcytosis
PID_1414,Female,66,13.39,4.37,36.59,83.74,30.60,36.58,19.97,450.00,10.66,0.48,6.70,53.31,42.26,2.22,1.11,1.11,No,No,No,Compensated Microcytosis
PID_1415,Female,32,13.42,4.47,40.39,90.35,30.03,33.20,16.99,277.00,9.88,0.27,9.20,60.93,28.54,7.64,2.86,0.00,No,No,No,Compensated Microcytosis
PID_1416,Male,21,15.44,4.92,43.97,89.37,31.35,35.08,17.03,209.00,11.34,0.24,10.10,55.38,33.71,6.00,4.82,0.00,No,Yes,Yes,Compensated Microcytosis
PID_1417,Male,56,14.31,4.84,42.00,86.81,29.60,34.05,11.97,171.00,9.42,0.16,6.40,63.71,23.07,7.67,4.40,1.10,No,Yes,Yes,Non-Anemic
PID_1418,Female,76,13.47,5.27,39.25,74.51,25.57,34.28,11.03,228.00,9.25,0.21,7.20,61.45,32.29,2.05,3.12,1.04,No,Yes,No,Compensated Microcytosis
PID_1419,Female,71,14.16,5.40,39.52,73.18,26.23,35.85,11.98,385.00,9.17,0.35,8.70,49.47,39.82,6.46,4.30,0.00,Yes,No,No,Compensated Microcytosis
PID_1420,Male,41,15.29,5.98,44.18,73.85,25.54,34.58,15.03,276.00,9.31,0.26,5.70,56.33,29.89,9.21,3.45,1.15,No,Yes,No,Compensated Microcytosis
PID_1421,Female,26,13.77,4.94,39.74,80.47,27.89,34.69,17.99,257.00,9.23,0.24,5.10,59.60,28.75,8.51,2.13,1.06,No,Yes,Yes,Compensated Microcytosis
PID_1422,Female,31,13.90,4.27,39.39,92.24,32.58,35.27,20.04,343.00,9.99,0.34,5.40,57.83,33.96,6.42,1.83,0.00,No,Yes,Yes,Compensated Microcytosis
PID_1423,Male,35,14.04,4.86,41.83,86.05,28.89,33.57,16.98,308.00,10.42,0.32,6.00,68.63,24.07,3.58,2.41,1.20,Yes,Yes,Yes,Compensated Microcytosis
PID_1424,Female,26,14.72,4.99,44.62,89.44,29.53,32.95,11.01,265.00,9.23,0.24,5.20,69.70,25.23,4.02,1.01,0.00,No,Yes,Yes,Non-Anemic
PID_1425,Female,51,13.36,5.00,40.80,81.59,26.68,32.73,18.98,288.00,10.42,0.30,7.90,60.94,30.90,6.35,0.91,0.91,No,No,No,Compensated Microcytosis
PID_1426,Male,36,14.93,5.62,47.19,83.97,26.60,31.66,10.98,217.00,9.35,0.20,4.10,62.19,29.70,4.03,4.05,0.00,Yes,Yes,Yes,Compensated Microcytosis
PID_1427,Male,61,17.09,4.79,46.86,97.81,35.67,36.48,16.97,284.00,9.42,0.27,5.50,63.76,29.01,4.37,2.90,0.00,No,No,No,Compensated Microcytosis
PID_1428,Female,34,12.29,5.24,37.61,71.82,23.49,32.69,17.98,264.00,9.71,0.26,5.40,58.86,34.32,2.90,2.94,0.98,No,Yes,No,Compensated Microcytosis
PID_1429,Female,53,13.58,4.57,40.26,88.11,29.73,33.74,20.03,325.00,9.66,0.32,4.30,64.00,26.98,8.03,1.00,0.00,Yes,Yes,No,Compensated Microcytosis
PID_1430,Female,47,12.25,5.08,36.38,71.60,24.08,33.65,11.03,235.00,10.42,0.24,6.30,55.96,31.02,8.02,4.00,1.00,Yes,No,No,Compensated Microcytosis
PID_1431,Male,56,15.31,5.61,44.55,79.40,27.31,34.35,15.99,352.00,9.39,0.33,7.20,49.50,41.91,5.36,3.23,0.00,No,Yes,No,Compensated Microcytosis
PID_1432,Female,61,13.53,5.38,38.68,71.90,25.12,34.97,12.98,150.00,8.95,0.13,7.70,58.43,33.65,4.96,1.98,0.99,No,Yes,No,Compensated Microcytosis
PID_1433,Female,49,12.27,5.23,35.02,66.98,23.47,35.01,12.04,249.00,9.82,0.24,6.30,57.82,32.26,6.60,3.31,0.00,Yes,No,Yes,Compensated Microcytosis
PID_1434,Male,18,14.10,5.38,42.34,78.74,26.22,33.29,19.00,390.00,10.01,0.39,7.50,64.57,26.02,5.23,4.17,0.00,No,Yes,No,Compensated Microcytosis
PID_1435,Female,74,12.37,4.66,36.60,78.57,26.54,33.81,18.98,358.00,9.76,0.35,10.90,56.65,31.09,7.79,4.44,0.00,Yes,No,Yes,Compensated Microcytosis
PID_1436,Female,33,13.60,4.60,39.61,86.10,29.60,34.32,16.01,152.00,11.78,0.18,6.50,48.34,39.58,6.59,4.40,1.10,Yes,No,No,Compensated Microcytosis
PID_1437,Female,66,13.96,5.23,41.42,79.22,26.70,33.71,15.02,360.00,10.60,0.38,4.10,47.29,40.66,7.71,3.30,1.10,No,No,Yes,Compensated Microcytosis
PID_1438,Male,55,14.06,5.35,39.13,73.17,26.31,35.90,15.02,308.00,8.51,0.26,10.70,55.59,33.30,9.70,1.39,0.00,No,Yes,No,Compensated Microcytosis
PID_1439,Female,59,14.58,4.58,42.15,92.06,31.81,34.62,12.03,326.00,10.34,0.34,8.40,56.36,33.80,7.07,2.82,0.00,No,No,No,Non-Anemic
PID_1440,Male,40,15.58,6.00,44.67,74.42,25.97,34.90,12.99,445.00,9.14,0.41,5.00,60.66,27.66,8.48,3.19,0.00,No,Yes,Yes,Compensated Microcytosis
PID_1441,Female,64,14.96,5.29,42.99,81.24,28.29,34.80,15.97,358.00,8.96,0.32,5.00,62.48,30.69,2.26,3.41,1.14,Yes,No,No,Compensated Microcytosis
PID_1442,Male,55,16.11,5.79,45.50,78.59,27.86,35.42,18.98,226.00,9.20,0.21,5.50,58.67,28.01,10.64,1.33,1.33,Yes,Yes,Yes,Compensated Microcytosis
PID_1443,Male,32,14.88,5.69,43.49,76.42,26.14,34.20,16.98,222.00,9.66,0.21,9.20,56.96,33.32,7.49,1.08,1.08,No,No,No,Compensated Microcytosis
PID_1444,Male,47,15.29,4.71,47.13,100.06,32.49,32.43,13.97,385.00,10.10,0.39,4.30,51.14,36.04,9.31,2.33,1.16,Yes,Yes,Yes,Non-Anemic
PID_1445,Female,29,14.93,5.32,43.30,81.35,28.07,34.45,15.97,188.00,9.14,0.17,5.20,62.82,31.41,3.46,2.33,0.00,No,No,No,Compensated Microcytosis
PID_1446,Male,43,15.87,6.04,47.77,79.06,26.25,33.22,13.00,235.00,9.69,0.23,8.30,57.57,32.29,8.12,2.02,0.00,Yes,No,Yes,Compensated Microcytosis
PID_1447,Male,72,16.10,5.29,48.25,91.18,30.47,33.39,13.03,269.00,11.00,0.30,6.70,54.12,38.75,4.10,2.04,1.02,No,Yes,Yes,Non-Anemic
PID_1448,Female,28,12.39,4.99,35.70,71.58,24.83,34.73,18.99,293.00,10.71,0.31,5.00,54.32,38.06,3.84,2.86,0.95,Yes,No,Yes,Compensated Microcytosis
PID_1449,Male,45,13.86,5.11,39.06,76.43,27.10,35.52,20.00,320.00,9.77,0.31,7.30,61.10,30.12,6.22,1.77,0.88,No,Yes,Yes,Compensated Microcytosis
PID_1450,Male,41,14.86,5.77,43.67,75.70,25.75,34.04,12.00,316.00,8.94,0.28,7.00,53.75,36.53,8.62,1.08,0.00,No,No,No,Compensated Microcytosis
PID_1451,Female,77,14.52,4.70,42.25,89.90,30.89,34.35,11.01,315.00,9.18,0.29,8.60,57.47,28.78,8.75,3.75,1.25,Yes,Yes,No,Non-Anemic
PID_1452,Female,38,14.22,4.71,39.45,83.79,30.17,36.06,14.03,339.00,9.17,0.31,6.30,51.76,42.33,3.49,1.18,1.18,No,No,Yes,Non-Anemic
PID_1453,Female,44,14.06,4.59,41.00,89.34,30.62,34.26,19.00,279.00,11.70,0.33,5.90,59.97,32.18,6.09,0.87,0.87,Yes,No,Yes,Compensated Microcytosis
PID_1454,Male,32,17.19,5.46,46.31,84.82,31.50,37.10,17.96,202.00,10.58,0.21,4.30,65.13,27.38,5.70,1.89,0.00,Yes,No,No,Compensated Microcytosis
PID_1455,Male,70,13.95,5.99,40.23,67.18,23.32,34.71,19.03,449.00,10.21,0.46,10.60,48.91,41.08,5.53,4.44,0.00,No,No,No,Compensated Microcytosis
PID_1456,Male,80,14.45,5.15,45.32,88.00,28.04,31.86,17.97,246.00,11.09,0.27,5.70,56.60,35.39,7.05,1.01,0.00,No,No,Yes,Compensated Microcytosis
PID_1457,Male,34,14.51,5.39,41.57,77.14,26.94,34.92,11.99,245.00,10.84,0.26,10.50,60.03,34.00,4.97,1.00,0.00,Yes,Yes,Yes,Compensated Microcytosis
PID_1458,Male,52,15.95,5.27,46.29,87.84,30.31,34.48,17.98,389.00,8.87,0.35,10.40,56.85,34.10,4.57,3.41,1.14,Yes,Yes,No,Compensated Microcytosis
PID_1459,Female,42,14.58,4.81,41.02,85.24,30.32,35.54,18.04,355.00,9.16,0.33,6.30,57.92,34.22,6.57,1.32,0.00,No,No,No,Compensated Microcytosis
PID_1460,Male,63,14.79,6.04,42.49,70.37,24.52,34.82,20.01,309.00,9.63,0.30,8.20,59.70,34.29,4.44,1.49,0.00,Yes,Yes,Yes,Compensated Microcytosis
PID_1461,Female,22,13.11,5.04,38.75,76.87,26.04,33.80,18.01,173.00,9.88,0.17,5.50,71.46,24.17,2.21,2.20,0.00,Yes,Yes,Yes,Compensated Microcytosis
PID_1462,Male,35,15.00,4.95,46.11,93.15,30.32,32.53,18.99,394.00,10.06,0.40,8.50,56.04,34.10,5.49,3.30,1.10,Yes,No,Yes,Compensated Microcytosis
PID_1463,Male,60,14.21,5.36,42.10,78.57,26.53,33.74,11.03,286.00,8.86,0.25,5.20,68.45,27.61,2.61,1.32,0.00,Yes,Yes,Yes,Compensated Microcytosis
PID_1464,Male,50,15.13,4.83,45.88,95.00,31.32,33.01,10.96,234.00,9.88,0.23,10.10,63.93,23.28,9.28,3.49,0.00,No,No,Yes,Non-Anemic
PID_1465,Female,61,13.10,4.29,39.34,91.70,30.55,33.27,16.01,296.00,10.10,0.30,8.20,66.66,26.90,3.23,3.23,0.00,No,Yes,Yes,Compensated Microcytosis
PID_1466,Female,80,13.60,4.85,39.19,80.79,28.03,34.74,12.02,382.00,7.84,0.30,6.00,48.43,42.12,5.23,4.21,0.00,Yes,Yes,No,Non-Anemic
PID_1467,Male,20,14.63,5.61,40.63,72.46,26.07,35.99,14.96,185.00,9.93,0.18,8.00,64.03,31.02,2.98,1.00,1.00,Yes,No,Yes,Compensated Microcytosis
PID_1468,Male,34,15.90,5.11,46.12,90.27,31.11,34.50,16.98,415.00,9.64,0.40,9.30,46.52,44.19,4.61,3.49,1.16,No,Yes,Yes,Compensated Microcytosis
PID_1469,Male,31,15.00,6.02,46.06,76.53,24.92,32.57,17.98,330.00,9.86,0.33,8.60,70.79,22.48,4.53,1.12,1.12,No,Yes,Yes,Compensated Microcytosis
PID_1470,Male,79,15.18,5.93,43.96,74.16,25.61,34.55,20.01,358.00,9.96,0.36,7.70,63.03,27.42,5.46,2.74,1.37,Yes,No,No,Compensated Microcytosis
PID_1471,Male,45,16.18,5.20,45.66,87.79,31.10,35.43,10.97,238.00,10.05,0.24,8.20,56.97,36.00,2.02,4.00,1.00,No,No,Yes,Non-Anemic
PID_1472,Male,64,14.35,5.21,43.13,82.79,27.51,33.24,15.02,363.00,10.58,0.38,4.40,60.21,34.22,2.76,1.85,0.93,No,Yes,No,Compensated Microcytosis
PID_1473,Female,33,13.33,4.61,39.39,85.47,28.93,33.84,20.01,338.00,10.27,0.35,5.90,59.44,31.13,6.64,2.83,0.00,No,Yes,No,Compensated Microcytosis
PID_1474,Male,45,15.06,5.70,44.27,77.66,26.38,34.02,19.97,161.00,8.58,0.14,8.80,56.87,32.78,6.01,3.45,0.86,No,No,No,Compensated Microcytosis
PID_1475,Male,73,13.80,5.27,41.74,79.25,26.18,33.04,18.97,414.00,9.41,0.39,9.80,59.76,26.84,9.73,2.44,1.22,Yes,Yes,Yes,Compensated Microcytosis
PID_1476,Female,18,13.15,5.11,37.81,74.01,25.70,34.78,17.03,214.00,10.25,0.22,9.80,61.02,32.01,4.99,2.00,0.00,No,No,Yes,Compensated Microcytosis
PID_1477,Male,63,15.33,5.65,45.28,80.15,27.14,33.81,12.96,347.00,9.14,0.32,4.70,56.03,31.98,10.65,1.33,0.00,Yes,Yes,Yes,Non-Anemic
PID_1478,Female,60,14.26,5.12,41.33,80.71,27.89,34.50,15.96,422.00,10.01,0.42,5.80,56.10,35.33,2.43,4.88,1.22,Yes,No,Yes,Compensated Microcytosis
PID_1479,Male,49,15.36,5.37,46.64,86.83,28.59,32.92,14.04,281.00,9.96,0.28,8.10,55.27,37.16,4.79,2.86,0.00,Yes,No,No,Non-Anemic
PID_1480,Male,61,15.44,6.01,46.12,76.76,25.72,33.44,12.03,228.00,9.27,0.21,7.70,62.15,27.92,5.40,3.60,0.90,No,Yes,No,Compensated Microcytosis
PID_1481,Male,65,13.86,5.36,39.75,74.17,25.84,34.89,13.98,209.00,10.06,0.21,9.40,54.24,36.15,4.27,4.26,1.06,No,Yes,No,Compensated Microcytosis
PID_1482,Female,53,14.59,4.96,43.48,87.68,29.43,33.53,18.96,420.00,9.61,0.40,6.10,63.06,30.80,3.09,3.08,0.00,No,No,No,Compensated Microcytosis
PID_1483,Female,54,14.12,4.95,39.14,79.04,28.52,36.07,18.01,276.00,9.87,0.27,5.30,56.97,31.63,10.11,1.27,0.00,No,No,No,Compensated Microcytosis
PID_1484,Female,43,14.50,4.82,43.26,89.73,30.10,33.54,11.02,339.00,9.55,0.32,9.80,64.31,24.99,8.31,2.38,0.00,Yes,Yes,No,Non-Anemic
PID_1485,Male,21,14.97,5.48,43.68,79.74,27.30,34.24,10.97,249.00,9.50,0.24,10.80,60.18,32.07,4.87,2.91,0.00,No,Yes,Yes,Non-Anemic
PID_1486,Male,32,15.26,5.34,43.45,81.40,28.59,35.08,18.00,375.00,10.06,0.38,4.80,56.39,32.45,6.84,3.42,0.85,Yes,No,No,Compensated Microcytosis
PID_1487,Female,55,13.25,4.75,41.02,86.38,27.93,32.32,20.03,155.00,10.56,0.16,4.30,55.82,36.08,4.61,2.33,1.16,No,Yes,Yes,Compensated Microcytosis
PID_1488,Female,32,13.64,4.93,42.78,86.79,27.70,31.87,11.04,235.00,10.27,0.24,10.10,50.52,37.38,6.57,4.40,1.10,No,No,Yes,Non-Anemic
PID_1489,Female,74,12.15,5.12,37.77,73.74,23.77,32.14,12.97,360.00,8.57,0.31,10.40,60.63,33.72,2.25,3.37,0.00,No,No,Yes,Compensated Microcytosis
PID_1490,Female,30,14.40,4.65,40.55,87.22,30.96,35.52,12.98,324.00,9.43,0.31,4.80,62.49,26.27,7.52,2.50,1.25,No,Yes,No,Non-Anemic
PID_1491,Male,78,15.06,4.87,45.17,92.76,30.94,33.35,17.96,302.00,10.22,0.31,6.80,62.10,31.09,3.86,2.91,0.00,Yes,No,No,Compensated Microcytosis
PID_1492,Male,76,15.48,5.99,41.76,69.72,25.84,37.09,18.00,235.00,9.17,0.22,5.20,56.46,32.69,7.94,1.98,0.99,No,No,Yes,Compensated Microcytosis
PID_1493,Male,74,16.87,5.30,50.63,95.53,31.83,33.33,12.03,447.00,9.95,0.45,6.40,68.09,28.58,2.18,1.10,0.00,Yes,Yes,Yes,Non-Anemic
PID_1494,Male,28,16.06,5.47,46.93,85.82,29.36,34.23,18.99,392.00,9.97,0.39,6.40,62.47,26.29,5.00,5.00,1.25,Yes,Yes,No,Compensated Microcytosis
PID_1495,Male,28,15.18,5.13,42.34,82.51,29.62,35.84,11.00,282.00,9.33,0.26,9.00,59.09,30.72,7.92,1.14,1.14,Yes,No,No,Non-Anemic
PID_1496,Male,56,17.02,5.90,46.75,79.23,28.81,36.38,12.03,183.00,10.03,0.18,6.90,55.79,37.46,2.87,2.88,0.96,No,Yes,Yes,Non-Anemic
PID_1497,Male,31,16.71,4.81,45.81,95.24,34.71,36.50,20.03,201.00,9.60,0.19,10.50,57.31,34.92,2.88,3.88,0.97,Yes,Yes,Yes,Compensated Microcytosis
PID_1498,Female,73,13.53,4.80,38.17,79.49,28.19,35.44,12.99,440.00,9.87,0.44,10.90,55.15,34.58,5.60,3.74,0.93,No,Yes,No,Non-Anemic
PID_1499,Female,30,12.66,4.45,35.94,80.79,28.48,35.21,17.03,416.00,9.53,0.40,7.10,54.65,40.01,2.69,2.67,0.00,Yes,No,Yes,Compensated Microcytosis
PID_1500,Male,36,17.05,5.51,49.12,89.18,30.97,34.70,19.99,183.00,9.50,0.17,9.40,66.03,29.28,3.78,0.94,0.00,No,Yes,Yes,Compensated Microcytosis
PID_1501,Female,65,12.40,5.26,35.50,67.51,23.57,34.91,19.98,401.00,9.46,0.38,8.00,59.73,30.57,4.13,4.17,1.39,No,Yes,Yes,Compensated Microcytosis
PID_1502,Female,49,13.71,5.15,41.12,79.85,26.60,33.36,18.98,407.00,8.57,0.35,9.10,51.15,36.94,5.99,4.76,1.19,No,No,No,Compensated Microcytosis
PID_1503,Female,36,14.11,4.29,42.73,99.58,32.88,33.05,10.96,377.00,8.59,0.32,7.90,58.57,30.02,9.98,1.43,0.00,No,No,No,Non-Anemic
PID_1504,Male,37,16.34,6.05,48.06,79.43,26.97,33.97,15.96,232.00,9.11,0.21,8.60,58.68,33.62,2.92,3.85,0.96,Yes,Yes,Yes,Compensated Microcytosis
PID_1505,Female,27,13.88,4.70,41.07,87.39,29.54,33.80,19.97,205.00,9.83,0.20,7.80,52.58,35.94,8.97,2.56,0.00,No,No,No,Compensated Microcytosis
PID_1506,Male,23,14.67,5.93,43.85,73.92,24.73,33.47,18.96,310.00,10.04,0.31,8.80,55.80,35.82,5.25,3.16,0.00,No,No,No,Compensated Microcytosis
PID_1507,Male,36,14.97,5.41,42.97,79.40,27.70,34.86,14.96,396.00,9.10,0.36,7.60,70.45,20.40,8.19,1.02,0.00,Yes,Yes,No,Compensated Microcytosis
PID_1508,Female,19,12.63,4.74,35.94,75.82,26.63,35.15,16.03,302.00,10.13,0.31,11.00,69.01,24.99,4.80,1.19,0.00,Yes,Yes,No,Compensated Microcytosis
PID_1509,Female,25,12.67,4.60,37.15,80.80,27.53,34.10,11.98,201.00,10.12,0.20,6.20,61.72,29.93,4.64,3.74,0.00,Yes,No,Yes,Non-Anemic
PID_1510,Male,67,14.38,5.84,40.20,68.84,24.61,35.74,19.98,407.00,9.88,0.40,6.70,65.97,29.93,2.07,2.06,0.00,Yes,No,No,Compensated Microcytosis
PID_1511,Male,25,17.20,6.07,52.71,86.80,28.36,32.59,11.00,249.00,9.86,0.25,5.60,61.58,29.28,8.10,1.01,0.00,No,Yes,Yes,Non-Anemic
PID_1512,Female,58,14.94,4.73,44.24,93.55,31.57,33.77,15.97,273.00,9.20,0.25,8.80,54.65,36.09,7.40,1.85,0.00,No,Yes,Yes,Compensated Microcytosis
PID_1513,Female,61,12.78,5.28,38.56,73.05,24.21,33.13,15.03,337.00,9.63,0.32,8.20,63.62,29.53,2.26,3.41,1.14,Yes,No,Yes,Compensated Microcytosis
PID_1514,Female,80,12.65,4.69,39.83,84.89,26.94,31.74,15.02,402.00,10.11,0.40,10.50,50.48,39.14,7.24,3.09,0.00,Yes,Yes,No,Compensated Microcytosis
PID_1515,Male,39,16.71,5.88,49.29,83.85,28.44,33.89,16.01,379.00,10.35,0.39,10.70,54.23,36.12,4.86,3.61,1.20,Yes,No,Yes,Compensated Microcytosis
PID_1516,Male,55,16.91,5.08,49.95,98.30,33.27,33.86,10.97,159.00,11.60,0.18,4.20,63.86,24.06,7.44,3.70,0.93,Yes,No,Yes,Non-Anemic
PID_1517,Female,80,14.29,5.25,39.90,76.03,27.22,35.84,19.97,431.00,10.04,0.43,6.40,60.45,27.10,8.32,4.17,0.00,Yes,No,Yes,Compensated Microcytosis
PID_1518,Male,72,15.57,5.27,44.80,85.04,29.55,34.76,17.99,444.00,9.14,0.41,10.50,64.87,29.79,3.18,2.13,0.00,Yes,No,Yes,Compensated Microcytosis
PID_1519,Female,21,13.93,4.34,42.51,97.90,32.09,32.73,12.97,315.00,8.04,0.25,9.70,60.95,28.15,6.38,3.64,0.91,Yes,Yes,No,Non-Anemic
PID_1520,Female,42,13.93,5.11,38.45,75.25,27.28,36.24,15.99,362.00,9.20,0.33,7.80,47.16,42.73,4.47,4.49,1.12,Yes,No,Yes,Compensated Microcytosis
PID_1521,Male,58,15.47,5.07,43.62,86.04,30.49,35.51,14.04,391.00,9.16,0.36,10.30,56.93,34.16,6.32,1.27,1.27,No,Yes,Yes,Non-Anemic
PID_1522,Female,80,14.87,5.34,42.85,80.25,27.82,34.67,16.97,350.00,8.61,0.30,9.30,61.60,26.23,8.05,4.04,0.00,No,Yes,No,Compensated Microcytosis
PID_1523,Male,26,15.62,5.52,46.31,83.87,28.29,33.75,13.96,374.00,10.00,0.38,9.30,54.15,36.69,5.50,3.67,0.00,Yes,Yes,Yes,Non-Anemic
PID_1524,Female,68,14.64,4.88,44.57,91.32,30.00,32.86,12.98,177.00,9.78,0.17,4.40,57.66,29.40,7.08,4.71,1.18,Yes,No,Yes,Non-Anemic
PID_1525,Male,48,15.75,4.89,46.94,96.03,32.20,33.56,18.01,224.00,11.11,0.25,5.70,56.70,35.61,5.75,0.96,0.96,Yes,No,No,Compensated Microcytosis
PID_1526,Female,64,13.92,5.30,39.43,74.42,26.24,35.34,12.96,428.00,9.20,0.39,8.60,59.96,31.79,6.39,1.82,0.00,No,Yes,No,Compensated Microcytosis
PID_1527,Male,24,17.04,5.06,46.99,92.85,33.64,36.23,11.02,292.00,9.61,0.28,6.80,58.66,28.02,7.99,5.33,0.00,No,Yes,Yes,Non-Anemic
PID_1528,Male,34,15.86,4.71,44.24,93.90,33.64,35.86,17.04,430.00,10.05,0.43,6.30,63.61,27.30,6.39,1.82,0.91,Yes,Yes,Yes,Compensated Microcytosis
PID_1529,Male,79,17.04,4.71,51.00,108.32,36.16,33.39,15.98,209.00,9.14,0.19,7.40,62.65,33.67,1.84,1.87,0.00,No,Yes,No,Compensated Microcytosis
PID_1530,Female,47,13.95,5.40,42.72,79.11,25.84,32.66,15.99,241.00,10.10,0.24,8.10,68.74,20.85,8.35,1.04,1.04,No,No,No,Compensated Microcytosis
PID_1531,Male,78,14.73,5.27,43.11,81.83,27.92,34.16,12.98,183.00,9.13,0.17,10.80,51.51,41.26,4.16,3.09,0.00,No,Yes,No,Non-Anemic
PID_1532,Male,70,16.21,6.06,50.85,83.92,26.72,31.85,19.97,425.00,9.20,0.39,5.90,62.38,31.78,4.68,1.18,0.00,No,Yes,No,Compensated Microcytosis
PID_1533,Male,41,16.59,5.05,48.24,95.56,32.82,34.40,13.99,251.00,10.13,0.25,7.10,61.29,28.85,5.37,3.60,0.90,Yes,No,Yes,Non-Anemic
PID_1534,Male,59,14.97,5.13,44.26,86.28,29.17,33.81,18.98,276.00,10.68,0.30,4.90,66.23,27.74,3.58,2.41,0.00,Yes,No,Yes,Compensated Microcytosis
PID_1535,Male,43,15.09,5.58,45.12,80.88,27.07,33.42,16.04,419.00,7.76,0.33,4.30,60.58,33.69,2.90,1.92,0.96,No,Yes,No,Compensated Microcytosis
PID_1536,Female,34,12.16,5.01,37.90,75.67,24.23,32.08,16.02,361.00,8.89,0.32,10.80,53.42,35.95,7.74,1.94,0.97,No,Yes,No,Compensated Microcytosis
PID_1537,Male,41,14.25,5.87,41.17,70.10,24.28,34.63,13.02,212.00,9.17,0.19,10.60,49.48,38.42,6.63,4.40,1.10,Yes,No,Yes,Compensated Microcytosis
PID_1538,Male,55,16.41,5.74,49.19,85.68,28.56,33.38,13.98,377.00,9.63,0.36,4.20,61.05,32.71,1.81,3.54,0.88,Yes,No,No,Non-Anemic
PID_1539,Female,44,14.90,4.42,45.71,103.44,33.73,32.63,15.02,150.00,10.93,0.16,10.60,65.95,28.70,3.19,2.13,0.00,Yes,Yes,Yes,Compensated Microcytosis
PID_1540,Female,20,14.33,5.05,46.90,92.84,28.39,30.52,18.01,370.00,7.82,0.29,10.00,50.02,36.94,8.30,3.57,1.19,Yes,Yes,No,Compensated Microcytosis
PID_1541,Female,60,14.62,5.18,43.04,83.10,28.20,33.94,12.96,269.00,9.61,0.26,4.50,49.97,38.98,7.00,3.00,1.00,No,No,No,Non-Anemic
PID_1542,Male,80,14.70,6.05,40.69,67.27,24.34,36.13,17.99,261.00,11.07,0.29,7.80,63.21,25.31,9.23,1.15,1.15,Yes,Yes,Yes,Compensated Microcytosis
PID_1543,Female,40,14.01,4.87,38.92,79.97,28.76,35.99,19.04,229.00,10.73,0.25,10.50,63.55,26.99,8.07,1.35,0.00,Yes,Yes,No,Compensated Microcytosis
PID_1544,Female,63,13.26,4.49,39.64,88.26,29.54,33.41,13.03,323.00,11.18,0.36,5.20,61.70,34.56,2.83,0.93,0.00,No,No,Yes,Non-Anemic
PID_1545,Male,50,17.08,4.84,51.33,106.07,35.25,33.26,20.03,349.00,10.31,0.36,9.70,61.45,27.67,8.42,2.41,0.00,No,Yes,Yes,Compensated Microcytosis
PID_1546,Male,48,13.89,5.13,40.19,78.37,27.08,34.58,15.01,197.00,11.33,0.22,7.60,49.36,40.97,6.05,3.61,0.00,Yes,No,Yes,Compensated Microcytosis
PID_1547,Male,51,14.08,5.55,42.92,77.34,25.40,32.81,10.98,268.00,10.19,0.27,7.80,54.79,34.26,5.47,5.48,0.00,Yes,Yes,Yes,Compensated Microcytosis
PID_1548,Male,35,15.31,4.74,44.55,93.98,32.31,34.34,20.02,214.00,10.89,0.23,7.20,67.78,25.53,4.43,2.22,0.00,Yes,No,No,Compensated Microcytosis
PID_1549,Female,40,12.76,4.30,36.54,85.00,29.65,34.89,18.96,290.00,8.65,0.25,8.00,58.50,32.97,5.29,2.13,1.06,Yes,Yes,No,Compensated Microcytosis
PID_1550,Female,69,14.40,4.85,40.60,83.68,29.68,35.50,12.03,314.00,9.31,0.29,8.50,60.22,30.13,6.44,2.15,1.08,No,No,Yes,Non-Anemic
PID_1551,Male,36,16.50,5.51,48.70,88.41,29.94,33.90,16.99,298.00,9.18,0.27,8.20,49.35,40.72,4.95,4.94,0.00,Yes,Yes,No,Compensated Microcytosis
PID_1552,Male,23,13.83,5.16,40.97,79.38,26.82,33.77,18.01,404.00,9.55,0.39,8.30,65.83,27.61,2.66,2.63,1.32,Yes,No,Yes,Compensated Microcytosis
PID_1553,Female,58,13.01,4.92,39.49,80.27,26.44,32.93,14.99,437.00,9.16,0.40,6.50,59.99,30.00,8.92,1.11,0.00,Yes,Yes,Yes,Compensated Microcytosis
PID_1554,Male,74,14.64,5.17,44.35,85.75,28.33,33.01,15.02,262.00,9.72,0.25,7.50,59.58,26.62,8.52,4.26,1.06,Yes,Yes,Yes,Compensated Microcytosis
PID_1555,Male,24,16.01,5.51,47.47,86.15,29.09,33.72,18.02,322.00,8.94,0.29,10.20,60.54,31.54,5.24,1.32,1.32,Yes,Yes,Yes,Compensated Microcytosis
PID_1556,Female,43,12.17,4.78,35.34,73.92,25.48,34.44,13.98,439.00,9.97,0.44,7.40,58.04,35.74,3.55,1.79,0.89,No,Yes,Yes,Compensated Microcytosis
PID_1557,Male,27,14.82,5.06,42.23,83.45,29.30,35.10,15.04,403.00,9.49,0.38,10.50,63.05,25.03,8.70,2.17,1.09,No,No,Yes,Compensated Microcytosis
PID_1558,Male,40,14.01,5.72,42.41,74.16,24.46,33.01,13.98,157.00,9.61,0.15,9.00,55.91,33.33,7.86,1.96,0.98,No,No,No,Compensated Microcytosis
PID_1559,Male,79,16.43,4.78,45.91,96.03,34.39,35.77,16.98,286.00,10.13,0.29,11.00,53.71,37.47,4.98,3.75,0.00,No,Yes,No,Compensated Microcytosis
PID_1560,Male,48,15.38,6.00,45.67,76.09,25.67,33.64,17.03,161.00,9.99,0.16,7.20,61.73,30.90,2.92,4.41,0.00,Yes,No,No,Compensated Microcytosis
PID_1561,Male,37,16.03,5.49,47.18,85.90,29.16,33.96,19.97,216.00,9.87,0.21,4.80,56.58,34.89,5.63,2.83,0.00,No,Yes,No,Compensated Microcytosis
PID_1562,Female,24,13.58,4.59,41.02,89.40,29.56,33.09,16.96,237.00,9.03,0.21,5.90,63.47,31.22,4.30,1.08,0.00,No,No,No,Compensated Microcytosis
PID_1563,Female,65,14.15,4.32,45.51,105.39,32.79,31.05,10.97,152.00,9.67,0.15,4.00,57.17,35.69,6.12,1.02,0.00,Yes,Yes,No,Non-Anemic
PID_1564,Female,75,12.78,4.66,36.45,78.21,27.44,35.08,14.03,164.00,9.86,0.16,6.10,53.20,36.67,6.45,2.75,0.92,Yes,No,No,Non-Anemic
PID_1565,Male,26,16.15,5.84,46.30,79.27,27.65,34.89,15.99,193.00,10.42,0.20,5.50,61.39,27.69,7.89,1.98,0.99,Yes,No,Yes,Compensated Microcytosis
PID_1566,Male,39,16.48,5.05,48.96,96.97,32.65,33.66,12.00,213.00,9.28,0.20,5.50,62.96,32.42,2.78,0.93,0.93,No,No,No,Non-Anemic
PID_1567,Male,43,16.62,5.55,48.77,87.84,29.91,34.12,17.03,270.00,9.14,0.25,6.50,55.20,38.12,5.72,0.95,0.00,Yes,Yes,No,Compensated Microcytosis
PID_1568,Female,58,14.17,5.02,40.93,81.53,28.23,34.66,13.00,245.00,9.58,0.23,9.80,64.45,25.58,7.74,2.22,0.00,Yes,No,No,Non-Anemic
PID_1569,Female,28,14.62,5.08,45.51,89.58,28.82,32.14,17.97,226.00,9.17,0.21,7.30,50.01,39.74,7.96,1.14,1.14,Yes,Yes,No,Compensated Microcytosis
PID_1570,Female,73,13.01,5.08,38.99,76.79,25.60,33.39,13.02,441.00,9.70,0.43,6.80,59.64,34.88,1.87,2.75,0.92,No,No,Yes,Compensated Microcytosis
PID_1571,Female,46,13.93,4.80,39.85,83.01,29.02,34.98,19.99,289.00,9.00,0.26,8.90,58.83,30.58,8.25,2.35,0.00,Yes,No,Yes,Compensated Microcytosis
PID_1572,Female,61,14.39,5.08,44.28,87.14,28.31,32.51,19.96,246.00,9.96,0.25,6.40,52.20,39.97,3.30,4.44,0.00,No,Yes,Yes,Compensated Microcytosis
PID_1573,Male,23,15.33,5.01,44.63,89.07,30.58,34.36,17.00,329.00,9.51,0.31,8.40,58.56,32.47,6.28,2.70,0.00,No,No,Yes,Compensated Microcytosis
PID_1574,Male,26,14.81,5.20,45.75,87.98,28.52,32.33,15.99,441.00,9.66,0.42,6.80,52.02,36.74,6.10,4.08,1.02,No,No,Yes,Compensated Microcytosis
PID_1575,Female,65,12.52,4.63,36.23,78.22,27.08,34.58,13.02,320.00,10.16,0.32,8.50,55.46,34.68,7.92,0.99,0.99,No,Yes,Yes,Compensated Microcytosis
PID_1576,Female,49,13.54,4.35,39.87,91.62,31.15,33.97,15.00,369.00,9.94,0.37,5.10,48.75,37.79,7.29,4.88,1.22,No,No,No,Compensated Microcytosis
PID_1577,Female,22,13.57,4.26,42.32,99.34,31.89,32.04,12.99,250.00,9.89,0.25,5.90,59.24,35.91,1.93,2.91,0.00,Yes,Yes,No,Non-Anemic
PID_1578,Male,29,15.84,5.01,44.75,89.29,31.58,35.42,19.98,193.00,8.97,0.17,8.70,59.98,33.34,5.72,0.95,0.00,Yes,Yes,No,Compensated Microcytosis
PID_1579,Female,26,12.56,4.81,37.92,78.82,26.15,33.14,18.01,195.00,9.61,0.19,6.10,53.09,36.72,6.10,4.08,0.00,Yes,Yes,Yes,Compensated Microcytosis
PID_1580,Female,65,12.12,4.45,36.70,82.46,27.25,33.05,13.03,342.00,9.87,0.34,8.10,58.56,34.37,2.06,4.04,1.01,Yes,No,Yes,Non-Anemic
PID_1581,Male,31,15.08,5.73,44.04,76.83,26.32,34.21,16.97,388.00,8.60,0.33,7.10,61.79,33.31,2.98,0.98,0.98,Yes,Yes,No,Compensated Microcytosis
PID_1582,Female,63,14.11,4.68,39.88,85.21,30.17,35.39,10.99,152.00,9.85,0.15,10.60,60.22,29.52,6.79,2.27,1.14,Yes,No,No,Non-Anemic
PID_1583,Male,28,17.15,5.63,52.32,92.95,30.43,32.77,18.99,305.00,9.16,0.28,4.70,52.60,35.88,8.95,2.56,0.00,No,Yes,No,Compensated Microcytosis
PID_1584,Male,68,16.57,5.53,48.63,87.95,29.98,34.04,11.99,326.00,9.83,0.32,7.60,64.45,26.14,7.44,1.87,0.00,No,Yes,Yes,Non-Anemic
PID_1585,Female,37,14.01,5.30,40.59,76.56,26.40,34.51,16.03,326.00,9.15,0.30,4.70,68.01,22.71,8.21,1.03,0.00,Yes,No,Yes,Compensated Microcytosis
PID_1586,Female,59,12.13,4.87,34.82,71.54,24.89,34.81,14.96,200.00,9.87,0.20,9.70,68.91,25.53,2.23,2.22,1.11,Yes,No,No,Compensated Microcytosis
PID_1587,Male,26,14.16,6.05,41.39,68.42,23.38,34.21,15.02,280.00,9.17,0.26,10.50,57.17,32.62,8.17,1.02,1.02,Yes,No,Yes,Compensated Microcytosis
PID_1588,Male,71,15.90,5.53,47.38,85.68,28.74,33.58,13.98,384.00,9.94,0.38,6.60,57.89,33.31,6.17,1.75,0.88,No,No,Yes,Non-Anemic
PID_1589,Male,40,14.90,5.60,45.14,80.57,26.57,33.04,15.04,322.00,7.81,0.25,9.40,54.30,32.06,9.85,2.47,1.23,Yes,Yes,No,Compensated Microcytosis
PID_1590,Male,30,15.45,5.94,45.30,76.28,26.02,34.07,12.00,260.00,10.15,0.26,7.40,57.62,33.72,7.62,1.09,0.00,Yes,No,Yes,Compensated Microcytosis
PID_1591,Female,44,12.57,4.54,38.42,84.65,27.71,32.69,15.02,372.00,9.12,0.34,10.30,64.73,28.40,4.87,0.98,0.98,No,Yes,No,Compensated Microcytosis
PID_1592,Female,40,12.70,4.63,41.65,89.96,27.45,30.51,18.97,340.00,9.90,0.34,7.80,63.15,29.49,3.13,3.16,1.05,No,No,Yes,Compensated Microcytosis
PID_1593,Male,27,14.72,5.50,42.64,77.52,26.74,34.55,18.00,152.00,11.14,0.17,9.50,55.88,36.55,2.15,4.30,1.08,Yes,Yes,No,Compensated Microcytosis
PID_1594,Male,65,15.88,5.75,45.26,78.68,27.64,35.11,17.02,391.00,10.03,0.39,8.40,51.73,37.65,9.43,1.18,0.00,No,Yes,No,Compensated Microcytosis
PID_1595,Male,28,15.96,5.33,51.21,96.06,29.96,31.19,19.96,270.00,7.78,0.21,9.20,62.02,25.99,8.01,4.00,0.00,No,Yes,Yes,Compensated Microcytosis
PID_1596,Male,20,14.68,4.83,44.77,92.70,30.36,32.76,18.03,192.00,9.14,0.18,4.20,71.85,21.91,3.16,2.08,1.04,No,No,No,Compensated Microcytosis
PID_1597,Female,21,14.08,4.46,40.53,90.89,31.60,34.73,15.98,298.00,9.90,0.30,10.70,55.49,33.62,7.25,2.73,0.91,Yes,No,Yes,Compensated Microcytosis
PID_1598,Female,25,14.97,4.96,41.05,82.76,30.21,36.49,15.97,158.00,10.20,0.16,10.80,59.98,25.88,9.42,3.53,1.18,No,No,No,Compensated Microcytosis
PID_1599,Female,20,14.54,5.03,42.73,84.95,28.90,33.99,13.04,175.00,9.15,0.16,6.40,56.78,35.17,5.38,1.80,0.90,No,No,Yes,Non-Anemic
PID_1600,Male,64,16.85,6.04,50.87,84.24,27.87,33.15,13.00,278.00,10.44,0.29,9.30,53.13,36.49,7.29,2.08,1.04,Yes,Yes,No,Non-Anemic
PID_1601,Male,60,15.41,4.94,45.62,92.35,31.23,33.81,12.03,256.00,10.04,0.26,8.50,51.17,39.26,8.35,1.19,0.00,No,No,Yes,Non-Anemic
PID_1602,Female,67,13.97,4.78,39.19,81.99,29.26,35.65,17.99,331.00,9.17,0.30,8.30,69.71,25.26,2.00,2.02,1.01,Yes,No,Yes,Compensated Microcytosis
PID_1603,Male,19,14.55,5.53,43.79,79.19,26.32,33.23,16.03,390.00,9.67,0.38,7.80,63.37,31.66,3.00,0.99,0.99,No,No,No,Compensated Microcytosis
PID_1604,Female,43,12.55,4.86,37.98,78.12,25.86,33.08,11.01,281.00,9.21,0.26,9.70,61.15,31.91,2.75,4.17,0.00,Yes,Yes,No,Compensated Microcytosis
PID_1605,Male,79,13.84,5.04,41.41,82.17,27.43,33.45,14.03,417.00,10.16,0.42,10.10,52.66,38.68,4.28,4.30,0.00,No,Yes,No,Non-Anemic
PID_1606,Male,41,16.70,5.72,50.83,88.85,29.16,32.90,14.01,328.00,7.77,0.26,9.20,59.20,27.59,7.90,5.26,0.00,Yes,No,No,Non-Anemic
PID_1607,Male,45,16.42,6.02,48.09,79.89,27.28,34.14,16.97,257.00,7.51,0.19,8.90,58.11,35.10,2.68,4.05,0.00,Yes,Yes,No,Compensated Microcytosis
PID_1608,Male,58,15.88,5.18,44.17,85.29,30.64,35.92,11.02,241.00,9.17,0.22,8.20,59.54,31.93,6.39,2.13,0.00,Yes,Yes,No,Non-Anemic
PID_1609,Male,67,16.94,5.00,49.26,98.53,33.88,34.37,14.04,187.00,9.91,0.18,6.90,67.33,24.51,6.11,1.02,1.02,No,Yes,Yes,Non-Anemic
PID_1610,Male,23,15.90,5.20,47.18,90.75,30.58,33.73,15.01,187.00,10.41,0.19,6.10,52.40,38.80,4.85,3.88,0.00,No,Yes,Yes,Compensated Microcytosis
PID_1611,Female,79,14.82,4.22,44.04,104.35,35.15,33.63,13.99,417.00,9.18,0.38,7.40,48.80,39.53,9.28,2.33,0.00,No,Yes,No,Non-Anemic
PID_1612,Male,60,14.08,4.73,43.83,92.68,29.73,32.13,16.00,406.00,10.11,0.41,8.10,59.40,34.77,2.91,1.45,1.45,No,No,Yes,Compensated Microcytosis
PID_1613,Female,55,14.94,4.84,42.61,88.04,30.88,35.09,11.99,391.00,10.01,0.39,6.00,54.67,36.02,5.78,3.49,0.00,No,No,Yes,Non-Anemic
PID_1614,Female,69,12.96,4.84,38.22,78.95,26.80,33.92,17.04,173.00,10.11,0.18,9.60,65.79,28.96,3.92,1.32,0.00,No,No,Yes,Compensated Microcytosis
PID_1615,Female,42,12.18,4.39,36.05,82.15,27.75,33.81,13.03,439.00,9.12,0.40,7.10,56.94,34.75,2.78,5.56,0.00,Yes,Yes,Yes,Non-Anemic
PID_1616,Female,71,14.66,5.30,38.75,73.11,27.64,37.85,11.02,196.00,9.65,0.19,10.70,66.64,26.27,6.02,1.01,0.00,No,Yes,Yes,Non-Anemic
PID_1617,Female,24,14.15,4.88,41.18,84.39,29.00,34.38,13.98,390.00,10.93,0.43,10.20,58.92,26.64,8.86,4.44,1.11,No,No,No,Non-Anemic
PID_1618,Female,22,14.07,4.71,42.51,90.25,29.90,33.08,20.04,240.00,9.68,0.23,7.20,63.00,28.02,7.99,1.00,0.00,Yes,Yes,No,Compensated Microcytosis
PID_1619,Female,20,13.11,4.58,39.15,85.44,28.62,33.47,17.01,342.00,10.07,0.34,5.30,54.66,37.05,6.48,0.93,0.93,Yes,No,Yes,Compensated Microcytosis
PID_1620,Male,61,14.01,5.15,39.60,76.88,27.17,35.39,13.99,283.00,7.82,0.22,8.00,69.39,25.52,2.01,2.04,1.02,No,Yes,No,Non-Anemic
PID_1621,Female,32,12.36,4.50,36.21,80.47,27.50,34.12,15.96,364.00,7.76,0.28,6.70,59.42,33.75,5.42,1.35,0.00,Yes,No,Yes,Compensated Microcytosis
PID_1622,Male,65,16.36,5.82,50.69,87.08,28.13,32.27,13.99,315.00,10.08,0.32,8.50,68.09,21.28,7.42,2.13,1.06,Yes,No,Yes,Non-Anemic
PID_1623,Male,52,13.80,5.85,39.31,67.19,23.57,35.07,19.96,433.00,11.37,0.49,9.80,61.47,33.73,2.44,2.41,0.00,No,No,Yes,Compensated Microcytosis
PID_1624,Female,46,15.04,4.79,45.30,94.54,31.42,33.18,14.04,421.00,10.19,0.43,7.40,64.59,26.01,7.32,2.08,0.00,Yes,No,No,Non-Anemic
PID_1625,Male,19,16.94,5.97,46.73,78.32,28.39,36.21,13.04,266.00,10.70,0.28,10.80,55.40,38.56,2.38,2.41,1.20,No,Yes,No,Non-Anemic
PID_1626,Male,42,14.49,4.94,41.05,83.07,29.29,35.30,16.02,350.00,9.30,0.33,6.50,50.67,38.01,6.35,5.06,0.00,Yes,No,No,Compensated Microcytosis
PID_1627,Female,37,13.83,5.19,41.33,79.60,26.62,33.47,12.99,333.00,10.92,0.36,5.20,57.81,31.34,8.41,1.20,1.20,No,Yes,No,Compensated Microcytosis
PID_1628,Female,62,13.22,4.83,37.20,76.99,27.39,35.54,14.96,367.00,9.42,0.35,9.80,54.10,35.26,4.67,4.71,1.18,No,No,No,Compensated Microcytosis
PID_1629,Female,65,14.11,4.91,41.40,84.35,28.74,34.05,11.03,386.00,8.66,0.33,7.80,62.21,29.97,4.48,3.33,0.00,Yes,Yes,No,Non-Anemic
PID_1630,Male,47,16.58,5.87,47.34,80.62,28.24,34.99,12.98,321.00,9.10,0.29,5.20,62.77,24.41,8.15,3.49,1.16,No,No,No,Non-Anemic
PID_1631,Male,50,16.22,5.39,46.90,87.02,30.12,34.56,13.98,252.00,8.91,0.22,7.10,62.75,26.61,8.49,2.13,0.00,No,No,No,Non-Anemic
PID_1632,Male,33,14.82,5.71,44.93,78.68,25.98,32.95,11.99,192.00,10.00,0.19,10.10,48.24,41.36,6.91,3.45,0.00,Yes,Yes,No,Compensated Microcytosis
PID_1633,Female,56,12.60,5.05,37.92,75.11,24.94,33.23,14.97,188.00,10.25,0.19,7.10,56.61,36.35,5.01,1.01,1.01,No,Yes,Yes,Compensated Microcytosis
PID_1634,Female,29,14.35,5.06,40.73,80.53,28.37,35.25,17.97,323.00,9.59,0.31,5.20,57.45,34.63,5.91,1.98,0.00,No,Yes,No,Compensated Microcytosis
PID_1635,Male,31,15.48,4.83,46.07,95.42,32.05,33.64,15.02,172.00,9.75,0.17,10.50,71.14,24.73,3.09,1.03,0.00,No,No,Yes,Compensated Microcytosis
PID_1636,Male,30,14.26,4.82,42.55,88.29,29.62,33.54,13.97,340.00,10.12,0.34,5.60,68.72,26.22,2.50,1.25,1.25,No,Yes,Yes,Non-Anemic
PID_1637,Female,24,12.66,4.94,38.53,78.00,25.65,32.89,13.96,181.00,10.13,0.18,9.90,61.21,28.54,8.13,1.02,1.02,Yes,Yes,No,Compensated Microcytosis
PID_1638,Male,39,16.22,5.13,47.00,91.58,31.62,34.52,17.99,435.00,8.20,0.36,5.30,52.67,30.27,10.53,5.26,1.32,No,No,Yes,Compensated Microcytosis
PID_1639,Male,57,15.60,5.16,42.77,82.90,30.27,36.44,16.00,223.00,9.35,0.21,7.50,60.24,31.66,4.11,3.06,1.02,No,Yes,No,Compensated Microcytosis
PID_1640,Male,22,15.76,5.76,48.17,83.62,27.40,32.74,18.97,215.00,9.62,0.21,5.20,59.01,28.89,8.44,2.41,1.20,Yes,No,Yes,Compensated Microcytosis
PID_1641,Female,71,12.26,5.31,36.03,67.88,23.07,34.01,12.02,203.00,10.37,0.21,4.90,60.66,35.14,2.14,2.13,0.00,Yes,No,No,Compensated Microcytosis
PID_1642,Male,80,13.93,5.74,39.03,67.96,24.25,35.69,10.98,151.00,9.62,0.14,10.20,57.95,32.98,4.51,4.55,0.00,No,Yes,No,Compensated Microcytosis
PID_1643,Male,80,15.26,4.80,45.01,93.74,31.82,33.93,17.96,268.00,9.93,0.27,7.50,62.51,31.27,4.20,1.04,1.04,Yes,No,No,Compensated Microcytosis
PID_1644,Female,27,13.80,4.23,39.95,94.48,32.60,34.51,18.99,290.00,9.89,0.29,9.00,55.28,35.56,7.93,1.32,0.00,Yes,No,No,Compensated Microcytosis
PID_1645,Female,42,12.25,5.38,37.43,69.59,22.74,32.70,17.01,228.00,11.70,0.27,10.20,55.95,33.35,6.42,4.30,0.00,No,No,Yes,Compensated Microcytosis
PID_1646,Male,36,16.88,6.05,48.91,80.85,27.89,34.48,15.99,282.00,8.68,0.25,7.30,49.46,42.97,3.22,4.30,0.00,Yes,No,No,Compensated Microcytosis
PID_1647,Male,74,14.14,5.98,41.86,70.00,23.63,33.82,18.00,213.00,9.78,0.21,10.20,62.67,29.32,6.05,1.01,1.01,No,Yes,Yes,Compensated Microcytosis
PID_1648,Male,78,15.03,5.33,42.72,80.11,28.22,35.21,18.00,270.00,10.64,0.29,10.40,54.53,39.74,2.31,3.41,0.00,No,No,Yes,Compensated Microcytosis
PID_1649,Female,79,13.84,4.59,39.07,85.11,30.13,35.42,11.97,265.00,10.11,0.27,8.50,56.98,34.98,5.02,3.00,0.00,No,Yes,No,Non-Anemic
PID_1650,Female,50,14.48,4.88,39.02,79.92,29.66,37.14,11.01,406.00,9.81,0.40,5.90,66.66,28.77,3.43,1.15,0.00,Yes,No,No,Non-Anemic
PID_1651,Male,40,16.72,4.80,48.19,100.38,34.82,34.67,18.04,311.00,9.53,0.30,8.60,62.73,29.85,3.02,2.99,1.49,No,No,No,Compensated Microcytosis
PID_1652,Female,42,12.38,4.96,36.00,72.61,24.95,34.38,19.02,441.00,10.59,0.47,4.40,55.66,32.90,10.12,1.27,0.00,No,No,Yes,Compensated Microcytosis
PID_1653,Male,33,15.01,5.12,43.85,85.66,29.30,34.25,13.98,303.00,9.31,0.28,8.50,60.36,33.99,2.83,2.83,0.00,Yes,No,No,Non-Anemic
PID_1654,Male,18,15.62,5.71,46.52,81.47,27.37,33.59,18.97,317.00,9.44,0.30,5.30,61.75,34.35,1.94,1.96,0.00,No,Yes,No,Compensated Microcytosis
PID_1655,Male,20,14.27,5.42,41.48,76.50,26.33,34.42,13.98,366.00,9.77,0.36,7.80,46.68,43.30,6.65,3.33,0.00,Yes,No,No,Compensated Microcytosis
PID_1656,Female,60,14.83,5.09,44.08,86.58,29.14,33.69,12.97,283.00,10.16,0.29,5.00,67.31,21.18,7.72,2.88,0.96,Yes,No,No,Non-Anemic
PID_1657,Male,19,15.70,5.76,45.90,79.69,27.25,34.20,15.99,235.00,8.69,0.20,8.90,51.63,38.74,7.56,1.08,1.08,No,No,No,Compensated Microcytosis
PID_1658,Male,51,15.27,5.04,42.92,85.14,30.33,35.60,13.99,238.00,9.31,0.22,6.60,55.68,33.02,6.96,3.48,0.87,Yes,No,No,Non-Anemic
PID_1659,Male,18,15.74,4.82,48.00,99.59,32.67,32.81,13.99,341.00,9.81,0.33,6.50,67.03,26.10,4.51,1.14,1.14,No,Yes,Yes,Non-Anemic
PID_1660,Female,43,14.39,5.20,40.69,78.25,27.64,35.36,10.97,302.00,9.65,0.29,4.40,52.54,40.40,4.07,2.02,1.01,No,Yes,Yes,Non-Anemic
PID_1661,Male,38,16.17,6.06,45.45,74.96,26.66,35.57,18.03,278.00,9.58,0.27,4.60,60.00,35.01,2.51,2.50,0.00,No,No,No,Compensated Microcytosis
PID_1662,Male,66,16.16,4.99,47.73,95.66,32.39,33.89,18.98,355.00,9.88,0.35,10.10,70.48,22.72,2.28,4.55,0.00,Yes,Yes,No,Compensated Microcytosis
PID_1663,Male,56,14.62,5.65,46.48,82.27,25.89,31.46,12.02,160.00,9.37,0.15,7.30,63.06,30.60,3.61,1.80,0.90,Yes,No,No,Compensated Microcytosis
PID_1664,Female,34,13.91,5.13,41.81,81.52,27.13,33.25,13.00,311.00,10.15,0.32,5.10,64.61,28.31,3.06,3.03,1.01,Yes,No,No,Compensated Microcytosis
PID_1665,Male,60,14.16,5.65,39.82,70.46,25.07,35.54,14.99,324.00,9.47,0.31,9.10,62.17,32.42,2.73,1.35,1.35,Yes,No,Yes,Compensated Microcytosis
PID_1666,Male,65,16.53,5.87,48.66,82.89,28.14,34.00,10.97,249.00,9.63,0.24,11.00,56.05,32.94,8.81,2.20,0.00,Yes,No,No,Non-Anemic
PID_1667,Female,45,14.00,4.61,42.68,92.55,30.40,32.80,17.03,443.00,10.32,0.46,6.30,52.52,38.37,5.02,4.04,0.00,Yes,No,No,Compensated Microcytosis
PID_1668,Male,58,15.27,4.88,45.73,93.72,31.29,33.39,17.01,213.00,9.09,0.19,8.80,59.82,34.30,4.87,0.98,0.00,No,No,No,Compensated Microcytosis
PID_1669,Male,23,15.94,5.41,45.53,84.17,29.45,35.02,11.00,331.00,9.72,0.32,4.30,54.11,40.83,2.07,3.06,0.00,No,No,No,Non-Anemic
PID_1670,Female,47,13.35,4.41,38.52,87.31,30.30,34.68,20.02,189.00,8.69,0.16,8.10,53.31,38.11,4.79,3.81,0.00,Yes,No,Yes,Compensated Microcytosis
PID_1671,Male,18,14.02,5.50,41.59,75.59,25.47,33.70,19.97,311.00,10.36,0.32,4.10,53.25,37.67,3.91,3.90,1.30,Yes,Yes,No,Compensated Microcytosis
PID_1672,Male,74,16.76,5.47,49.94,91.29,30.61,33.53,17.99,345.00,9.11,0.31,8.90,60.03,33.07,3.45,3.48,0.00,No,Yes,No,Compensated Microcytosis
PID_1673,Male,65,16.78,6.04,50.04,82.85,27.80,33.51,19.99,278.00,9.72,0.27,4.80,59.15,32.39,2.84,5.63,0.00,No,No,No,Compensated Microcytosis
PID_1674,Male,18,16.86,5.86,51.26,87.45,28.79,32.87,20.01,278.00,9.95,0.28,4.80,61.39,32.68,3.93,0.99,0.99,Yes,No,No,Compensated Microcytosis
PID_1675,Male,53,14.24,4.96,39.62,79.93,28.73,35.98,19.03,441.00,10.03,0.44,5.00,59.50,28.80,7.18,3.60,0.90,Yes,Yes,Yes,Compensated Microcytosis
PID_1676,Male,63,16.05,4.95,47.75,96.44,32.40,33.59,13.97,197.00,10.25,0.20,8.50,57.71,31.95,6.20,3.09,1.03,No,No,Yes,Non-Anemic
PID_1677,Female,73,13.34,4.47,37.62,84.19,29.85,35.43,11.99,311.00,9.80,0.31,6.70,56.98,26.62,10.10,5.06,1.27,Yes,No,No,Non-Anemic
PID_1678,Female,56,12.41,4.43,34.64,78.19,28.00,35.84,20.04,448.00,9.20,0.41,10.80,59.01,35.93,2.59,2.56,0.00,Yes,No,No,Compensated Microcytosis
PID_1679,Male,27,14.41,5.68,40.94,72.05,25.35,35.18,17.96,263.00,10.20,0.27,6.20,65.91,25.29,5.47,3.30,0.00,Yes,Yes,No,Compensated Microcytosis
PID_1680,Male,42,14.59,4.93,43.58,88.36,29.58,33.51,18.01,358.00,9.09,0.33,4.70,57.18,35.74,5.71,1.43,0.00,Yes,Yes,Yes,Compensated Microcytosis
PID_1681,Male,55,14.64,5.72,42.45,74.25,25.61,34.48,11.98,347.00,8.67,0.30,4.30,54.05,39.81,4.08,2.04,0.00,Yes,No,No,Compensated Microcytosis
PID_1682,Female,78,12.24,4.95,36.03,72.80,24.72,33.93,16.98,309.00,9.14,0.28,5.30,57.27,38.17,2.23,2.25,0.00,No,No,No,Compensated Microcytosis
PID_1683,Female,80,12.85,4.70,39.04,83.02,27.34,32.91,11.04,321.00,9.70,0.31,5.10,67.38,26.94,4.49,1.12,0.00,No,Yes,No,Non-Anemic
PID_1684,Female,44,14.85,5.04,43.18,85.66,29.49,34.40,17.98,212.00,10.09,0.21,7.50,57.16,34.50,5.94,1.19,1.19,Yes,No,Yes,Compensated Microcytosis
PID_1685,Male,35,16.48,5.50,50.58,91.93,29.94,32.58,12.03,320.00,9.16,0.29,5.90,54.70,41.03,2.13,2.11,0.00,Yes,No,No,Non-Anemic
PID_1686,Male,42,16.74,5.76,47.25,82.07,29.10,35.41,11.00,306.00,11.62,0.35,10.10,52.51,35.04,6.29,5.00,1.25,Yes,Yes,Yes,Non-Anemic
PID_1687,Male,23,16.36,4.75,48.92,103.01,34.42,33.43,17.98,445.00,10.42,0.46,9.50,54.01,39.96,2.00,4.00,0.00,Yes,No,No,Compensated Microcytosis
PID_1688,Male,19,15.64,5.26,45.68,86.80,29.77,34.23,13.99,376.00,9.19,0.34,8.50,57.54,33.35,8.04,1.01,0.00,Yes,No,Yes,Non-Anemic
PID_1689,Male,18,15.39,5.80,44.82,77.23,26.53,34.34,16.00,232.00,9.62,0.22,7.50,67.01,23.89,4.57,3.41,1.14,Yes,No,No,Compensated Microcytosis
PID_1690,Male,65,16.17,5.07,48.00,94.65,31.89,33.69,18.00,309.00,9.12,0.28,8.10,47.86,42.37,8.67,1.09,0.00,No,No,No,Compensated Microcytosis
PID_1691,Female,54,14.45,4.72,41.64,88.24,30.61,34.67,16.04,441.00,9.16,0.40,6.80,62.21,32.93,2.44,2.44,0.00,Yes,Yes,Yes,Compensated Microcytosis
PID_1692,Female,73,14.18,5.29,42.42,80.15,26.79,33.44,14.98,282.00,9.66,0.27,6.50,68.91,22.22,4.48,3.33,1.11,No,Yes,No,Compensated Microcytosis
PID_1693,Male,35,16.81,5.95,47.97,80.58,28.26,35.07,10.99,390.00,10.11,0.40,9.70,55.88,33.32,7.49,2.15,1.08,Yes,Yes,No,Non-Anemic
PID_1694,Female,74,12.55,4.34,38.75,89.29,28.92,32.40,14.02,291.00,10.34,0.30,7.80,54.66,34.06,8.28,2.06,1.03,Yes,Yes,No,Non-Anemic
PID_1695,Female,60,14.69,4.21,43.01,102.18,34.89,34.18,10.99,315.00,10.20,0.32,10.60,65.84,26.84,4.92,1.22,1.22,No,No,No,Non-Anemic
PID_1696,Female,24,13.39,5.36,36.86,68.77,24.97,36.30,18.99,273.00,11.22,0.31,6.90,56.40,34.08,7.45,2.13,0.00,No,No,Yes,Compensated Microcytosis
PID_1697,Female,53,13.06,5.32,39.82,74.82,24.52,32.79,12.03,202.00,10.28,0.21,4.80,59.79,32.38,4.88,1.96,0.98,No,No,Yes,Compensated Microcytosis
PID_1698,Female,61,12.22,4.59,36.82,80.20,26.60,33.18,13.96,241.00,11.13,0.27,4.90,61.76,29.60,6.20,1.23,1.23,Yes,No,Yes,Compensated Microcytosis
PID_1699,Female,41,14.20,4.64,41.02,88.43,30.60,34.62,19.01,369.00,9.14,0.34,8.20,61.06,27.40,8.44,2.11,1.05,Yes,Yes,Yes,Compensated Microcytosis
PID_1700,Male,53,13.94,5.22,40.74,78.02,26.70,34.19,13.99,328.00,9.64,0.32,5.00,60.58,33.35,1.98,3.03,1.01,No,Yes,Yes,Compensated Microcytosis
PID_1701,Male,75,17.01,5.87,49.42,84.16,28.98,34.43,17.01,313.00,9.18,0.29,8.70,68.03,23.97,4.04,4.00,0.00,No,Yes,No,Compensated Microcytosis
PID_1702,Male,73,15.30,4.89,44.24,90.46,31.30,34.61,17.01,347.00,10.10,0.35,6.00,64.29,23.48,8.16,3.06,1.02,Yes,No,Yes,Compensated Microcytosis
PID_1703,Female,77,13.15,4.94,37.83,76.59,26.62,34.79,15.98,365.00,9.89,0.36,6.20,63.63,25.99,7.79,1.30,1.30,Yes,Yes,No,Compensated Microcytosis
PID_1704,Female,74,13.89,4.64,39.31,84.71,29.93,35.31,16.97,343.00,7.82,0.27,4.70,57.34,37.04,3.41,1.12,1.12,No,No,Yes,Compensated Microcytosis
PID_1705,Male,66,15.10,5.33,43.78,82.12,28.30,34.46,17.03,167.00,10.05,0.17,8.20,64.66,26.86,3.67,3.66,1.22,Yes,No,No,Compensated Microcytosis
PID_1706,Female,51,13.80,4.29,40.94,95.42,32.18,33.68,19.98,267.00,9.19,0.24,8.00,52.97,37.99,5.02,3.00,1.00,No,No,No,Compensated Microcytosis
PID_1707,Female,62,14.34,5.15,41.20,80.00,27.83,34.81,12.02,173.00,10.13,0.18,10.80,51.65,39.79,6.44,1.08,1.08,No,Yes,Yes,Non-Anemic
PID_1708,Female,40,14.73,5.04,40.60,80.56,29.19,36.26,10.97,254.00,9.83,0.25,8.20,52.79,41.55,4.46,1.12,0.00,No,Yes,Yes,Non-Anemic
PID_1709,Male,29,16.26,5.73,48.05,83.82,28.35,33.81,18.02,153.00,7.76,0.12,5.90,62.01,27.01,7.01,4.00,0.00,No,No,Yes,Compensated Microcytosis
PID_1710,Male,29,15.52,5.19,47.27,91.09,29.91,32.81,16.97,218.00,9.85,0.22,8.00,48.21,42.35,8.23,1.18,0.00,Yes,No,Yes,Compensated Microcytosis
PID_1711,Female,39,14.91,4.57,42.20,92.37,32.61,35.32,13.99,222.00,9.66,0.21,7.00,64.44,26.30,3.91,3.95,1.32,Yes,Yes,Yes,Non-Anemic
PID_1712,Male,47,13.91,4.71,41.09,87.19,29.54,33.87,15.00,391.00,9.19,0.36,5.60,61.60,29.48,5.34,2.68,0.89,Yes,No,No,Compensated Microcytosis
PID_1713,Male,56,16.70,4.81,53.20,110.61,34.72,31.41,19.02,449.00,10.15,0.45,4.60,49.99,41.46,6.41,1.06,1.06,No,Yes,Yes,Compensated Microcytosis
PID_1714,Male,69,13.95,4.99,39.84,79.87,27.94,35.00,13.99,282.00,8.08,0.23,10.00,69.99,21.96,4.03,3.00,1.00,No,Yes,Yes,Non-Anemic
PID_1715,Male,34,14.63,6.00,43.86,73.13,24.35,33.36,14.96,271.00,9.60,0.26,8.00,66.36,25.26,5.27,3.16,0.00,Yes,No,Yes,Compensated Microcytosis
PID_1716,Female,37,13.58,4.83,40.07,82.95,28.11,33.89,13.01,310.00,8.57,0.27,4.40,62.70,29.09,4.55,2.73,0.91,Yes,Yes,No,Non-Anemic
PID_1717,Female,46,12.54,4.31,36.46,84.60,29.07,34.37,20.02,356.00,8.65,0.31,6.10,58.60,37.38,2.03,1.01,1.01,Yes,Yes,No,Compensated Microcytosis
PID_1718,Male,57,17.11,5.69,49.99,87.88,30.04,34.25,11.03,202.00,9.15,0.19,6.60,57.28,31.28,7.28,4.17,0.00,Yes,Yes,No,Non-Anemic
PID_1719,Male,41,15.66,6.06,44.93,74.14,25.85,34.81,20.03,219.00,10.09,0.22,6.30,64.37,29.89,2.30,3.45,0.00,Yes,No,No,Compensated Microcytosis
PID_1720,Male,75,13.98,5.65,41.76,73.95,24.76,33.51,13.99,329.00,9.15,0.30,6.10,62.02,27.81,6.48,3.70,0.00,Yes,No,Yes,Compensated Microcytosis
PID_1721,Female,65,13.44,4.54,38.83,85.55,29.61,34.64,13.99,427.00,9.59,0.41,7.00,60.23,29.49,5.10,3.85,1.28,No,No,No,Non-Anemic
PID_1722,Female,26,12.62,5.07,37.46,73.87,24.89,33.67,19.00,205.00,10.10,0.21,8.00,53.80,38.73,2.14,4.30,1.08,No,No,No,Compensated Microcytosis
PID_1723,Male,29,14.68,5.67,42.08,74.22,25.90,34.86,12.98,151.00,10.17,0.15,7.50,49.97,38.99,6.97,3.00,1.00,No,No,No,Compensated Microcytosis
PID_1724,Female,75,14.04,4.94,40.42,81.81,28.46,34.72,19.97,246.00,9.95,0.24,5.20,64.28,24.50,8.17,2.04,1.02,No,No,Yes,Compensated Microcytosis
PID_1725,Male,46,15.25,5.16,46.38,89.87,29.55,32.90,18.00,175.00,9.60,0.17,10.90,58.57,30.32,7.09,3.03,1.01,No,No,No,Compensated Microcytosis
PID_1726,Male,60,16.16,5.80,45.77,78.96,27.82,35.33,12.01,402.00,9.14,0.37,7.50,48.88,40.00,6.66,4.44,0.00,Yes,Yes,No,Non-Anemic
PID_1727,Female,54,13.64,5.40,40.89,75.68,25.29,33.35,12.98,329.00,9.56,0.32,6.90,56.85,35.33,3.93,3.92,0.00,Yes,No,Yes,Compensated Microcytosis
PID_1728,Male,25,15.71,5.72,44.92,78.52,27.47,35.01,11.97,237.00,9.84,0.23,9.10,57.02,34.19,7.04,1.75,0.00,No,Yes,No,Non-Anemic
PID_1729,Female,74,14.09,4.85,40.91,84.39,29.02,34.43,12.03,291.00,10.11,0.29,5.20,67.08,24.70,4.74,2.35,1.18,No,Yes,No,Non-Anemic
PID_1730,Female,35,13.92,4.88,38.45,78.74,28.49,36.23,10.98,363.00,7.81,0.28,9.70,57.68,31.57,7.22,2.70,0.90,Yes,No,No,Non-Anemic
PID_1731,Female,73,12.49,4.46,37.03,82.99,28.04,33.73,17.99,424.00,9.83,0.42,7.10,59.78,32.16,3.44,4.60,0.00,Yes,Yes,No,Compensated Microcytosis
PID_1732,Male,35,16.34,4.86,48.66,100.15,33.62,33.60,10.97,151.00,10.15,0.15,10.20,54.65,37.31,3.97,2.67,1.33,Yes,Yes,Yes,Non-Anemic
PID_1733,Male,80,15.89,5.38,46.77,86.97,29.54,33.98,11.97,322.00,9.16,0.29,6.50,61.08,29.24,5.31,3.54,0.88,No,Yes,No,Non-Anemic
PID_1734,Male,80,14.89,4.89,44.27,90.51,30.47,33.67,17.98,381.00,10.35,0.39,10.90,54.26,37.32,3.62,3.61,1.20,No,No,No,Compensated Microcytosis
PID_1735,Male,37,13.90,5.15,39.76,77.16,27.03,34.96,16.03,250.00,9.20,0.23,9.50,54.35,30.88,9.86,4.94,0.00,Yes,No,No,Compensated Microcytosis
PID_1736,Female,51,12.71,4.88,39.64,81.20,26.03,32.07,10.96,438.00,8.57,0.38,5.50,66.07,26.44,2.81,3.77,0.94,Yes,No,No,Compensated Microcytosis
PID_1737,Female,69,14.89,4.35,45.49,104.57,34.19,32.75,16.96,169.00,9.16,0.15,4.20,63.21,29.90,3.45,2.30,1.15,Yes,Yes,Yes,Compensated Microcytosis
PID_1738,Female,20,13.68,4.80,41.81,87.13,28.47,32.74,14.99,343.00,10.13,0.35,10.40,51.14,37.77,8.86,2.22,0.00,Yes,No,Yes,Compensated Microcytosis
PID_1739,Male,35,17.00,5.14,48.38,94.13,33.08,35.11,16.97,339.00,9.14,0.31,4.30,69.67,21.21,5.02,4.04,0.00,No,No,No,Compensated Microcytosis
PID_1740,Male,46,16.22,5.98,44.99,75.27,27.14,36.02,12.04,330.00,10.01,0.33,9.70,56.54,31.34,8.06,3.03,1.01,Yes,Yes,No,Non-Anemic
PID_1741,Female,37,14.10,4.70,41.62,88.54,29.98,33.88,11.98,285.00,7.84,0.22,10.90,51.67,38.43,6.56,3.30,0.00,Yes,No,No,Non-Anemic
PID_1742,Female,24,14.85,5.29,43.94,83.09,28.03,33.83,12.01,284.00,10.16,0.29,8.30,65.23,26.34,3.15,4.21,1.05,No,No,Yes,Non-Anemic
PID_1743,Male,77,13.98,4.74,41.02,86.52,29.46,34.09,11.97,199.00,9.43,0.19,7.20,59.03,36.16,2.86,0.95,0.95,No,Yes,No,Non-Anemic
PID_1744,Female,40,12.67,4.73,35.80,75.65,26.76,35.42,19.02,186.00,10.33,0.19,5.60,51.07,41.65,2.12,4.17,1.04,Yes,No,No,Compensated Microcytosis
PID_1745,Female,38,12.17,5.24,37.01,70.60,23.22,32.91,18.97,394.00,9.18,0.36,7.00,53.94,39.36,3.33,3.37,0.00,Yes,No,Yes,Compensated Microcytosis
PID_1746,Female,72,13.12,5.33,38.27,71.78,24.59,34.30,14.01,314.00,9.64,0.30,5.20,59.32,33.86,4.20,2.54,0.00,Yes,No,Yes,Compensated Microcytosis
PID_1747,Male,67,16.11,5.44,45.81,84.17,29.64,35.17,20.00,164.00,10.03,0.17,10.60,53.85,32.02,8.98,5.13,0.00,No,No,No,Compensated Microcytosis
PID_1748,Male,43,14.05,5.14,40.61,79.01,27.35,34.59,20.01,360.00,8.56,0.31,5.20,56.97,31.99,7.02,3.00,1.00,No,Yes,Yes,Compensated Microcytosis
PID_1749,Female,26,13.28,4.67,38.80,83.06,28.41,34.25,18.03,345.00,9.14,0.32,9.70,65.52,27.57,2.31,4.60,0.00,No,Yes,Yes,Compensated Microcytosis
PID_1750,Female,30,14.96,4.85,42.50,87.61,30.85,35.21,11.96,363.00,12.29,0.45,7.00,56.13,38.77,3.09,1.02,1.02,No,Yes,Yes,Non-Anemic
PID_1751,Female,27,12.39,4.54,40.28,88.73,27.26,30.74,13.03,380.00,10.14,0.38,6.20,55.72,35.36,6.21,2.65,0.00,No,No,No,Non-Anemic
PID_1752,Male,65,15.10,5.11,43.37,84.90,29.55,34.80,17.03,170.00,10.16,0.17,6.10,58.41,31.68,6.93,2.97,0.00,No,No,Yes,Compensated Microcytosis
PID_1753,Female,74,13.53,4.74,40.73,85.93,28.51,33.25,15.99,237.00,9.08,0.22,6.40,59.75,29.86,8.08,1.15,1.15,Yes,Yes,No,Compensated Microcytosis
PID_1754,Male,70,16.54,5.80,52.01,89.64,28.55,31.83,10.97,373.00,11.64,0.43,6.60,62.93,25.96,7.44,3.70,0.00,Yes,No,No,Non-Anemic
PID_1755,Female,66,13.95,5.30,40.30,76.05,26.30,34.58,19.98,429.00,9.62,0.41,8.00,68.29,25.57,4.91,1.22,0.00,No,No,No,Compensated Microcytosis
PID_1756,Male,55,14.63,5.25,41.04,78.14,27.90,35.64,15.03,314.00,10.12,0.32,7.30,62.51,23.87,9.13,4.55,0.00,No,No,No,Compensated Microcytosis
PID_1757,Female,33,14.35,4.26,42.41,99.56,33.73,33.86,19.99,362.00,10.88,0.39,6.50,74.18,22.48,2.28,1.12,0.00,No,Yes,Yes,Compensated Microcytosis
PID_1758,Female,77,14.55,4.55,41.40,90.95,32.01,35.17,15.98,197.00,8.59,0.17,4.80,59.48,33.63,3.44,3.45,0.00,No,No,No,Compensated Microcytosis
PID_1759,Female,46,13.11,5.17,36.48,70.58,25.35,35.93,19.00,243.00,10.12,0.25,7.50,60.83,27.00,8.13,2.70,1.35,No,No,No,Compensated Microcytosis
PID_1760,Female,78,12.70,5.03,35.70,70.98,25.25,35.55,17.99,256.00,9.13,0.23,7.60,62.72,32.32,1.98,1.96,0.98,Yes,No,No,Compensated Microcytosis
PID_1761,Female,57,13.95,4.58,38.78,84.70,30.47,35.98,12.02,249.00,10.13,0.25,5.70,55.55,37.79,2.24,3.33,1.11,No,No,Yes,Non-Anemic
PID_1762,Male,78,16.58,5.88,47.52,80.79,28.17,34.93,14.00,173.00,8.62,0.15,9.10,60.60,33.31,3.03,2.02,1.01,No,No,Yes,Non-Anemic
PID_1763,Male,80,15.62,5.22,45.82,87.80,29.93,34.09,13.04,413.00,7.58,0.31,6.00,59.45,34.90,3.80,0.94,0.94,Yes,No,Yes,Non-Anemic
PID_1764,Female,67,13.39,4.75,41.74,87.88,28.22,32.12,19.01,338.00,10.40,0.35,7.00,52.98,36.18,7.20,3.61,0.00,No,No,No,Compensated Microcytosis
PID_1765,Male,27,14.39,5.22,42.69,81.80,27.55,33.69,12.99,224.00,9.80,0.22,6.20,66.34,22.81,6.48,3.26,1.09,No,Yes,No,Non-Anemic
PID_1766,Male,39,16.31,5.07,49.44,97.51,32.19,33.01,14.03,239.00,9.70,0.23,5.60,60.74,35.48,1.84,1.87,0.00,Yes,Yes,No,Non-Anemic
PID_1767,Female,24,15.08,4.41,41.20,93.44,34.16,36.61,11.03,204.00,9.71,0.20,4.10,57.73,33.32,5.13,3.85,0.00,Yes,No,No,Non-Anemic
PID_1768,Male,49,15.18,5.05,44.93,88.93,30.04,33.81,11.03,218.00,9.52,0.21,8.40,55.35,32.94,7.42,3.19,1.06,Yes,Yes,No,Non-Anemic
PID_1769,Male,62,14.69,4.88,43.02,88.13,30.13,34.16,17.99,324.00,9.67,0.31,10.40,55.79,39.57,3.47,1.16,0.00,Yes,Yes,No,Compensated Microcytosis
PID_1770,Female,76,12.15,4.98,35.05,70.41,24.41,34.65,17.96,425.00,9.27,0.40,6.50,67.71,22.56,5.38,4.30,0.00,No,No,Yes,Compensated Microcytosis
PID_1771,Male,41,16.59,5.44,48.72,89.55,30.49,34.06,19.01,384.00,8.86,0.34,6.40,61.51,26.96,7.72,2.56,1.28,No,No,No,Compensated Microcytosis
PID_1772,Male,57,15.75,4.97,43.71,87.98,31.67,36.03,18.97,150.00,8.89,0.13,9.20,71.09,22.68,4.16,2.06,0.00,No,No,Yes,Compensated Microcytosis
PID_1773,Male,57,16.89,5.19,50.79,97.87,32.53,33.27,11.99,357.00,9.12,0.33,8.10,55.82,34.85,6.94,2.33,0.00,Yes,No,No,Non-Anemic
PID_1774,Female,77,13.28,4.57,38.79,84.87,29.05,34.24,11.98,215.00,10.38,0.22,7.00,61.89,31.94,4.12,2.06,0.00,No,No,Yes,Non-Anemic
PID_1775,Male,41,17.05,5.59,51.50,92.11,30.47,33.15,18.98,369.00,9.83,0.36,8.80,54.23,36.12,5.99,3.61,0.00,Yes,Yes,Yes,Compensated Microcytosis
PID_1776,Male,80,15.73,6.03,48.53,80.46,26.12,32.40,14.99,360.00,9.74,0.35,6.90,55.96,35.72,7.13,1.19,0.00,Yes,Yes,Yes,Compensated Microcytosis
PID_1777,Male,78,16.61,4.89,49.93,102.09,33.94,33.28,19.98,384.00,9.73,0.37,5.40,58.36,33.35,5.20,2.08,1.04,Yes,No,No,Compensated Microcytosis
PID_1778,Female,42,13.43,4.56,39.55,86.71,29.48,33.93,18.04,206.00,9.55,0.20,10.00,59.20,31.05,5.80,3.88,0.00,Yes,No,Yes,Compensated Microcytosis
PID_1779,Male,56,14.46,5.71,43.18,75.66,25.30,33.44,11.02,444.00,9.70,0.43,4.40,51.58,37.12,8.25,2.06,1.03,No,Yes,Yes,Compensated Microcytosis
PID_1780,Male,28,14.81,5.51,44.65,81.02,26.91,33.21,16.96,414.00,9.31,0.39,6.70,49.97,36.94,8.68,4.35,0.00,Yes,Yes,No,Compensated Microcytosis
PID_1781,Female,78,12.83,5.19,39.71,76.51,24.76,32.31,12.00,151.00,8.84,0.13,5.00,67.85,24.14,6.92,1.15,0.00,Yes,No,Yes,Compensated Microcytosis
PID_1782,Male,58,15.53,5.88,45.81,77.94,26.45,33.92,17.00,228.00,8.89,0.20,4.20,53.80,33.29,8.57,4.30,0.00,Yes,No,No,Compensated Microcytosis
PID_1783,Female,69,13.47,4.26,41.84,98.24,31.60,32.16,12.99,170.00,9.19,0.16,4.90,63.16,29.44,2.07,4.21,1.05,Yes,Yes,No,Non-Anemic
PID_1784,Female,53,13.02,4.53,37.29,82.36,28.72,34.87,19.02,206.00,9.30,0.19,5.20,67.37,24.22,6.35,2.11,0.00,Yes,Yes,No,Compensated Microcytosis
PID_1785,Female,31,14.71,5.04,43.14,85.59,29.17,34.14,19.00,236.00,8.88,0.21,10.70,48.16,39.79,6.00,4.82,1.20,Yes,Yes,No,Compensated Microcytosis
PID_1786,Male,62,16.95,5.56,52.56,94.55,30.52,32.24,12.03,233.00,10.50,0.24,4.30,70.60,23.50,2.39,2.35,1.18,No,No,No,Non-Anemic
PID_1787,Male,68,15.71,5.19,46.72,89.97,30.29,33.63,14.04,412.00,11.03,0.45,4.80,53.16,39.25,6.30,1.27,0.00,Yes,No,Yes,Non-Anemic
PID_1788,Male,33,14.65,5.38,44.26,82.27,27.22,33.13,17.00,173.00,8.95,0.15,6.90,66.69,25.49,3.93,2.94,0.98,Yes,Yes,Yes,Compensated Microcytosis
PID_1789,Male,70,14.09,5.34,40.98,76.73,26.37,34.40,11.02,424.00,9.29,0.39,10.10,57.88,36.26,3.89,1.96,0.00,Yes,No,No,Compensated Microcytosis
PID_1790,Female,65,12.38,4.67,34.77,74.47,26.48,35.58,16.04,183.00,9.33,0.17,10.70,59.47,32.88,6.34,1.27,0.00,Yes,No,Yes,Compensated Microcytosis
PID_1791,Female,73,14.49,4.70,45.64,97.08,30.83,31.73,19.00,198.00,9.35,0.18,4.50,59.16,28.18,8.47,2.82,1.41,No,No,Yes,Compensated Microcytosis
PID_1792,Male,22,15.42,5.16,45.17,87.52,29.91,34.14,16.99,326.00,8.94,0.29,8.30,59.62,30.28,8.06,1.01,1.01,Yes,Yes,No,Compensated Microcytosis
PID_1793,Male,67,14.15,5.49,41.85,76.25,25.74,33.79,13.03,243.00,9.26,0.22,10.90,58.95,28.21,8.98,3.85,0.00,No,Yes,No,Compensated Microcytosis
PID_1794,Male,61,14.25,5.41,40.94,75.69,26.32,34.77,20.00,346.00,9.67,0.34,8.30,53.61,38.17,4.09,3.09,1.03,Yes,No,No,Compensated Microcytosis
PID_1795,Female,80,14.26,4.90,41.63,84.93,29.13,34.28,19.01,418.00,9.39,0.39,6.50,50.49,41.08,6.30,2.11,0.00,No,No,Yes,Compensated Microcytosis
PID_1796,Female,19,14.78,4.99,44.66,89.52,29.64,33.09,16.00,405.00,9.01,0.37,9.50,68.32,26.59,2.50,2.53,0.00,Yes,No,Yes,Compensated Microcytosis
PID_1797,Female,45,14.05,4.67,41.79,89.52,30.08,33.64,19.02,431.00,8.69,0.37,5.70,58.82,31.75,3.54,4.71,1.18,No,No,Yes,Compensated Microcytosis
PID_1798,Female,56,14.83,4.23,44.88,106.06,35.06,33.04,11.96,187.00,9.00,0.17,7.90,49.47,40.20,8.22,2.06,0.00,Yes,Yes,Yes,Non-Anemic
PID_1799,Male,32,14.85,5.50,42.08,76.49,27.03,35.30,10.99,334.00,9.22,0.31,5.80,66.28,27.69,2.40,2.41,1.20,No,Yes,Yes,Compensated Microcytosis
PID_1800,Female,24,13.29,5.11,39.06,76.45,26.00,34.05,13.99,324.00,9.55,0.31,5.00,50.03,42.07,2.29,4.55,1.14,Yes,No,No,Compensated Microcytosis
PID_1801,Male,33,15.64,5.95,43.11,72.41,26.28,36.29,18.97,262.00,9.53,0.25,7.50,60.92,35.22,1.92,1.90,0.00,No,Yes,No,Compensated Microcytosis
PID_1802,Male,25,13.95,5.63,41.12,73.01,24.76,33.90,14.02,297.00,9.51,0.28,5.20,57.15,28.56,8.57,4.29,1.43,Yes,No,No,Compensated Microcytosis
PID_1803,Male,49,16.19,5.26,48.84,92.86,30.80,33.16,14.99,281.00,9.81,0.28,6.90,57.49,32.18,8.08,2.30,0.00,Yes,Yes,Yes,Compensated Microcytosis
PID_1804,Male,43,16.97,5.64,52.73,93.49,30.05,32.19,10.99,357.00,10.34,0.37,7.40,67.36,23.44,5.08,4.08,0.00,Yes,No,Yes,Non-Anemic
PID_1805,Female,38,14.93,4.36,46.90,107.52,34.22,31.87,19.02,179.00,10.83,0.19,10.60,59.32,31.84,4.36,3.30,1.10,Yes,No,No,Compensated Microcytosis
PID_1806,Female,62,15.03,5.04,46.82,92.89,29.81,32.11,12.96,266.00,9.37,0.25,6.60,59.41,29.22,7.55,3.77,0.00,No,No,No,Non-Anemic
PID_1807,Male,27,17.16,5.32,50.00,94.00,32.26,34.30,16.00,273.00,10.62,0.29,9.40,62.48,25.03,7.97,3.41,1.14,No,Yes,No,Compensated Microcytosis
PID_1808,Male,56,15.65,5.32,45.22,85.03,29.42,34.59,15.02,239.00,8.63,0.21,4.40,61.60,29.48,7.14,0.89,0.89,Yes,Yes,No,Compensated Microcytosis
PID_1809,Female,39,13.89,4.59,43.27,94.30,30.24,32.10,17.97,258.00,10.00,0.26,7.40,52.19,41.29,4.37,1.09,1.09,Yes,No,No,Compensated Microcytosis
PID_1810,Male,37,16.49,5.11,47.01,91.99,32.30,35.09,17.98,380.00,8.62,0.33,5.50,66.65,30.33,1.99,1.01,0.00,No,Yes,Yes,Compensated Microcytosis
PID_1811,Female,22,14.24,4.59,42.61,92.79,31.06,33.42,18.97,325.00,9.17,0.30,9.30,55.23,38.58,4.15,1.04,1.04,Yes,Yes,No,Compensated Microcytosis
PID_1812,Male,70,15.39,5.33,45.03,84.47,28.85,34.15,16.03,196.00,9.66,0.19,5.10,64.13,28.27,3.79,2.83,0.94,No,No,No,Compensated Microcytosis
PID_1813,Male,66,16.29,5.17,45.33,87.69,31.52,35.96,16.99,164.00,9.61,0.16,4.60,48.93,43.49,5.45,1.09,1.09,Yes,No,Yes,Compensated Microcytosis
PID_1814,Female,18,13.73,4.93,39.14,79.39,27.82,35.12,10.99,434.00,10.10,0.44,5.40,64.25,26.32,6.29,2.11,1.05,No,Yes,No,Non-Anemic
PID_1815,Male,26,16.67,6.03,49.50,82.10,27.62,33.69,20.04,299.00,10.86,0.33,5.20,68.32,23.75,3.97,2.97,0.99,No,No,Yes,Compensated Microcytosis
PID_1816,Female,39,14.10,4.82,42.82,88.86,29.25,32.94,12.03,188.00,11.09,0.21,10.40,61.65,27.40,5.52,5.48,0.00,No,No,Yes,Non-Anemic
PID_1817,Male,18,14.16,5.42,45.07,83.16,26.09,31.41,15.01,368.00,9.19,0.34,5.80,64.51,27.64,5.23,1.32,1.32,No,Yes,Yes,Compensated Microcytosis
PID_1818,Female,75,13.90,4.80,41.95,87.36,28.97,33.17,12.01,426.00,9.98,0.43,5.00,52.37,41.65,4.73,1.19,0.00,No,Yes,Yes,Non-Anemic
PID_1819,Male,29,15.71,5.28,46.55,88.18,29.76,33.76,11.00,398.00,10.16,0.40,5.60,52.83,36.82,6.58,2.83,0.94,Yes,Yes,Yes,Non-Anemic
PID_1820,Male,67,16.89,4.81,51.47,107.00,35.14,32.81,16.03,212.00,10.89,0.23,7.80,55.11,37.73,5.07,2.04,0.00,Yes,No,No,Compensated Microcytosis
PID_1821,Female,27,15.01,4.99,44.35,88.85,30.06,33.86,17.02,339.00,10.07,0.34,4.40,51.67,38.22,7.83,1.12,1.12,Yes,Yes,Yes,Compensated Microcytosis
PID_1822,Female,61,13.78,5.23,40.42,77.31,26.32,34.06,19.96,221.00,9.67,0.21,8.70,62.15,32.41,2.70,2.70,0.00,Yes,No,Yes,Compensated Microcytosis
PID_1823,Female,67,12.93,4.31,38.33,88.97,30.02,33.73,14.02,167.00,9.42,0.16,5.20,60.96,33.32,4.78,0.95,0.00,No,Yes,Yes,Non-Anemic
PID_1824,Male,70,16.25,5.40,48.92,90.57,30.13,33.22,17.03,164.00,9.87,0.16,7.70,58.06,35.70,2.69,3.57,0.00,No,Yes,Yes,Compensated Microcytosis
PID_1825,Female,41,12.68,4.23,37.07,87.64,30.00,34.24,10.97,384.00,8.65,0.33,8.10,50.51,37.35,8.81,2.20,1.10,Yes,No,No,Non-Anemic
PID_1826,Male,79,14.34,5.65,41.53,73.49,25.39,34.55,13.00,302.00,9.61,0.29,6.20,48.33,43.94,4.39,2.20,1.10,Yes,No,Yes,Compensated Microcytosis
PID_1827,Female,77,13.92,5.37,42.58,79.29,25.89,32.69,11.98,167.00,10.13,0.17,6.80,54.56,35.38,8.06,2.02,0.00,No,Yes,Yes,Compensated Microcytosis
PID_1828,Female,21,14.61,5.37,40.93,76.20,27.21,35.70,17.98,415.00,10.88,0.45,8.20,57.57,36.78,3.74,0.94,0.94,No,No,No,Compensated Microcytosis
PID_1829,Female,71,13.96,5.01,41.20,82.21,27.90,33.86,18.99,382.00,11.09,0.42,8.30,71.39,20.37,5.14,3.06,0.00,Yes,No,Yes,Compensated Microcytosis
PID_1830,Male,67,14.52,6.04,42.68,70.67,24.02,33.99,15.04,341.00,9.18,0.31,4.40,57.69,34.59,2.90,3.85,0.96,Yes,No,Yes,Compensated Microcytosis
PID_1831,Female,32,14.91,4.24,42.78,100.87,35.17,34.88,12.03,444.00,9.99,0.44,5.80,59.78,31.56,6.51,2.17,0.00,No,No,Yes,Non-Anemic
PID_1832,Female,79,13.16,4.33,38.39,88.66,30.39,34.27,11.00,363.00,10.16,0.37,7.80,61.35,27.28,6.81,4.55,0.00,No,Yes,No,Non-Anemic
PID_1833,Female,47,14.95,4.27,42.54,99.61,35.01,35.12,12.96,385.00,10.89,0.42,4.10,66.27,22.86,8.67,2.17,0.00,Yes,No,Yes,Non-Anemic
PID_1834,Female,79,13.34,4.70,38.84,82.67,28.36,34.34,12.03,329.00,10.09,0.33,5.90,56.15,32.57,7.87,3.37,0.00,No,Yes,Yes,Non-Anemic
PID_1835,Female,31,12.84,4.72,38.60,81.77,27.20,33.29,13.00,417.00,9.68,0.40,8.20,59.98,30.51,7.63,1.90,0.00,Yes,Yes,No,Non-Anemic
PID_1836,Male,37,14.00,5.52,40.66,73.64,25.33,34.44,10.96,276.00,9.82,0.27,5.00,59.11,31.20,7.53,1.08,1.08,Yes,No,Yes,Compensated Microcytosis
PID_1837,Female,39,14.16,5.19,43.40,83.63,27.25,32.66,17.02,165.00,10.32,0.17,4.80,51.69,35.98,6.71,4.49,1.12,Yes,No,No,Compensated Microcytosis
PID_1838,Male,47,15.58,5.04,45.65,90.53,30.88,34.09,19.01,326.00,9.67,0.31,5.80,57.78,33.05,7.34,1.83,0.00,Yes,Yes,Yes,Compensated Microcytosis
PID_1839,Female,45,13.26,4.54,39.05,86.03,29.19,33.92,19.00,352.00,10.17,0.36,7.90,59.59,31.28,4.05,4.04,1.01,Yes,Yes,No,Compensated Microcytosis
PID_1840,Female,64,12.55,4.51,37.18,82.41,27.80,33.72,15.98,433.00,10.88,0.47,5.40,57.86,34.20,4.40,3.51,0.00,Yes,No,Yes,Compensated Microcytosis
PID_1841,Male,21,16.71,5.62,49.37,87.88,29.71,33.85,15.98,312.00,11.14,0.35,5.60,56.75,34.27,7.17,0.90,0.90,Yes,No,No,Compensated Microcytosis
PID_1842,Female,46,14.84,5.36,46.75,87.22,27.69,31.76,19.96,247.00,9.17,0.23,8.90,61.88,28.60,5.98,2.38,1.19,Yes,No,No,Compensated Microcytosis
PID_1843,Male,23,16.05,5.60,48.14,85.96,28.65,33.32,11.97,203.00,9.95,0.20,10.40,56.98,36.97,5.03,1.00,0.00,Yes,No,Yes,Non-Anemic
PID_1844,Female,33,13.48,5.36,39.52,73.74,25.13,34.08,13.03,216.00,10.14,0.22,4.40,53.76,35.02,10.00,1.25,0.00,Yes,No,Yes,Compensated Microcytosis
PID_1845,Female,59,13.38,5.18,39.13,75.56,25.83,34.20,16.01,222.00,10.87,0.24,5.30,64.91,26.79,6.15,1.03,1.03,Yes,No,Yes,Compensated Microcytosis
PID_1846,Male,48,13.88,4.80,42.36,88.24,28.93,32.73,10.98,361.00,10.10,0.36,8.60,55.59,36.63,3.35,3.33,1.11,No,No,No,Non-Anemic
PID_1847,Male,59,13.87,5.40,39.05,72.30,25.68,35.52,19.02,286.00,9.66,0.28,10.90,57.37,34.66,2.65,4.00,1.33,Yes,Yes,No,Compensated Microcytosis
PID_1848,Male,42,15.68,6.03,47.57,78.90,26.02,32.95,15.04,395.00,11.90,0.47,9.60,65.79,27.83,2.57,3.80,0.00,No,Yes,Yes,Compensated Microcytosis
PID_1849,Male,50,16.65,5.61,47.35,84.40,29.71,35.12,12.99,300.00,9.79,0.29,4.10,55.06,31.43,9.02,3.37,1.12,Yes,No,Yes,Non-Anemic
PID_1850,Female,45,12.34,4.59,35.76,77.91,26.90,34.53,14.97,307.00,8.43,0.26,6.90,60.46,28.55,8.77,2.20,0.00,No,No,Yes,Compensated Microcytosis
PID_1851,Male,59,16.87,5.98,50.78,84.90,28.24,33.21,14.01,362.00,9.53,0.34,7.20,59.00,31.34,3.61,4.82,1.20,No,Yes,Yes,Non-Anemic
PID_1852,Male,38,15.31,4.74,42.37,89.41,32.27,36.17,16.03,151.00,9.36,0.14,4.90,72.64,23.16,3.12,1.05,0.00,Yes,Yes,Yes,Compensated Microcytosis
PID_1853,Male,78,14.90,5.52,45.75,82.91,26.97,32.59,16.01,302.00,10.74,0.32,8.30,59.45,30.45,4.32,4.35,1.45,No,Yes,Yes,Compensated Microcytosis
PID_1854,Female,55,12.86,5.00,36.64,73.26,25.70,35.12,19.00,238.00,9.56,0.23,7.50,68.46,26.09,2.14,2.17,1.09,Yes,No,No,Compensated Microcytosis
PID_1855,Female,63,13.76,5.17,39.09,75.60,26.65,35.23,16.00,431.00,9.17,0.39,5.40,59.76,29.31,7.63,2.17,1.09,No,No,Yes,Compensated Microcytosis
PID_1856,Male,43,14.07,5.04,42.39,84.08,27.94,33.18,15.01,172.00,10.45,0.18,4.50,59.80,27.21,7.59,4.35,1.09,Yes,No,Yes,Compensated Microcytosis
PID_1857,Male,35,16.59,5.37,46.51,86.62,30.92,35.65,14.02,336.00,9.39,0.32,9.10,58.12,32.41,7.59,1.90,0.00,Yes,Yes,Yes,Non-Anemic
PID_1858,Female,42,12.58,4.29,37.33,87.05,29.36,33.69,14.97,394.00,9.65,0.38,6.40,55.57,34.32,7.06,2.02,1.01,No,No,No,Compensated Microcytosis
PID_1859,Female,54,13.49,5.21,39.28,75.35,25.89,34.34,19.96,404.00,9.21,0.37,9.50,55.34,41.47,2.12,1.06,0.00,No,No,No,Compensated Microcytosis
PID_1860,Male,72,14.71,5.58,42.87,76.82,26.38,34.32,16.97,278.00,9.64,0.27,7.90,65.62,26.25,5.02,2.02,1.01,Yes,Yes,Yes,Compensated Microcytosis
PID_1861,Male,67,14.33,5.50,42.35,77.02,26.02,33.85,18.00,301.00,9.41,0.28,6.60,58.49,31.33,5.97,3.39,0.85,No,No,Yes,Compensated Microcytosis
PID_1862,Female,68,13.81,5.01,39.49,78.82,27.60,34.97,17.02,398.00,9.79,0.39,8.70,51.17,37.52,9.10,1.14,1.14,No,No,Yes,Compensated Microcytosis
PID_1863,Female,78,13.85,4.62,39.63,85.81,29.98,34.97,19.01,222.00,10.16,0.23,8.10,68.51,23.58,5.59,2.25,0.00,Yes,Yes,No,Compensated Microcytosis
PID_1864,Male,77,15.08,5.54,47.27,85.32,27.20,31.87,14.02,222.00,9.78,0.22,4.80,71.42,20.38,4.08,3.06,1.02,No,No,No,Non-Anemic
PID_1865,Female,23,12.56,4.35,35.32,81.20,28.84,35.61,18.99,293.00,8.45,0.25,9.40,62.26,25.51,7.54,3.77,0.94,Yes,Yes,No,Compensated Microcytosis
PID_1866,Female,37,12.95,4.27,40.46,94.77,30.30,32.04,14.04,364.00,9.52,0.35,6.30,64.14,29.38,4.31,1.09,1.09,Yes,Yes,No,Non-Anemic
PID_1867,Female,56,13.41,4.87,38.05,78.14,27.51,35.26,14.02,382.00,9.33,0.36,6.70,60.36,33.66,3.47,1.72,0.86,No,No,No,Non-Anemic
PID_1868,Male,22,14.69,5.45,41.55,76.21,26.96,35.38,17.01,159.00,10.69,0.17,4.00,59.63,32.11,4.58,2.75,0.92,No,Yes,Yes,Compensated Microcytosis
PID_1869,Female,73,12.78,5.20,39.09,75.19,24.60,32.70,19.97,156.00,9.58,0.15,5.80,64.90,22.32,7.44,4.26,1.06,No,Yes,No,Compensated Microcytosis
PID_1870,Male,78,15.02,5.35,44.83,83.77,28.09,33.54,17.00,377.00,9.11,0.34,4.30,58.10,30.48,7.64,3.81,0.00,Yes,Yes,No,Compensated Microcytosis
PID_1871,Male,43,16.15,5.17,49.43,95.63,31.27,32.69,19.97,447.00,10.42,0.47,6.20,62.13,30.66,2.72,3.60,0.90,Yes,Yes,Yes,Compensated Microcytosis
PID_1872,Male,49,16.89,5.04,50.06,99.29,33.54,33.71,10.98,159.00,9.43,0.15,7.80,46.48,46.49,2.29,4.65,0.00,Yes,No,No,Non-Anemic
PID_1873,Female,78,13.60,5.28,40.44,76.59,25.74,33.62,15.03,336.00,9.65,0.32,7.40,59.82,30.73,5.12,3.42,0.85,No,Yes,Yes,Compensated Microcytosis
PID_1874,Female,66,12.59,4.78,36.04,75.39,26.34,34.92,11.00,251.00,9.25,0.23,4.10,66.67,26.68,2.20,3.33,1.11,Yes,No,No,Compensated Microcytosis
PID_1875,Female,80,14.10,5.21,39.64,76.09,27.03,35.56,11.02,418.00,9.64,0.40,8.90,58.72,31.27,6.29,2.50,1.25,Yes,No,Yes,Compensated Microcytosis
PID_1876,Female,52,13.18,4.84,36.94,76.29,27.19,35.69,14.02,337.00,9.38,0.32,8.60,60.02,30.01,5.56,4.44,0.00,No,No,Yes,Non-Anemic
PID_1877,Male,65,15.28,5.09,45.85,90.09,30.04,33.30,18.97,367.00,9.78,0.36,5.30,61.80,30.88,2.94,2.94,1.47,No,Yes,No,Compensated Microcytosis
PID_1878,Female,18,12.45,4.88,36.89,75.55,25.54,33.78,16.96,420.00,10.20,0.43,10.00,55.13,30.80,10.25,3.85,0.00,No,No,No,Compensated Microcytosis
PID_1879,Male,42,14.23,4.91,44.50,90.60,28.98,31.99,17.99,400.00,9.12,0.36,6.60,63.48,24.03,7.72,3.85,0.96,Yes,Yes,No,Compensated Microcytosis
PID_1880,Female,28,13.92,4.47,42.14,94.27,31.16,33.03,17.03,175.00,9.80,0.17,5.70,48.22,44.60,2.39,4.82,0.00,Yes,No,No,Compensated Microcytosis
PID_1881,Male,63,15.87,5.19,45.14,87.00,30.55,35.12,13.97,159.00,9.77,0.16,5.50,55.48,34.66,7.91,0.99,0.99,Yes,Yes,Yes,Non-Anemic
PID_1882,Male,74,17.12,5.65,47.64,84.33,30.26,35.94,20.03,165.00,8.65,0.14,6.90,62.49,30.00,3.75,3.75,0.00,Yes,No,Yes,Compensated Microcytosis
PID_1883,Male,63,15.12,4.97,46.50,93.56,30.44,32.52,20.02,293.00,10.36,0.30,7.80,50.02,38.57,7.26,4.17,0.00,No,No,Yes,Compensated Microcytosis
PID_1884,Female,41,12.34,4.23,37.07,87.65,29.20,33.28,20.01,416.00,10.75,0.45,4.70,58.84,33.68,4.65,2.80,0.00,Yes,No,Yes,Compensated Microcytosis
PID_1885,Female,55,14.13,4.55,41.60,91.39,31.05,33.94,15.99,375.00,10.04,0.38,4.20,57.40,33.70,6.92,0.99,0.99,Yes,No,Yes,Compensated Microcytosis
PID_1886,Female,48,12.90,5.12,37.57,73.36,25.16,34.35,17.00,371.00,9.53,0.35,7.00,64.24,27.40,4.23,3.16,1.05,Yes,Yes,No,Compensated Microcytosis
PID_1887,Female,36,12.32,4.80,37.30,77.74,25.65,33.05,16.98,320.00,10.65,0.34,4.90,68.04,21.68,5.18,4.12,1.03,No,Yes,Yes,Compensated Microcytosis
PID_1888,Male,38,13.96,5.96,40.45,67.88,23.45,34.49,20.00,250.00,9.13,0.23,7.00,61.32,30.15,4.71,3.77,0.00,No,No,Yes,Compensated Microcytosis
PID_1889,Male,61,13.89,5.46,41.55,76.08,25.40,33.40,11.00,447.00,9.30,0.41,5.00,67.02,27.04,4.70,1.18,0.00,No,Yes,Yes,Compensated Microcytosis
PID_1890,Male,32,14.83,5.41,43.64,80.68,27.44,34.00,13.04,164.00,9.54,0.16,9.70,63.31,28.41,4.61,3.67,0.00,No,No,Yes,Non-Anemic
PID_1891,Female,50,13.61,5.01,39.27,78.35,27.13,34.65,17.96,230.00,8.95,0.21,9.20,67.38,21.07,7.39,3.16,1.05,No,Yes,No,Compensated Microcytosis
PID_1892,Female,73,13.54,5.01,39.81,79.45,27.05,34.01,13.02,405.00,9.40,0.38,7.70,61.27,27.97,8.61,2.15,0.00,Yes,No,No,Compensated Microcytosis
PID_1893,Female,58,13.71,4.35,40.95,94.17,31.52,33.50,14.99,188.00,9.22,0.17,8.00,51.43,38.82,5.80,2.91,0.97,Yes,Yes,No,Compensated Microcytosis
PID_1894,Female,18,12.77,4.21,37.70,89.55,30.34,33.84,18.01,405.00,9.08,0.37,5.20,61.98,30.10,5.35,2.65,0.00,No,Yes,Yes,Compensated Microcytosis
PID_1895,Male,26,14.24,5.35,42.01,78.53,26.62,33.89,19.98,175.00,10.41,0.18,9.80,57.32,34.97,3.85,3.88,0.00,No,No,Yes,Compensated Microcytosis
PID_1896,Male,62,14.49,4.94,43.18,87.42,29.35,33.54,14.00,417.00,11.62,0.48,5.80,59.97,33.68,5.30,1.05,0.00,No,No,Yes,Non-Anemic
PID_1897,Female,49,12.31,4.56,36.54,80.15,26.99,33.70,13.02,166.00,9.78,0.16,6.10,65.84,28.09,3.69,2.44,0.00,No,Yes,No,Compensated Microcytosis
PID_1898,Female,64,14.30,5.00,39.81,79.58,28.62,35.93,16.00,354.00,8.64,0.31,8.40,66.65,24.52,6.86,0.98,0.98,Yes,No,Yes,Compensated Microcytosis
PID_1899,Male,18,13.84,5.99,39.92,66.65,23.14,34.66,19.00,409.00,10.39,0.42,7.40,64.02,26.97,4.96,4.00,0.00,No,No,No,Compensated Microcytosis
PID_1900,Male,54,14.34,5.41,42.62,78.81,26.51,33.66,16.03,398.00,10.71,0.43,6.60,47.04,40.01,9.41,2.35,1.18,No,Yes,Yes,Compensated Microcytosis
PID_1901,Male,55,17.02,4.89,48.86,99.87,34.77,34.88,14.02,390.00,10.06,0.39,6.60,68.52,22.48,7.90,1.12,0.00,Yes,Yes,No,Non-Anemic
PID_1902,Female,52,13.25,4.79,39.44,82.29,27.67,33.62,19.03,368.00,9.53,0.35,9.00,54.39,34.98,6.82,3.88,0.00,No,Yes,Yes,Compensated Microcytosis
PID_1903,Female,55,13.95,5.17,39.40,76.25,26.99,35.40,20.02,319.00,10.61,0.34,6.90,66.34,24.22,5.25,4.21,0.00,Yes,Yes,Yes,Compensated Microcytosis
PID_1904,Male,41,16.09,5.09,46.71,91.77,31.61,34.41,16.00,431.00,9.13,0.39,7.90,71.89,21.88,2.05,4.17,0.00,No,No,Yes,Compensated Microcytosis
PID_1905,Male,75,14.53,4.94,42.90,86.84,29.38,33.83,15.96,292.00,9.29,0.27,6.40,67.93,27.14,2.47,1.23,1.23,Yes,Yes,No,Compensated Microcytosis
PID_1906,Female,76,13.97,4.35,40.45,92.98,32.14,34.54,16.02,379.00,9.50,0.36,10.20,45.44,42.04,7.98,3.41,1.14,Yes,No,No,Compensated Microcytosis
PID_1907,Male,43,14.36,5.52,44.71,81.03,26.02,32.12,16.01,400.00,8.99,0.36,10.40,60.58,33.31,3.06,2.02,1.01,Yes,No,Yes,Compensated Microcytosis
PID_1908,Male,65,17.08,5.35,52.32,97.79,31.89,32.67,16.99,355.00,9.39,0.33,4.50,58.70,32.01,2.66,5.33,1.33,Yes,No,Yes,Compensated Microcytosis
PID_1909,Male,47,16.02,5.23,49.19,94.04,30.61,32.61,15.00,187.00,9.24,0.17,5.40,62.20,31.08,4.46,1.11,1.11,No,No,No,Compensated Microcytosis
PID_1910,Female,73,13.47,4.97,39.42,79.33,27.12,34.20,15.97,392.00,9.04,0.36,5.00,73.37,21.28,4.23,1.06,0.00,No,Yes,Yes,Compensated Microcytosis
PID_1911,Male,51,14.47,5.19,40.11,77.27,27.87,36.04,13.99,281.00,10.40,0.29,8.10,66.02,27.19,5.79,0.97,0.00,No,No,No,Non-Anemic
PID_1912,Male,29,15.53,5.46,42.34,77.59,28.46,36.64,17.03,248.00,9.17,0.23,5.90,55.05,35.77,7.37,0.92,0.92,No,No,No,Compensated Microcytosis
PID_1913,Male,46,16.30,5.48,46.89,85.55,29.73,34.77,20.03,366.00,9.69,0.35,6.40,57.57,33.66,4.33,3.26,1.09,Yes,Yes,Yes,Compensated Microcytosis
PID_1914,Male,69,16.16,5.92,46.70,78.90,27.31,34.63,17.02,284.00,10.97,0.31,9.30,62.77,26.43,6.87,2.94,0.98,No,No,No,Compensated Microcytosis
PID_1915,Female,62,14.75,4.92,46.33,94.14,29.95,31.83,16.97,295.00,10.72,0.32,6.30,60.56,32.36,4.21,2.82,0.00,No,Yes,Yes,Compensated Microcytosis
PID_1916,Male,47,16.28,5.67,48.82,86.10,28.72,33.34,11.98,373.00,9.81,0.37,9.60,61.79,28.20,7.27,2.73,0.00,Yes,Yes,Yes,Non-Anemic
PID_1917,Female,23,13.29,4.45,40.21,90.35,29.86,33.02,20.01,311.00,8.89,0.28,4.50,55.35,39.39,3.21,2.13,0.00,Yes,Yes,No,Compensated Microcytosis
PID_1918,Female,39,13.63,5.16,40.99,79.42,26.43,33.22,11.00,198.00,9.18,0.18,4.20,57.48,32.22,6.89,2.30,1.15,No,Yes,Yes,Compensated Microcytosis
PID_1919,Female,74,14.82,4.74,43.85,92.50,31.27,33.81,18.99,296.00,9.22,0.27,5.40,53.74,37.49,7.47,1.25,0.00,No,No,Yes,Compensated Microcytosis
PID_1920,Male,76,15.05,5.87,45.01,76.70,25.65,33.42,13.04,211.00,11.74,0.25,5.00,52.49,33.73,9.97,2.50,1.25,No,No,Yes,Compensated Microcytosis
PID_1921,Male,71,14.21,4.96,44.93,90.62,28.69,31.60,17.98,276.00,10.60,0.29,5.60,48.78,39.28,8.31,3.57,0.00,No,Yes,Yes,Compensated Microcytosis
PID_1922,Female,28,13.04,5.30,37.37,70.49,24.60,34.91,15.01,321.00,10.24,0.33,8.30,59.57,36.15,2.14,1.06,1.06,Yes,Yes,No,Compensated Microcytosis
PID_1923,Male,30,15.07,6.05,46.07,76.12,24.94,32.71,13.04,440.00,11.09,0.49,10.70,55.28,36.15,6.42,1.06,1.06,Yes,Yes,Yes,Compensated Microcytosis
PID_1924,Male,66,15.64,5.76,45.61,79.15,27.14,34.27,12.97,251.00,10.81,0.27,5.70,63.29,30.34,3.79,1.27,1.27,No,No,No,Non-Anemic
PID_1925,Male,53,15.26,5.04,41.82,83.02,30.25,36.51,14.99,377.00,8.87,0.34,8.30,58.65,36.56,3.83,0.96,0.00,No,Yes,No,Compensated Microcytosis
PID_1926,Female,68,13.91,4.85,42.28,87.16,28.70,32.89,13.01,170.00,9.13,0.16,7.30,64.38,27.40,2.71,4.11,1.37,No,No,Yes,Non-Anemic
PID_1927,Male,35,14.60,5.88,47.15,80.18,24.81,30.96,13.97,281.00,9.17,0.26,5.60,53.36,40.03,3.99,1.33,1.33,Yes,No,Yes,Compensated Microcytosis
PID_1928,Male,68,14.62,6.10,43.44,71.20,23.97,33.69,19.96,161.00,9.66,0.16,8.00,58.39,35.96,3.37,2.25,0.00,Yes,Yes,No,Compensated Microcytosis
PID_1929,Male,40,14.80,5.11,41.90,81.99,28.97,35.28,15.98,367.00,11.01,0.40,5.20,63.18,27.62,4.57,3.45,1.15,Yes,Yes,Yes,Compensated Microcytosis
PID_1930,Male,44,15.95,4.74,43.88,92.60,33.68,36.37,14.00,309.00,10.77,0.33,10.60,60.35,34.21,4.53,0.90,0.00,No,Yes,Yes,Non-Anemic
PID_1931,Female,48,14.75,4.29,45.35,105.68,34.34,32.49,11.01,447.00,9.82,0.44,10.30,51.08,44.46,2.19,1.11,1.11,Yes,No,Yes,Non-Anemic
PID_1932,Female,33,14.74,5.12,42.61,83.20,28.76,34.63,19.97,238.00,8.93,0.21,7.70,62.93,30.57,2.81,2.78,0.93,Yes,No,No,Compensated Microcytosis
PID_1933,Female,32,13.10,4.32,39.17,90.71,30.32,33.47,15.02,390.00,9.17,0.36,6.00,54.23,36.11,7.26,1.20,1.20,Yes,Yes,No,Compensated Microcytosis
PID_1934,Female,27,13.90,5.18,41.04,79.19,26.83,33.88,15.00,277.00,9.23,0.25,7.20,52.65,37.90,6.28,2.11,1.05,No,No,Yes,Compensated Microcytosis
PID_1935,Female,69,14.71,5.00,39.57,79.16,29.39,37.20,18.98,319.00,11.73,0.37,4.20,61.92,32.62,3.28,2.17,0.00,Yes,Yes,No,Compensated Microcytosis
PID_1936,Female,56,12.50,4.68,38.82,82.95,26.73,32.19,16.04,216.00,10.59,0.23,10.40,56.28,36.21,3.72,2.50,1.25,Yes,No,No,Compensated Microcytosis
PID_1937,Female,38,13.56,5.34,39.53,73.99,25.40,34.34,11.00,154.00,10.20,0.16,7.20,61.38,30.65,2.27,4.55,1.14,Yes,Yes,No,Compensated Microcytosis
PID_1938,Male,48,15.47,5.86,44.76,76.38,26.39,34.53,17.97,440.00,11.12,0.49,8.20,54.69,37.74,2.81,3.77,0.94,Yes,Yes,No,Compensated Microcytosis
PID_1939,Male,20,15.07,5.94,42.69,71.90,25.37,35.33,18.00,185.00,10.82,0.20,9.20,57.43,34.26,5.55,2.78,0.00,Yes,No,Yes,Compensated Microcytosis
PID_1940,Female,59,14.53,4.32,42.59,98.56,33.60,34.15,17.01,410.00,8.89,0.36,10.00,51.81,36.40,7.24,3.64,0.91,No,Yes,No,Compensated Microcytosis
PID_1941,Male,46,17.10,5.94,49.75,83.76,28.78,34.38,13.99,434.00,9.14,0.40,8.70,54.98,35.16,6.57,3.30,0.00,Yes,Yes,Yes,Non-Anemic
PID_1942,Female,50,13.43,4.29,40.05,93.40,31.29,33.53,18.00,294.00,9.15,0.27,4.10,57.92,30.49,6.32,4.21,1.05,Yes,No,No,Compensated Microcytosis
PID_1943,Female,60,12.57,4.58,36.62,79.94,27.46,34.34,14.02,305.00,9.58,0.29,5.40,56.20,37.13,4.80,1.90,0.00,No,Yes,Yes,Non-Anemic
PID_1944,Male,28,15.15,5.48,45.11,82.34,27.66,33.56,16.98,295.00,9.13,0.27,4.40,61.88,31.56,2.63,2.63,1.32,No,Yes,Yes,Compensated Microcytosis
PID_1945,Male,66,16.72,4.71,48.12,102.20,35.51,34.71,17.97,225.00,9.72,0.22,10.30,56.17,31.47,9.55,1.37,1.37,No,Yes,Yes,Compensated Microcytosis
PID_1946,Male,19,13.85,5.41,41.27,76.30,25.62,33.54,20.02,157.00,8.98,0.14,4.90,62.22,26.65,7.76,2.22,1.11,Yes,No,Yes,Compensated Microcytosis
PID_1947,Female,32,13.95,4.32,40.49,93.73,32.29,34.42,17.03,215.00,9.99,0.21,5.20,53.89,33.29,7.84,3.92,0.98,No,No,Yes,Compensated Microcytosis
PID_1948,Male,59,15.63,5.99,46.02,76.80,26.10,33.99,12.00,447.00,9.49,0.43,8.30,55.81,37.65,5.23,1.30,0.00,No,Yes,No,Compensated Microcytosis
PID_1949,Male,42,16.68,4.87,47.18,96.88,34.23,35.37,19.99,338.00,9.59,0.33,9.40,50.59,40.26,5.76,3.45,0.00,No,No,Yes,Compensated Microcytosis
PID_1950,Male,48,13.96,5.49,41.13,74.92,25.46,33.96,12.98,178.00,10.11,0.18,10.50,71.16,22.66,4.15,2.06,0.00,Yes,No,No,Compensated Microcytosis
PID_1951,Female,19,13.95,4.87,43.77,89.87,28.63,31.90,11.03,316.00,10.01,0.32,10.60,48.25,41.15,9.44,1.18,0.00,Yes,No,No,Non-Anemic
PID_1952,Female,75,14.65,4.33,41.25,95.29,33.81,35.54,16.02,161.00,9.92,0.16,5.20,65.20,25.85,5.62,3.37,0.00,Yes,No,No,Compensated Microcytosis
PID_1953,Female,78,14.42,5.09,43.81,86.07,28.34,32.90,13.03,296.00,8.99,0.27,7.80,66.97,20.01,8.04,4.00,1.00,No,Yes,Yes,Non-Anemic
PID_1954,Male,32,16.61,5.92,50.01,84.49,28.09,33.20,20.03,212.00,9.62,0.20,4.30,62.21,30.59,4.12,2.04,1.02,Yes,No,Yes,Compensated Microcytosis
PID_1955,Male,20,14.01,4.89,42.09,86.07,28.65,33.30,17.00,421.00,9.82,0.41,7.20,58.78,31.95,5.18,3.09,1.03,Yes,Yes,Yes,Compensated Microcytosis
PID_1956,Female,55,14.81,4.22,41.54,98.47,35.11,35.66,19.03,364.00,9.62,0.35,4.90,62.66,26.67,5.37,4.00,1.33,Yes,Yes,Yes,Compensated Microcytosis
PID_1957,Female,73,14.63,5.02,46.54,92.68,29.11,31.40,19.99,190.00,9.42,0.18,5.70,62.95,26.93,7.84,2.25,0.00,Yes,No,No,Compensated Microcytosis
PID_1958,Female,56,13.14,4.25,34.79,81.87,30.91,37.79,14.98,241.00,9.89,0.24,7.50,58.13,32.57,6.95,1.16,1.16,Yes,Yes,Yes,Compensated Microcytosis
PID_1959,Male,31,17.09,5.98,48.46,81.05,28.59,35.29,18.03,306.00,10.10,0.31,7.90,57.70,30.80,7.72,2.56,1.28,No,No,No,Compensated Microcytosis
PID_1960,Male,62,17.04,5.64,49.73,88.20,30.21,34.27,11.04,171.00,10.89,0.19,8.20,61.40,29.68,4.98,3.96,0.00,Yes,No,Yes,Non-Anemic
PID_1961,Male,20,15.63,4.78,46.06,96.32,32.70,33.93,18.02,164.00,9.14,0.15,5.50,62.39,30.66,3.99,2.97,0.00,Yes,Yes,Yes,Compensated Microcytosis
PID_1962,Female,72,13.67,5.35,39.80,74.42,25.54,34.37,19.03,261.00,9.86,0.26,9.80,51.52,40.24,7.24,1.03,0.00,No,Yes,No,Compensated Microcytosis
PID_1963,Male,61,14.73,4.99,42.54,85.29,29.52,34.60,18.00,342.00,10.11,0.35,6.30,57.95,33.34,4.38,4.35,0.00,No,Yes,Yes,Compensated Microcytosis
PID_1964,Female,76,13.92,4.49,40.03,89.16,31.03,34.76,14.00,197.00,9.87,0.19,5.40,54.15,30.58,9.45,4.71,1.18,Yes,No,Yes,Non-Anemic
PID_1965,Male,43,16.17,4.73,46.64,98.61,34.17,34.66,14.02,339.00,9.13,0.31,5.00,63.12,28.95,2.63,3.95,1.32,No,No,No,Non-Anemic
PID_1966,Male,18,15.87,4.98,46.53,93.39,31.87,34.11,19.97,359.00,8.67,0.31,7.50,69.39,20.44,6.13,4.08,0.00,Yes,No,No,Compensated Microcytosis
PID_1967,Female,47,14.36,4.97,42.53,85.58,28.92,33.75,18.04,153.00,10.09,0.15,9.30,66.70,26.02,6.27,1.04,0.00,No,Yes,Yes,Compensated Microcytosis
PID_1968,Male,30,16.59,5.73,49.06,85.64,28.98,33.85,19.97,290.00,9.05,0.26,4.30,55.95,34.85,5.54,3.67,0.00,Yes,Yes,Yes,Compensated Microcytosis
PID_1969,Female,37,14.57,4.95,43.15,87.14,29.44,33.79,17.03,280.00,8.60,0.24,6.20,55.67,33.95,7.53,1.89,0.94,No,Yes,Yes,Compensated Microcytosis
PID_1970,Female,42,14.04,4.95,39.71,80.25,28.35,35.36,18.02,183.00,10.10,0.19,11.00,64.07,28.13,2.28,4.49,1.12,Yes,No,Yes,Compensated Microcytosis
PID_1971,Male,34,15.58,5.99,44.88,74.92,26.05,34.71,20.02,309.00,10.84,0.34,5.50,59.61,33.96,2.73,3.67,0.00,Yes,Yes,No,Compensated Microcytosis
PID_1972,Female,67,14.79,4.90,48.54,99.06,30.21,30.50,15.98,301.00,10.14,0.30,10.20,61.95,30.94,5.31,1.77,0.00,Yes,No,Yes,Compensated Microcytosis
PID_1973,Female,32,12.39,4.75,35.62,74.96,26.07,34.78,11.01,306.00,10.85,0.33,6.20,63.14,30.51,4.22,1.05,1.05,Yes,No,Yes,Compensated Microcytosis
PID_1974,Male,32,15.79,5.71,46.12,80.74,27.69,34.26,16.97,188.00,9.60,0.18,6.50,65.62,27.93,3.22,2.15,1.08,Yes,Yes,No,Compensated Microcytosis
PID_1975,Male,59,14.43,5.88,42.47,72.25,24.51,33.97,18.03,418.00,10.14,0.42,10.00,53.14,35.41,8.33,3.12,0.00,Yes,No,Yes,Compensated Microcytosis
PID_1976,Male,67,14.12,6.06,42.11,69.45,23.30,33.54,18.03,430.00,10.14,0.44,4.00,66.32,25.27,4.21,3.16,1.05,Yes,No,No,Compensated Microcytosis
PID_1977,Female,71,12.68,4.95,35.87,72.48,25.65,35.38,13.97,438.00,11.09,0.49,7.00,67.08,26.58,2.52,2.53,1.27,No,No,Yes,Compensated Microcytosis
PID_1978,Female,26,14.41,4.53,41.01,90.50,31.85,35.15,15.98,270.00,11.05,0.30,10.30,55.11,36.41,5.62,2.80,0.00,Yes,Yes,No,Compensated Microcytosis
PID_1979,Female,37,14.87,5.34,44.96,84.23,27.86,33.09,19.98,413.00,10.62,0.44,6.30,53.92,39.32,2.27,3.37,1.12,No,Yes,Yes,Compensated Microcytosis
PID_1980,Male,68,16.63,4.73,48.22,101.95,35.16,34.50,11.04,355.00,10.06,0.36,7.10,64.07,25.63,6.44,2.56,1.28,No,No,No,Non-Anemic
PID_1981,Male,76,16.89,5.35,51.44,96.14,31.59,32.82,13.97,245.00,9.17,0.22,8.40,62.25,27.74,7.79,1.11,1.11,Yes,No,No,Non-Anemic
PID_1982,Female,77,12.67,5.20,39.17,75.35,24.40,32.33,11.01,223.00,9.64,0.21,7.30,66.02,23.71,7.25,3.09,0.00,Yes,Yes,Yes,Compensated Microcytosis
PID_1983,Male,24,15.15,4.98,45.57,91.49,30.43,33.25,17.00,221.00,9.14,0.20,6.80,64.80,26.10,4.58,4.55,0.00,No,Yes,Yes,Compensated Microcytosis
PID_1984,Male,47,15.56,5.12,44.41,86.75,30.41,35.02,17.97,294.00,9.60,0.28,5.20,55.71,39.78,3.39,1.14,0.00,No,No,Yes,Compensated Microcytosis
PID_1985,Male,34,15.69,5.56,44.65,80.27,28.26,35.15,15.96,387.00,11.03,0.43,7.60,56.34,34.99,3.88,3.88,0.97,No,Yes,Yes,Compensated Microcytosis
PID_1986,Female,55,13.89,4.22,40.13,95.05,32.90,34.64,14.97,191.00,9.91,0.19,7.60,63.56,28.06,7.45,0.93,0.00,Yes,No,Yes,Compensated Microcytosis
PID_1987,Male,26,15.08,5.69,43.25,75.98,26.51,34.84,16.01,279.00,9.92,0.28,10.80,58.65,31.03,5.72,3.45,1.15,Yes,Yes,Yes,Compensated Microcytosis
PID_1988,Female,33,12.15,4.65,35.10,75.51,26.16,34.61,15.00,240.00,9.34,0.22,6.10,56.24,29.97,8.72,3.75,1.25,Yes,Yes,Yes,Compensated Microcytosis
PID_1989,Male,24,13.83,5.95,41.62,69.92,23.22,33.23,15.99,212.00,10.03,0.21,9.70,48.23,47.04,2.39,1.18,1.18,No,No,Yes,Compensated Microcytosis
PID_1990,Female,47,12.16,4.57,35.23,77.10,26.58,34.53,18.00,240.00,10.39,0.25,6.70,61.16,34.95,2.88,0.97,0.00,Yes,Yes,No,Compensated Microcytosis
PID_1991,Female,34,14.27,5.08,40.82,80.37,28.11,34.94,20.03,296.00,10.69,0.32,9.90,65.69,25.23,7.06,1.01,1.01,Yes,Yes,Yes,Compensated Microcytosis
PID_1992,Female,70,14.90,5.23,42.69,81.60,28.52,34.88,18.02,318.00,9.66,0.31,10.20,53.60,36.94,5.92,3.57,0.00,Yes,No,Yes,Compensated Microcytosis
PID_1993,Female,79,13.41,4.23,37.85,89.49,31.70,35.45,18.03,367.00,9.38,0.34,5.30,53.90,36.26,7.84,0.98,0.98,Yes,No,No,Compensated Microcytosis
PID_1994,Male,69,7.30,2.77,20.95,75.63,26.31,34.88,16.41,189.00,9.44,0.18,10.00,49.92,43.10,2.02,4.99,0.00,No,No,Yes,Anemic
PID_1995,Male,69,7.30,2.84,21.21,74.71,25.72,34.44,15.00,180.00,9.68,0.17,10.00,52.44,42.54,3.00,1.00,1.00,No,Yes,No,Anemic
PID_1996,Female,58,9.00,3.97,25.51,64.24,22.70,35.27,16.93,148.00,9.70,0.14,7.20,62.29,31.55,4.11,2.05,0.00,No,No,No,Anemic
PID_1997,Male,74,8.80,3.96,25.91,65.45,22.19,33.98,17.78,207.00,9.01,0.19,6.60,66.26,27.70,2.05,4.05,0.00,Yes,No,No,Anemic
PID_1998,Female,39,14.20,5.15,43.11,83.68,27.60,32.92,14.72,151.00,9.78,0.15,16.70,67.96,19.00,7.98,4.99,0.00,No,No,No,Compensated Microcytosis
PID_1999,Female,44,12.00,4.39,35.50,80.84,27.33,33.78,14.11,194.00,10.00,0.19,9.30,65.05,27.88,3.04,4.07,0.00,No,Yes,No,Non-Anemic
PID_2000,Female,22,13.20,4.85,39.87,82.24,27.25,33.11,14.24,181.00,9.99,0.18,5.20,71.63,19.50,5.94,2.97,0.00,Yes,No,No,Non-Anemic
PID_2001,Female,23,12.40,4.57,37.36,81.72,27.15,33.17,14.62,164.00,10.54,0.17,10.50,77.88,12.25,7.91,1.97,0.00,No,No,No,Compensated Microcytosis
PID_2002,Female,26,11.00,4.31,32.52,75.44,25.52,33.85,14.21,171.00,10.22,0.18,5.60,58.33,36.52,2.02,3.08,0.00,No,No,No,Anemic
PID_2003,Male,74,11.00,4.28,33.28,77.78,25.67,33.08,13.30,88.00,8.55,0.08,8.60,51.99,42.79,4.17,1.03,0.00,No,No,No,Anemic
PID_2004,Female,53,14.60,5.63,43.41,77.14,25.92,33.63,12.94,185.00,9.43,0.17,5.10,61.89,31.97,5.12,1.02,0.00,No,No,No,Compensated Microcytosis
PID_2005,Male,45,13.30,4.62,41.92,90.73,28.79,31.74,15.63,146.00,10.23,0.15,5.20,69.53,23.36,3.03,4.06,0.00,No,Yes,No,Compensated Microcytosis
PID_2006,Male,67,16.50,5.78,48.17,83.30,28.54,34.29,13.59,190.00,9.21,0.17,12.30,71.98,20.95,1.99,5.06,0.00,No,No,No,Non-Anemic
PID_2007,Female,70,14.50,5.30,42.65,80.47,27.38,34.03,15.40,211.00,9.97,0.21,10.40,80.61,9.02,7.55,2.84,0.00,No,No,No,Compensated Microcytosis
PID_2008,Female,54,13.50,5.35,40.88,76.43,25.27,33.01,13.90,202.00,9.89,0.20,4.50,48.49,41.13,5.71,4.73,0.00,No,Yes,No,Compensated Microcytosis
PID_2009,Female,73,9.60,5.05,27.59,54.65,19.05,34.81,15.89,263.00,9.28,0.24,3.10,45.52,48.53,1.96,4.00,0.00,No,No,No,Anemic
PID_2010,Female,28,14.70,5.50,41.85,76.11,26.75,35.13,16.39,139.00,10.04,0.14,4.70,69.76,22.09,7.17,1.03,0.00,No,No,No,Compensated Microcytosis
PID_2011,Female,71,9.60,4.54,29.93,65.93,21.18,32.03,15.70,280.00,9.61,0.27,13.80,68.77,17.92,8.50,4.74,0.00,No,No,No,Anemic
PID_2012,Female,24,9.80,4.77,29.62,62.13,20.56,33.06,14.31,259.00,9.90,0.26,14.30,70.66,18.55,5.87,4.91,0.00,No,No,No,Anemic
PID_2013,Male,30,9.30,3.31,28.12,84.96,28.07,33.07,15.18,160.00,9.54,0.15,6.00,71.38,20.06,7.62,0.95,0.00,No,No,No,Anemic
PID_2014,Male,55,13.10,4.77,39.85,83.53,27.45,32.90,12.24,169.00,9.50,0.16,2.70,49.52,43.45,4.00,3.00,0.00,No,No,No,Non-Anemic
PID_2015,Male,36,10.50,4.26,30.00,70.43,24.64,34.96,12.09,192.00,8.84,0.17,7.30,85.36,8.57,5.05,1.01,0.00,No,No,No,Anemic
PID_2016,Male,65,10.70,3.99,31.69,79.40,26.85,33.79,14.02,226.00,8.25,0.19,6.80,60.05,27.63,7.59,4.73,0.00,No,No,No,Anemic
PID_2017,Male,51,13.80,4.66,40.97,87.96,29.59,33.71,21.32,112.00,9.44,0.11,2.40,64.88,23.62,8.56,2.86,0.00,No,No,No,Compensated Microcytosis
PID_2018,Male,55,11.90,4.29,37.66,87.81,27.74,31.63,16.13,155.00,10.33,0.16,4.00,47.97,45.01,4.05,3.01,0.00,No,Yes,No,Anemic
PID_2019,Female,24,10.00,5.59,28.77,51.46,17.90,34.72,12.88,203.00,9.54,0.19,8.30,74.56,21.19,3.18,1.06,0.00,Yes,Yes,No,Anemic
PID_2020,Female,57,14.40,5.23,44.29,84.64,27.50,32.53,14.19,171.00,9.23,0.16,5.70,64.24,28.72,2.01,5.04,0.00,No,No,No,Non-Anemic
PID_2021,Male,59,9.80,3.72,28.76,77.33,26.35,34.05,15.59,125.00,9.16,0.11,5.40,78.50,10.89,6.72,3.85,0.00,Yes,No,No,Anemic
PID_2022,Male,70,11.40,4.26,33.20,77.95,26.79,34.31,13.82,231.00,9.51,0.22,9.00,72.12,16.90,6.02,5.00,0.00,No,No,No,Anemic
PID_2023,Female,70,10.20,4.18,28.63,68.47,24.38,35.64,13.91,192.00,9.16,0.18,5.20,49.32,42.78,5.96,1.98,0.00,No,No,No,Anemic
PID_2024,Female,36,13.10,5.08,40.40,79.55,25.77,32.46,18.18,88.00,9.68,0.09,5.10,82.09,11.76,2.07,4.10,0.00,No,No,No,Compensated Microcytosis
PID_2025,Male,33,11.50,4.71,37.86,80.40,24.44,30.39,16.07,218.00,8.97,0.20,4.10,55.13,35.11,6.81,2.91,0.00,No,No,Yes,Anemic
PID_2026,Female,47,10.30,4.48,30.10,67.21,22.97,34.22,13.62,126.00,10.01,0.13,4.90,64.18,29.67,2.02,4.08,0.00,No,No,No,Anemic
PID_2027,Female,46,15.90,5.27,43.97,83.43,30.18,36.14,17.39,182.00,9.54,0.17,7.00,69.80,24.02,3.08,3.06,0.00,No,No,No,Compensated Microcytosis
PID_2028,Male,64,9.50,3.84,26.77,69.73,24.74,35.47,12.29,160.00,9.64,0.15,4.90,68.22,20.10,8.72,2.92,0.00,No,No,No,Anemic
PID_2029,Female,76,15.90,5.73,46.42,81.02,27.72,34.22,13.90,119.00,10.12,0.12,6.70,78.52,13.38,4.06,4.06,0.00,No,No,No,Non-Anemic
PID_2030,Female,41,13.80,4.66,41.30,88.61,29.63,33.45,12.21,112.00,10.00,0.11,2.40,65.50,23.86,7.73,2.89,0.00,No,No,No,Non-Anemic
PID_2031,Male,19,11.90,4.47,34.03,76.11,26.61,35.00,12.38,154.00,9.95,0.15,7.90,73.80,17.26,5.94,2.96,0.00,No,No,No,Anemic
PID_2032,Male,67,13.90,5.77,42.34,73.36,24.07,32.85,13.60,164.00,9.02,0.15,12.80,81.25,13.57,3.07,2.07,0.00,Yes,Yes,No,Compensated Microcytosis
PID_2033,Female,67,11.90,4.29,34.42,80.27,27.70,34.56,13.80,155.00,9.64,0.15,4.00,47.01,44.16,3.90,4.92,0.00,No,Yes,No,Anemic
PID_2034,Female,43,14.60,5.95,42.19,70.95,24.52,34.62,18.22,85.00,9.82,0.08,4.20,69.22,21.86,2.97,4.97,0.99,No,No,No,Compensated Microcytosis
PID_2035,Female,32,12.50,4.62,35.44,76.72,27.04,35.25,13.69,169.00,9.63,0.16,4.40,67.37,23.72,6.91,1.98,0.00,No,No,No,Compensated Microcytosis
PID_2036,Male,71,13.70,4.88,36.72,75.27,28.09,37.28,15.28,152.00,9.39,0.14,7.30,70.56,19.71,5.87,3.90,0.00,No,No,No,Compensated Microcytosis
PID_2037,Female,62,12.30,4.53,35.68,78.78,27.13,34.46,15.89,88.00,8.66,0.08,24.40,83.69,7.03,8.15,1.02,0.00,No,No,No,Compensated Microcytosis
PID_2038,Female,23,7.60,4.25,22.76,53.55,17.92,33.39,12.86,215.00,9.11,0.20,4.00,71.50,25.33,2.14,1.06,0.00,No,Yes,No,Anemic
PID_2039,Male,32,11.70,4.35,34.44,79.21,26.88,34.00,14.08,262.00,8.91,0.23,4.70,45.64,51.26,2.13,1.05,0.00,No,No,No,Anemic
PID_2040,Female,21,9.90,4.26,31.06,72.87,23.26,31.92,15.31,144.00,9.99,0.14,4.10,67.29,26.79,3.96,1.98,0.00,No,No,No,Anemic
PID_2041,Female,36,13.40,5.09,40.40,79.37,26.34,33.19,15.30,110.00,10.24,0.11,4.60,69.59,20.62,7.87,1.97,0.00,No,No,No,Compensated Microcytosis
PID_2042,Female,33,11.60,4.67,34.62,74.16,24.84,33.49,14.94,149.00,9.61,0.14,6.90,65.95,22.35,8.80,2.93,0.00,No,No,No,Anemic
PID_2043,Male,70,15.10,4.52,45.25,100.14,33.42,33.41,13.83,135.00,9.68,0.13,8.30,68.11,25.67,5.16,1.03,0.00,No,No,No,Non-Anemic
PID_2044,Female,68,13.50,5.17,39.49,76.39,26.09,34.17,12.62,143.00,10.10,0.14,6.20,73.90,15.10,7.06,4.02,0.00,No,No,No,Compensated Microcytosis
PID_2045,Male,38,11.80,4.86,35.74,73.55,24.26,33.03,14.80,173.00,10.16,0.18,10.80,80.49,11.76,3.94,3.91,0.00,Yes,No,No,Anemic
PID_2046,Female,59,11.10,4.94,31.40,63.53,22.48,35.38,14.84,213.00,9.52,0.20,7.10,65.22,28.76,5.01,1.00,0.00,No,Yes,No,Anemic
PID_2047,Male,66,13.20,5.29,38.82,73.41,24.96,33.98,16.17,194.00,10.01,0.19,5.50,35.54,60.38,3.09,1.02,0.00,No,No,Yes,Compensated Microcytosis
PID_2048,Male,73,10.30,4.05,30.30,74.85,25.44,33.97,13.79,177.00,9.88,0.17,5.00,58.84,33.06,7.05,1.01,0.00,No,No,No,Anemic
PID_2049,Male,32,11.50,4.92,34.22,69.57,23.37,33.63,14.91,127.00,9.36,0.12,13.70,63.37,31.48,3.11,2.05,0.00,No,No,No,Anemic
PID_2050,Female,53,8.90,4.56,26.03,57.10,19.55,34.22,13.93,77.00,8.92,0.07,4.50,50.81,38.68,8.63,1.91,0.00,Yes,No,No,Anemic
PID_2051,Male,46,8.80,4.60,25.15,54.69,19.14,35.01,21.01,91.00,9.79,0.09,4.60,52.19,38.21,7.67,1.92,0.00,No,Yes,No,Anemic
PID_2052,Male,23,14.30,5.22,43.39,83.10,27.41,32.94,18.72,108.00,9.40,0.10,4.50,54.03,35.39,5.79,4.83,0.00,No,No,No,Compensated Microcytosis
PID_2053,Female,58,8.50,3.32,25.59,77.12,25.59,33.22,16.49,221.00,9.66,0.21,11.30,65.39,23.51,7.07,4.02,0.00,No,No,No,Anemic
PID_2054,Male,38,13.70,5.14,40.73,79.25,26.62,33.64,15.17,174.00,10.39,0.18,4.70,48.68,42.36,4.95,3.99,0.00,No,No,No,Compensated Microcytosis
PID_2055,Male,75,10.90,5.34,33.66,63.01,20.38,32.35,19.13,174.00,9.62,0.17,6.00,56.06,32.23,8.84,2.94,0.00,No,No,No,Anemic
PID_2056,Female,80,9.40,3.95,28.47,72.09,23.80,33.00,14.57,166.00,9.88,0.16,3.70,68.80,22.89,6.24,2.09,0.00,No,No,No,Anemic
PID_2057,Female,40,16.70,5.67,49.96,88.12,29.46,33.44,15.89,115.00,9.93,0.11,10.80,72.01,20.60,2.11,5.31,0.00,No,No,No,Compensated Microcytosis
PID_2058,Female,23,8.70,4.35,24.82,57.05,20.01,35.05,15.88,122.00,11.69,0.14,2.90,63.22,27.11,4.86,4.84,0.00,No,No,No,Anemic
PID_2059,Male,56,9.30,4.72,27.10,57.45,19.67,34.32,13.13,227.00,8.70,0.20,7.00,78.32,13.48,4.11,4.11,0.00,No,No,No,Anemic
PID_2060,Male,39,11.50,4.51,33.59,74.52,25.50,34.23,12.57,161.00,9.77,0.16,5.90,60.43,35.43,2.10,2.09,0.00,No,No,No,Anemic
PID_2061,Male,48,10.90,5.07,31.12,61.42,21.48,35.01,16.33,215.00,10.67,0.23,8.30,79.64,8.86,8.66,2.88,0.00,No,No,No,Anemic
PID_2062,Male,46,13.00,5.06,38.42,75.93,25.72,33.84,17.33,136.00,9.04,0.12,11.00,81.98,13.86,2.08,2.10,0.00,No,No,No,Compensated Microcytosis
PID_2063,Male,32,12.30,5.05,35.68,70.63,24.36,34.48,13.90,152.00,10.09,0.15,6.00,69.90,24.81,4.20,1.05,0.00,No,No,No,Anemic
PID_2064,Female,43,9.30,5.25,27.45,52.32,17.74,33.86,12.93,171.00,9.57,0.16,4.20,54.53,36.66,6.90,1.97,0.00,No,Yes,No,Anemic
PID_2065,Male,79,9.30,5.20,27.10,52.11,17.87,34.36,14.89,170.00,11.20,0.19,4.20,56.78,40.11,2.13,1.04,0.00,No,No,No,Anemic
PID_2066,Female,34,12.60,4.40,37.84,86.00,28.67,33.27,13.10,156.00,9.36,0.15,6.60,75.61,15.42,8.00,1.00,0.00,No,No,No,Non-Anemic
PID_2067,Male,18,11.50,4.12,37.01,89.87,27.94,31.04,14.57,169.00,10.45,0.18,6.20,72.96,19.05,5.01,3.00,0.00,No,No,No,Anemic
PID_2068,Male,73,9.50,4.24,28.07,66.19,22.40,33.88,15.80,217.00,9.49,0.21,5.70,63.73,32.11,2.11,2.08,0.00,Yes,No,No,Anemic
PID_2069,Female,78,15.10,5.01,42.29,84.42,30.13,35.68,18.58,127.00,10.03,0.13,5.70,60.24,33.60,5.16,1.03,0.00,No,No,No,Compensated Microcytosis
PID_2070,Female,53,12.30,3.95,35.03,88.72,31.16,35.15,13.13,132.00,9.52,0.13,6.80,84.93,9.90,3.07,2.06,0.00,No,No,No,Non-Anemic
PID_2071,Male,56,14.60,5.06,41.53,82.09,28.84,35.13,14.61,177.00,9.37,0.17,6.40,78.81,12.45,4.88,3.91,0.00,No,No,No,Compensated Microcytosis
PID_2072,Male,25,13.60,4.66,38.33,82.25,29.21,35.45,14.91,140.00,9.08,0.13,6.40,62.81,27.30,5.96,3.96,0.00,No,No,No,Compensated Microcytosis
PID_2073,Male,71,11.50,5.12,33.72,65.89,22.50,34.08,14.20,187.00,8.11,0.15,6.50,54.24,35.88,4.91,4.93,0.00,No,Yes,No,Anemic
PID_2074,Male,72,12.90,5.20,37.68,72.44,24.80,34.25,13.58,152.00,9.72,0.15,7.40,77.61,14.36,4.03,3.99,0.00,No,No,No,Anemic
PID_2075,Male,57,10.50,3.10,31.57,101.84,33.86,33.25,16.81,77.00,9.48,0.07,6.00,78.72,9.01,8.51,2.82,0.94,No,No,No,Anemic
PID_2076,Male,25,10.80,3.15,32.12,102.00,34.25,33.63,11.78,80.00,10.63,0.09,5.90,83.96,9.15,5.94,0.98,0.00,No,No,No,Anemic
PID_2077,Female,38,9.30,4.28,26.77,62.54,21.75,34.74,15.31,244.00,9.87,0.24,8.60,46.03,39.90,8.40,4.68,0.94,No,No,No,Anemic
PID_2078,Male,26,15.60,5.34,44.01,82.39,29.20,35.44,21.23,117.00,11.39,0.13,9.80,73.62,15.69,6.80,2.92,0.97,No,No,No,Compensated Microcytosis
PID_2079,Male,27,10.40,4.71,30.74,65.23,22.07,33.84,13.67,205.00,9.38,0.19,4.70,60.72,28.50,8.81,1.95,0.00,No,No,No,Anemic
PID_2080,Female,27,8.70,3.59,26.00,72.46,24.20,33.49,13.89,122.00,9.28,0.11,8.50,74.40,20.42,3.11,1.04,1.04,Yes,No,No,Anemic
PID_2081,Male,69,14.90,5.22,43.82,83.93,28.58,33.97,13.21,132.00,9.15,0.12,3.20,55.72,35.31,3.99,3.97,0.99,No,No,No,Non-Anemic
PID_2082,Female,56,11.70,4.40,33.70,76.59,26.57,34.71,13.64,210.00,8.91,0.19,5.20,59.17,32.83,6.99,1.00,0.00,No,No,No,Anemic
PID_2083,Male,41,12.30,5.35,38.12,71.24,23.01,32.27,14.17,101.00,8.33,0.08,3.00,72.01,20.05,4.91,1.98,0.99,No,No,No,Anemic
PID_2084,Male,46,10.00,3.81,32.01,83.98,26.25,31.20,11.32,135.00,9.16,0.12,15.40,78.75,9.62,5.80,4.85,0.97,Yes,No,Yes,Anemic
PID_2085,Male,43,12.60,4.36,37.79,86.71,28.87,33.32,15.08,127.00,8.42,0.11,6.50,59.09,32.87,2.99,5.03,0.00,No,No,No,Anemic
PID_2086,Female,32,11.10,4.10,34.12,83.25,27.07,32.54,13.56,189.00,9.73,0.18,8.30,67.41,22.67,3.91,4.94,0.99,No,Yes,No,Anemic
PID_2087,Female,40,9.60,3.44,28.75,83.60,27.87,33.40,16.80,133.00,9.27,0.12,2.80,43.38,45.96,6.80,3.89,0.00,No,No,No,Anemic
PID_2088,Female,18,11.20,4.02,33.11,82.41,27.88,33.85,15.11,125.00,9.64,0.12,6.20,59.99,29.47,6.71,2.89,0.96,No,No,No,Anemic
PID_2089,Male,47,11.30,4.21,33.78,80.20,26.87,33.44,12.71,363.00,9.82,0.36,17.10,64.35,29.36,3.17,3.15,0.00,No,No,No,Anemic
PID_2090,Male,52,12.70,5.20,35.53,68.32,24.41,35.74,14.62,161.00,9.17,0.15,7.80,66.97,24.11,7.95,1.00,0.00,No,No,No,Anemic
PID_2091,Female,46,12.90,4.73,37.51,79.34,27.28,34.37,10.61,108.00,9.37,0.10,6.00,60.68,30.33,4.98,3.98,0.00,Yes,No,Yes,Non-Anemic
PID_2092,Female,80,10.80,3.79,31.43,82.90,28.49,34.37,12.67,212.00,10.33,0.22,8.30,64.89,26.10,3.00,4.99,1.00,Yes,No,No,Anemic
PID_2093,Female,71,8.30,3.48,23.89,68.65,23.87,34.76,18.04,385.00,9.90,0.38,6.20,56.16,32.19,6.78,4.86,0.00,No,No,No,Anemic
PID_2094,Female,26,9.80,4.03,30.03,74.49,24.33,32.64,18.33,115.00,9.76,0.11,7.20,76.03,19.77,2.11,2.10,0.00,No,No,No,Anemic
PID_2095,Male,55,5.90,2.55,16.74,65.64,23.13,35.27,14.93,75.00,11.75,0.09,5.80,74.52,19.47,3.99,2.01,0.00,No,No,No,Anemic
PID_2096,Male,72,10.50,4.07,30.97,76.12,25.80,33.94,15.00,126.00,9.68,0.12,5.60,65.98,25.98,2.99,5.00,0.00,No,No,Yes,Anemic
PID_2097,Male,69,11.20,3.85,32.18,83.56,29.10,34.76,13.23,243.00,9.20,0.22,8.50,60.51,26.91,7.73,4.84,0.00,No,No,No,Anemic
PID_2098,Male,42,11.80,4.33,36.07,83.31,27.28,32.71,19.92,184.00,9.76,0.18,3.20,47.30,41.75,6.92,3.96,0.00,No,No,No,Anemic
PID_2099,Male,25,14.20,5.06,44.19,87.31,28.06,32.16,15.49,136.00,9.16,0.12,6.30,69.95,22.05,5.00,3.00,0.00,No,No,No,Compensated Microcytosis
PID_2100,Male,27,11.90,4.70,34.02,72.39,25.28,34.97,16.00,163.00,9.65,0.16,9.00,59.22,30.12,8.75,1.94,0.00,No,No,No,Anemic
PID_2101,Male,35,7.20,3.62,20.90,57.72,19.85,34.46,14.68,229.00,9.58,0.22,13.50,72.92,16.82,7.13,3.06,0.00,No,No,No,Anemic
PID_2102,Female,18,10.80,4.47,32.81,73.40,24.14,32.96,13.30,135.00,9.42,0.13,12.50,68.85,21.99,5.02,4.04,0.00,No,No,No,Anemic
PID_2103,Female,43,9.00,3.42,27.31,79.88,26.32,32.95,18.32,202.00,8.37,0.17,7.30,69.32,22.54,3.04,5.08,0.00,No,No,Yes,Anemic
PID_2104,Male,79,8.60,3.55,24.33,68.49,24.25,35.33,14.38,17.00,9.28,0.02,2.50,55.28,36.74,4.96,3.00,0.00,No,No,No,Anemic
PID_2105,Female,24,8.70,3.58,26.71,74.65,24.29,32.59,13.82,46.00,10.31,0.05,2.40,55.90,33.51,5.72,4.79,0.00,No,No,No,Anemic
PID_2106,Female,70,9.20,3.87,25.58,66.05,23.80,35.96,14.07,175.00,9.00,0.16,4.80,51.40,38.07,5.79,4.79,0.00,No,No,No,Anemic
PID_2107,Female,52,14.20,5.25,43.14,82.19,27.01,32.89,14.70,106.00,9.86,0.10,7.60,65.27,27.77,5.99,1.00,0.00,No,No,No,Compensated Microcytosis
PID_2108,Male,64,10.00,3.90,28.76,73.72,25.68,34.74,14.20,190.00,9.13,0.17,5.30,68.29,20.91,7.86,2.94,0.00,No,No,No,Anemic
PID_2109,Female,25,11.50,4.86,34.22,70.39,23.69,33.62,15.08,163.00,8.64,0.14,7.60,73.26,15.91,7.94,2.96,0.00,No,No,No,Anemic
PID_2110,Male,80,11.10,5.10,31.97,62.69,21.79,34.75,13.43,161.00,10.07,0.16,5.70,64.28,28.67,2.02,5.06,0.00,No,No,No,Anemic
PID_2111,Male,25,11.60,4.38,34.79,79.41,26.48,33.34,15.51,152.00,9.17,0.14,12.20,77.41,11.16,7.59,3.81,0.00,No,No,No,Anemic
PID_2112,Female,73,11.80,4.37,34.91,79.90,26.98,33.77,14.31,146.00,10.05,0.15,6.50,74.14,15.95,8.93,0.99,0.00,No,No,No,Anemic
PID_2113,Female,36,14.00,5.11,41.12,80.47,27.40,34.07,14.86,143.00,10.69,0.15,8.30,67.68,24.24,3.01,5.03,0.00,No,No,No,Compensated Microcytosis
PID_2114,Male,54,13.20,4.79,40.25,84.03,27.53,32.81,14.74,168.00,10.14,0.17,8.00,56.13,35.04,6.87,1.97,0.00,No,No,Yes,Compensated Microcytosis
PID_2115,Male,64,6.80,3.85,19.49,50.62,17.70,34.90,13.28,148.00,9.94,0.15,14.00,75.84,15.00,7.18,2.04,0.00,No,No,No,Anemic
PID_2116,Female,36,10.60,4.70,31.75,67.55,22.54,33.40,17.91,508.00,9.50,0.48,21.70,83.87,12.93,2.08,1.05,0.00,No,No,No,Anemic
PID_2117,Female,43,12.30,4.65,36.47,78.42,26.48,33.73,19.49,155.00,9.87,0.15,8.40,71.38,16.71,7.96,3.98,0.00,No,No,Yes,Compensated Microcytosis
PID_2118,Female,62,12.30,4.58,37.49,81.83,26.85,32.82,12.43,271.00,9.80,0.27,9.60,67.21,19.60,8.51,4.71,0.00,No,No,No,Compensated Microcytosis
PID_2119,Male,47,12.70,4.87,41.07,84.29,26.07,30.94,13.47,196.00,9.68,0.19,5.40,49.06,43.06,4.96,2.96,0.00,No,No,No,Anemic
PID_2120,Male,37,5.00,3.18,14.81,46.54,15.72,33.76,16.97,299.00,9.67,0.29,5.30,39.55,57.31,2.09,1.04,0.00,No,No,No,Anemic
PID_2121,Female,31,13.40,4.87,36.32,74.62,27.53,36.91,16.04,192.00,8.33,0.16,10.80,77.19,10.35,8.66,3.83,0.00,No,No,No,Compensated Microcytosis
PID_2122,Male,68,6.20,2.56,17.74,69.32,24.22,34.92,15.23,251.00,9.63,0.24,14.00,75.21,16.57,5.17,3.08,0.00,Yes,Yes,No,Anemic
PID_2123,Female,41,7.50,3.88,22.07,56.90,19.35,33.96,16.03,132.00,9.10,0.12,14.30,78.07,10.94,8.94,1.99,0.00,No,No,No,Anemic
PID_2124,Female,49,7.50,3.88,22.27,57.38,19.29,33.72,16.23,130.00,10.67,0.14,13.80,81.66,11.11,5.16,2.07,0.00,No,No,No,Anemic
PID_2125,Male,73,11.80,5.75,34.68,60.31,20.52,34.00,13.32,160.00,9.97,0.16,6.60,66.67,26.09,4.10,3.08,0.00,No,No,No,Anemic
PID_2126,Female,74,14.40,5.29,41.55,78.56,27.19,34.69,16.08,205.00,9.74,0.20,8.20,55.83,34.20,8.90,0.99,0.00,No,No,No,Compensated Microcytosis
PID_2127,Male,74,13.00,5.36,39.90,74.41,24.24,32.57,14.26,173.00,9.17,0.16,8.00,63.16,27.94,6.91,1.98,0.00,No,No,No,Compensated Microcytosis
PID_2128,Female,59,9.30,4.62,26.32,57.00,20.13,35.36,14.54,309.00,10.39,0.32,6.50,59.01,30.26,5.88,4.88,0.00,No,Yes,No,Anemic
PID_2129,Male,19,12.40,4.73,35.57,75.22,26.22,34.82,14.78,200.00,10.33,0.21,5.20,50.65,38.76,7.69,2.89,0.00,No,No,No,Anemic
PID_2130,Female,34,9.30,4.90,26.68,54.40,18.97,34.88,12.28,132.00,10.42,0.14,3.70,70.38,21.48,5.12,3.05,0.00,Yes,No,No,Anemic
PID_2131,Male,59,7.30,3.99,21.14,52.97,18.31,34.57,16.73,146.00,8.77,0.13,0.80,48.53,45.47,4.00,2.01,0.00,No,No,No,Anemic
PID_2132,Male,60,10.10,4.21,29.69,70.51,24.02,34.01,16.64,236.00,9.51,0.22,7.70,60.00,30.34,8.72,0.97,0.00,No,No,No,Anemic
PID_2133,Male,69,8.50,4.40,24.42,55.52,19.35,34.84,13.96,222.00,9.96,0.22,16.10,72.27,15.73,7.03,5.03,0.00,No,No,No,Anemic
PID_2134,Female,68,12.60,4.47,36.30,81.19,28.19,34.68,14.99,244.00,9.67,0.24,10.00,64.23,28.79,5.95,1.00,0.00,No,No,No,Compensated Microcytosis
PID_2135,Male,34,11.80,4.22,35.15,83.32,27.96,33.58,14.17,197.00,9.87,0.19,6.10,65.28,25.13,4.83,3.85,0.96,No,No,No,Anemic
PID_2136,Male,67,11.70,4.41,35.12,79.60,26.56,33.32,13.77,233.00,9.41,0.22,8.40,51.26,36.62,8.42,3.73,0.00,No,No,Yes,Anemic
PID_2137,Male,38,9.80,4.45,28.72,64.51,22.02,34.15,13.97,244.00,9.78,0.24,6.70,39.42,50.03,8.65,1.92,0.00,No,No,No,Anemic
PID_2138,Male,64,11.70,4.66,32.63,69.99,25.13,35.84,15.22,184.00,8.77,0.16,7.70,76.22,16.54,5.15,2.07,0.00,Yes,No,No,Anemic
PID_2139,Male,74,12.00,4.70,36.91,78.49,25.50,32.52,16.09,192.00,9.85,0.19,6.10,66.07,29.76,2.05,2.07,0.00,No,No,No,Anemic
PID_2140,Female,57,14.90,5.80,46.22,79.67,25.72,32.25,14.07,137.00,11.69,0.16,5.30,62.45,31.45,2.07,4.06,0.00,No,Yes,No,Compensated Microcytosis
PID_2141,Male,40,11.10,4.34,32.46,74.80,25.54,34.18,13.14,196.00,8.94,0.17,7.00,62.68,29.35,7.00,1.00,0.00,No,No,No,Anemic
PID_2142,Male,69,10.10,3.86,29.65,76.80,26.20,34.04,13.80,156.00,8.59,0.13,7.00,66.36,26.58,6.01,1.01,0.00,No,Yes,No,Anemic
PID_2143,Female,56,9.30,3.81,27.19,71.35,24.41,34.19,13.40,241.00,9.98,0.24,13.00,78.50,14.45,5.04,2.02,0.00,No,No,No,Anemic
PID_2144,Female,25,10.80,4.15,31.49,75.89,26.06,34.32,16.07,158.00,10.11,0.16,10.90,70.46,17.73,6.85,4.90,0.00,No,No,No,Anemic
PID_2145,Female,58,11.30,4.27,33.50,78.45,26.48,33.72,13.63,136.00,10.47,0.14,5.80,67.49,24.41,7.05,1.01,0.00,No,No,No,Anemic
PID_2146,Male,26,9.90,4.43,27.66,62.48,22.36,35.77,13.84,143.00,9.73,0.14,6.60,76.84,15.97,3.10,4.09,0.00,No,Yes,No,Anemic
PID_2147,Female,75,13.00,4.87,40.53,83.17,26.67,32.05,14.36,202.00,10.13,0.20,8.80,62.34,26.12,8.65,2.89,0.00,No,No,No,Compensated Microcytosis
PID_2148,Female,42,11.80,5.50,35.75,65.01,21.46,33.02,14.43,148.00,10.94,0.16,14.50,48.46,41.11,7.60,2.84,0.00,No,No,No,Anemic
PID_2149,Male,26,13.10,4.79,38.67,80.70,27.36,33.91,13.02,93.00,9.74,0.09,7.20,66.37,22.22,8.50,2.85,0.00,No,No,No,Non-Anemic
PID_2150,Male,60,15.40,5.71,48.08,84.19,26.95,32.01,13.13,181.00,9.00,0.16,9.80,72.59,20.28,2.05,5.05,0.00,No,No,No,Compensated Microcytosis
PID_2151,Male,74,13.20,5.50,39.07,71.03,24.03,33.82,12.67,198.00,8.91,0.18,6.70,60.13,31.99,5.85,1.96,0.00,No,Yes,No,Compensated Microcytosis
PID_2152,Male,63,15.10,5.38,41.95,77.95,28.06,36.02,13.19,153.00,9.43,0.14,8.30,66.35,21.11,8.65,3.86,0.00,Yes,Yes,No,Non-Anemic
PID_2153,Female,67,12.60,5.14,37.03,72.04,24.48,34.04,13.12,182.00,8.41,0.15,7.60,60.68,29.68,4.88,4.84,0.00,No,No,No,Compensated Microcytosis
PID_2154,Female,43,11.80,4.55,34.43,75.70,25.92,34.29,13.71,161.00,9.29,0.15,3.70,62.82,26.71,6.64,3.78,0.00,Yes,No,No,Anemic
PID_2155,Male,39,11.50,4.44,35.40,79.72,25.93,32.52,12.87,186.00,8.70,0.16,6.80,65.85,25.18,4.98,3.98,0.00,No,No,No,Anemic
PID_2156,Male,76,11.70,4.24,35.18,82.94,27.63,33.28,11.37,192.00,9.27,0.18,6.80,71.53,23.30,3.09,2.06,0.00,No,No,No,Anemic
PID_2157,Female,47,15.90,5.99,47.39,79.12,26.54,33.55,13.13,194.00,9.76,0.19,13.00,69.50,21.61,5.88,2.96,0.00,No,No,No,Compensated Microcytosis
PID_2158,Male,36,10.70,4.50,31.83,70.76,23.78,33.62,17.42,251.00,8.32,0.21,7.00,79.39,11.90,6.84,1.95,0.00,No,No,Yes,Anemic
PID_2159,Male,50,12.20,4.73,34.33,72.60,25.83,35.57,13.67,161.00,8.51,0.14,4.50,56.92,33.41,4.84,4.84,0.00,No,No,No,Anemic
PID_2160,Female,63,10.00,4.61,28.84,62.57,21.66,34.70,18.96,177.00,8.74,0.16,5.20,51.19,41.95,1.98,4.93,0.00,No,No,No,Anemic
PID_2161,Male,58,10.50,4.33,32.14,74.20,24.21,32.66,17.01,162.00,10.21,0.17,3.80,67.39,20.36,7.56,4.72,0.00,No,No,No,Anemic
PID_2162,Male,69,10.30,4.41,30.03,68.10,23.37,34.33,13.42,204.00,8.68,0.18,4.80,52.33,42.67,3.03,2.01,0.00,No,No,No,Anemic
PID_2163,Male,47,10.50,4.54,30.35,66.82,23.09,34.60,13.26,141.00,8.91,0.13,4.40,59.74,30.60,5.81,3.85,0.00,No,No,No,Anemic
PID_2164,Male,40,13.70,4.68,38.74,82.80,29.24,35.38,13.48,107.00,9.44,0.10,4.90,76.77,16.18,3.03,4.04,0.00,No,No,No,Non-Anemic
PID_2165,Male,71,8.60,5.38,23.96,44.56,15.96,35.93,13.47,240.00,9.99,0.24,6.20,58.14,38.73,2.05,1.04,0.00,Yes,Yes,No,Anemic
PID_2166,Female,67,10.60,4.80,32.33,67.34,22.12,32.79,12.28,132.00,8.88,0.12,8.00,53.58,35.85,5.75,4.80,0.00,No,Yes,No,Anemic
PID_2167,Female,38,14.20,5.29,43.00,81.32,26.84,33.01,15.00,111.00,9.10,0.10,4.30,48.72,44.10,3.06,4.10,0.00,No,No,No,Compensated Microcytosis
PID_2168,Female,67,11.40,4.57,35.09,76.76,24.94,32.47,16.62,196.00,10.04,0.20,7.50,62.11,32.79,4.10,1.02,0.00,No,No,No,Anemic
PID_2169,Male,38,11.40,4.19,33.81,80.71,27.22,33.75,14.97,143.00,10.34,0.15,4.50,55.27,38.65,2.01,4.05,0.00,No,No,No,Anemic
PID_2170,Male,52,13.30,5.01,38.48,76.79,26.52,34.54,15.02,225.00,10.38,0.23,7.20,48.71,44.35,1.95,4.98,0.00,No,No,No,Compensated Microcytosis
PID_2171,Male,58,7.70,3.77,21.88,58.05,20.41,35.18,13.98,236.00,8.16,0.19,6.90,67.58,27.28,2.05,3.08,0.00,No,Yes,No,Anemic
PID_2172,Female,46,10.80,4.31,31.85,73.88,25.04,33.91,18.98,166.00,10.05,0.17,9.00,76.32,15.05,3.85,4.80,0.00,No,No,No,Anemic
PID_2173,Female,19,10.90,4.94,32.42,65.66,22.09,33.61,12.00,208.00,8.85,0.18,7.50,81.95,11.85,4.13,2.07,0.00,No,No,No,Anemic
PID_2174,Female,29,12.70,4.67,37.15,79.52,27.19,34.18,14.03,167.00,8.82,0.15,6.20,67.03,24.14,4.90,3.92,0.00,No,No,No,Non-Anemic
PID_2175,Female,60,11.60,4.30,35.15,81.77,26.98,32.98,16.02,202.00,10.68,0.22,4.70,52.67,36.65,6.84,3.91,0.00,No,No,No,Anemic
PID_2176,Female,25,11.70,4.43,32.05,72.31,26.43,36.49,18.97,206.00,9.00,0.19,5.10,52.68,37.52,7.87,1.96,0.00,No,No,No,Anemic
PID_2177,Male,61,9.30,3.95,29.00,73.42,23.58,32.08,18.02,163.00,8.41,0.14,8.00,46.28,48.67,3.00,2.02,0.00,No,No,No,Anemic
PID_2178,Male,38,13.40,4.93,39.16,79.43,27.15,34.25,17.01,185.00,8.80,0.16,6.90,58.89,33.14,4.97,2.99,0.00,Yes,No,No,Compensated Microcytosis
PID_2179,Female,37,12.50,4.66,34.31,73.66,26.79,36.46,16.97,184.00,8.79,0.16,5.10,53.76,39.25,3.00,3.98,0.00,No,Yes,No,Compensated Microcytosis
PID_2180,Female,77,7.40,3.94,21.76,55.23,18.74,34.05,13.98,271.00,9.99,0.27,8.50,56.02,32.53,7.68,3.84,0.00,No,No,Yes,Anemic
PID_2181,Female,45,12.10,4.52,35.83,79.23,26.79,33.79,14.99,183.00,9.88,0.18,5.40,48.92,41.42,6.82,2.92,0.00,No,No,No,Compensated Microcytosis
PID_2182,Male,37,10.00,4.54,29.79,65.60,22.05,33.53,10.97,222.00,10.22,0.23,5.00,64.04,30.85,4.10,1.02,0.00,No,No,No,Anemic
PID_2183,Female,43,6.30,3.66,18.65,50.93,17.24,33.74,14.97,195.00,8.26,0.16,5.50,64.46,25.81,6.77,2.90,0.00,Yes,No,No,Anemic
PID_2184,Female,76,9.30,4.44,26.09,58.79,20.91,35.66,16.02,133.00,8.75,0.12,7.70,53.70,37.45,3.93,4.91,0.00,No,Yes,No,Anemic
PID_2185,Male,27,12.50,4.61,39.88,86.53,27.13,31.32,11.97,153.00,9.85,0.15,6.70,73.77,14.86,7.61,3.81,0.00,No,No,No,Anemic
PID_2186,Female,78,7.30,2.77,20.37,73.54,26.33,35.83,17.04,189.00,10.60,0.20,10.00,46.65,44.92,6.50,1.86,0.00,No,No,No,Anemic
PID_2187,Male,37,7.30,2.84,22.61,79.62,25.67,32.31,10.98,180.00,10.10,0.18,10.00,49.95,40.49,4.77,4.78,0.00,No,No,No,Anemic
PID_2188,Male,74,9.80,4.22,29.10,68.93,23.23,33.70,17.02,143.00,10.68,0.15,6.00,61.25,29.11,5.76,3.86,0.00,No,No,No,Anemic
PID_2189,Female,47,9.40,3.93,28.07,71.40,23.88,33.50,15.02,236.00,10.39,0.25,4.20,53.30,38.83,4.93,2.98,0.00,No,No,No,Anemic
PID_2190,Female,23,8.80,3.96,25.36,64.01,22.23,34.68,13.98,207.00,9.14,0.19,6.60,64.98,27.09,3.01,4.97,0.00,No,No,No,Anemic
PID_2191,Male,76,13.20,5.09,41.14,80.79,25.91,32.10,13.01,173.00,9.07,0.16,5.50,69.06,21.25,4.85,3.88,0.97,No,No,No,Compensated Microcytosis
PID_2192,Male,48,12.40,4.57,35.89,78.54,27.13,34.58,14.98,12.00,10.58,0.01,10.50,78.66,12.35,7.97,1.00,0.00,No,No,No,Anemic
PID_2193,Male,30,11.00,4.31,30.20,70.04,25.52,36.45,15.97,171.00,10.09,0.17,5.60,59.58,37.26,2.07,1.05,0.00,No,No,No,Anemic
PID_2194,Male,18,11.30,4.25,34.92,82.15,26.56,32.38,17.98,110.00,9.86,0.11,4.00,81.78,13.05,3.07,2.06,0.00,No,No,No,Anemic
PID_2195,Female,66,11.20,4.41,32.72,74.17,25.39,34.23,20.00,110.00,9.08,0.10,7.40,78.99,10.25,6.85,3.90,0.00,No,No,No,Anemic
PID_2196,Female,76,14.00,5.26,42.16,80.20,26.59,33.21,19.97,168.00,9.32,0.16,8.00,81.56,14.25,3.17,1.05,0.00,No,No,No,Compensated Microcytosis
PID_2197,Male,47,4.82,3.20,13.97,43.64,15.03,34.54,19.04,13.00,9.51,0.01,6.00,52.57,38.58,5.90,2.96,0.00,No,Yes,No,Anemic
PID_2198,Male,41,15.10,5.11,44.38,86.84,29.56,34.05,19.99,202.00,10.39,0.21,10.10,65.68,26.29,3.98,4.01,0.00,No,No,No,Compensated Microcytosis
PID_2199,Male,34,9.30,4.45,27.99,62.90,20.92,33.19,18.02,402.00,10.03,0.40,10.60,37.86,52.47,6.77,2.89,0.00,No,No,No,Anemic
PID_2200,Male,80,13.00,4.64,37.59,81.00,28.02,34.58,13.01,186.00,9.40,0.17,8.00,63.83,24.72,8.55,2.86,0.00,No,No,No,Non-Anemic
PID_2201,Female,56,11.20,4.97,30.97,62.33,22.55,36.13,17.02,153.00,8.92,0.14,13.00,82.64,13.26,3.16,1.04,0.00,No,No,No,Anemic
PID_2202,Female,29,9.60,3.91,28.43,72.73,24.55,33.74,11.97,205.00,10.46,0.22,11.50,43.96,45.44,6.73,3.86,0.00,Yes,No,No,Anemic
PID_2203,Female,21,13.30,4.69,38.15,81.30,28.35,34.83,19.01,177.00,8.68,0.15,6.70,49.64,38.78,6.73,4.83,0.00,No,No,No,Compensated Microcytosis
PID_2204,Male,74,11.50,4.76,35.44,74.49,24.15,32.42,10.99,210.00,9.38,0.20,9.00,58.59,33.49,6.95,1.00,0.00,No,No,No,Anemic
PID_2205,Male,55,10.30,3.85,31.35,81.47,26.73,32.83,15.01,134.00,9.25,0.12,6.80,70.90,23.98,4.04,1.01,0.00,No,No,No,Anemic
PID_2206,Female,30,7.30,2.84,21.12,74.36,25.70,34.54,15.98,180.00,9.00,0.16,10.00,48.53,39.36,8.33,3.71,0.00,No,No,No,Anemic
PID_2207,Male,48,9.40,3.93,26.27,66.82,23.94,35.80,19.97,236.00,7.90,0.19,4.20,99.05,0.75,0.16,0.07,0.00,No,Yes,No,Anemic
PID_2208,Male,72,10.30,4.00,29.92,74.82,25.75,34.44,15.96,164.00,9.87,0.16,5.60,61.05,28.39,6.75,3.86,0.00,No,No,No,Anemic
PID_2209,Male,21,14.20,5.34,42.23,79.07,26.62,33.64,20.00,185.00,9.23,0.17,7.20,59.74,35.19,2.07,3.08,0.00,No,No,No,Compensated Microcytosis
PID_2210,Male,51,13.70,4.65,40.30,86.66,29.47,33.98,17.01,150.00,9.92,0.15,8.80,78.09,12.96,7.97,0.99,0.00,No,No,No,Compensated Microcytosis
PID_2211,Male,56,14.50,5.69,44.62,78.41,25.46,32.49,17.00,161.00,9.79,0.16,7.30,69.28,22.70,5.96,1.99,0.00,No,No,No,Compensated Microcytosis
PID_2212,Male,40,9.80,4.97,28.22,56.81,19.68,34.73,11.04,207.00,8.64,0.18,5.20,52.64,38.50,3.94,4.94,0.00,No,No,No,Anemic
PID_2213,Male,68,10.60,4.43,30.23,68.22,23.95,35.09,17.03,139.00,9.65,0.13,4.80,50.73,45.15,3.04,1.02,0.00,Yes,No,No,Anemic
PID_2214,Female,31,15.10,5.39,45.13,83.72,28.05,33.43,19.97,143.00,10.40,0.15,9.30,72.66,19.33,4.01,4.01,0.00,No,No,No,Compensated Microcytosis
PID_2215,Male,53,10.70,4.16,32.00,76.93,25.72,33.41,12.03,178.00,9.00,0.16,13.20,45.72,46.31,3.00,4.99,0.00,No,No,No,Anemic
PID_2216,Female,36,10.00,4.66,29.14,62.52,21.45,34.29,17.03,312.00,9.73,0.30,9.10,85.28,8.79,3.96,1.98,0.00,No,No,No,Anemic
PID_2217,Female,39,10.60,4.89,31.66,64.73,21.68,33.47,13.02,192.00,9.90,0.19,7.60,66.76,28.05,3.14,2.07,0.00,Yes,No,Yes,Anemic
PID_2218,Female,29,14.10,5.09,41.57,81.71,27.70,33.95,15.99,173.00,10.20,0.18,7.60,65.46,24.92,6.69,2.88,0.00,No,No,No,Compensated Microcytosis
PID_2219,Female,67,13.00,6.67,35.60,53.39,19.48,36.55,12.02,390.00,8.81,0.34,11.50,69.26,20.69,5.02,5.03,0.00,No,Yes,No,Compensated Microcytosis
PID_2220,Female,66,11.30,4.45,33.53,75.37,25.37,33.72,20.00,166.00,9.23,0.15,5.40,66.07,27.88,3.02,3.01,0.00,No,No,No,Anemic
PID_2221,Female,75,12.10,4.73,36.04,76.21,25.56,33.54,12.01,161.00,10.51,0.17,7.70,63.94,25.66,9.28,1.04,0.00,No,No,No,Compensated Microcytosis
PID_2222,Female,53,11.70,4.50,35.22,78.24,25.99,33.20,18.67,238.00,10.03,0.24,7.20,72.53,19.48,3.02,4.98,0.00,No,No,No,Anemic
PID_2223,Male,50,10.60,4.35,30.38,69.85,24.33,34.87,11.03,157.00,8.34,0.13,4.10,84.19,12.71,2.07,1.05,0.00,No,No,No,Anemic
PID_2224,Female,24,15.30,5.74,45.29,78.92,26.65,33.81,16.58,99.00,9.44,0.09,10.90,77.58,16.21,3.16,3.12,0.00,Yes,No,Yes,Compensated Microcytosis
PID_2225,Male,41,15.20,5.50,45.75,83.20,27.63,33.24,16.00,86.00,9.91,0.09,10.80,74.17,18.51,2.09,5.28,0.00,Yes,No,No,Compensated Microcytosis
PID_2226,Male,30,15.20,5.37,42.71,79.56,28.32,35.62,15.97,93.00,10.15,0.09,10.40,72.37,18.50,6.10,3.05,0.00,No,No,No,Compensated Microcytosis
PID_2227,Female,49,14.90,5.54,41.73,75.29,26.93,35.72,11.02,89.00,9.46,0.08,10.50,72.48,15.97,6.73,4.83,0.00,No,No,No,Compensated Microcytosis
PID_2228,Male,70,13.10,4.73,39.36,83.25,27.71,33.25,20.04,260.00,8.34,0.22,9.00,75.92,19.01,2.04,3.06,0.00,No,No,No,Compensated Microcytosis
PID_2229,Male,78,13.00,4.59,40.93,89.14,28.28,31.75,13.01,264.00,9.04,0.24,10.80,71.89,20.97,5.06,2.03,0.00,No,No,Yes,Non-Anemic
PID_2230,Female,64,11.60,4.93,32.95,66.81,23.51,35.22,14.97,148.00,8.60,0.13,5.50,62.83,25.71,7.66,2.87,0.96,No,No,No,Anemic
PID_2231,Female,41,13.70,5.00,41.29,82.56,27.43,33.21,11.04,146.00,8.51,0.12,4.20,62.55,32.32,2.09,3.10,0.00,No,No,No,Non-Anemic
PID_2232,Male,46,12.60,4.94,36.05,72.99,25.52,34.93,13.98,130.00,9.12,0.12,9.90,59.17,28.99,6.90,4.92,0.00,No,No,No,Anemic
PID_2233,Male,69,8.20,4.49,25.92,57.72,18.27,31.68,19.03,165.00,9.98,0.17,6.40,58.28,28.51,8.45,4.69,0.00,No,No,No,Anemic
PID_2234,Female,47,13.00,6.67,37.07,55.57,19.47,35.05,14.03,390.00,9.43,0.37,11.50,69.91,20.94,6.08,3.05,0.00,No,No,Yes,Compensated Microcytosis
PID_2235,Female,33,11.30,4.45,34.72,78.03,25.42,32.54,14.03,166.00,8.82,0.15,5.40,63.49,26.81,4.81,3.86,0.97,No,No,No,Anemic
PID_2236,Male,36,11.70,4.50,33.55,74.58,25.99,34.88,13.03,238.00,8.20,0.20,7.20,69.76,18.77,7.67,2.87,0.96,No,No,No,Anemic
PID_2237,Male,46,10.60,4.35,31.16,71.60,24.36,34.00,10.98,157.00,9.85,0.15,4.10,62.67,24.98,8.27,4.12,0.00,No,No,No,Anemic
PID_2238,Female,70,9.30,4.83,28.31,58.62,19.29,32.89,14.04,127.00,10.52,0.13,4.90,80.70,9.57,5.83,2.93,0.98,No,No,No,Anemic
PID_2239,Male,64,9.50,4.50,28.35,62.97,21.12,33.51,20.03,199.00,10.90,0.22,7.90,49.58,40.82,6.66,2.87,0.00,No,No,No,Anemic
PID_2240,Male,62,15.40,5.43,44.22,81.45,28.37,34.79,15.98,140.00,8.16,0.11,6.20,71.35,22.59,3.01,2.02,1.01,No,No,No,Compensated Microcytosis
PID_2241,Male,74,5.80,3.10,17.00,54.80,18.74,34.15,11.03,429.00,10.27,0.44,7.20,49.07,42.72,5.13,2.05,1.03,No,No,No,Anemic
PID_2242,Female,36,9.00,4.00,25.94,64.83,22.49,34.69,12.03,295.00,7.97,0.23,5.00,47.44,46.34,3.08,3.12,0.00,No,No,No,Anemic
PID_2243,Male,24,14.60,5.38,40.14,74.58,27.12,36.35,10.98,182.00,8.99,0.16,5.10,61.39,32.47,3.03,2.03,1.02,No,No,No,Non-Anemic
PID_2244,Male,80,11.30,3.89,35.18,90.43,29.07,32.11,10.99,207.00,9.63,0.20,8.80,65.20,26.73,6.06,2.02,0.00,No,No,No,Anemic
PID_2245,Female,74,14.60,4.82,40.62,84.31,30.27,35.92,12.01,149.00,9.66,0.14,10.30,82.37,11.31,3.12,2.10,1.05,No,No,Yes,Non-Anemic
PID_2246,Female,20,14.20,5.37,41.61,77.50,26.42,34.11,20.00,152.00,9.95,0.15,8.70,71.06,19.16,4.89,3.91,0.98,No,No,No,Compensated Microcytosis
PID_2247,Male,43,13.40,4.80,40.70,84.84,27.89,32.90,19.01,162.00,11.09,0.18,8.80,81.00,10.94,5.95,2.00,0.00,No,No,No,Compensated Microcytosis
PID_2248,Male,65,11.70,4.77,36.11,75.66,24.50,32.40,18.99,182.00,9.44,0.17,6.80,71.65,18.64,6.83,1.94,0.97,No,No,Yes,Anemic
PID_2249,Male,71,15.10,5.39,44.71,82.94,28.01,33.74,18.00,107.00,8.85,0.09,6.40,63.89,30.01,2.06,4.09,0.00,No,No,No,Compensated Microcytosis
PID_2250,Female,46,11.10,4.37,31.62,72.33,25.42,35.07,12.03,177.00,9.59,0.17,4.70,54.76,40.02,3.15,1.05,1.05,No,No,No,Anemic
PID_2251,Female,71,10.50,4.49,31.02,69.06,23.41,33.81,15.02,224.00,9.36,0.21,9.00,67.79,21.64,7.67,2.87,0.00,No,No,No,Anemic
PID_2252,Male,75,14.60,5.25,40.77,77.66,27.80,35.78,14.99,140.00,10.30,0.14,5.50,62.75,30.26,4.02,2.01,1.00,No,No,No,Compensated Microcytosis
PID_2253,Female,42,11.80,4.70,36.58,77.87,25.14,32.29,13.97,121.00,9.47,0.11,5.20,45.23,45.97,6.83,0.98,0.98,Yes,Yes,No,Anemic
PID_2254,Male,20,11.30,4.27,33.25,77.89,26.44,33.97,18.01,155.00,9.58,0.15,5.90,74.98,15.52,4.77,3.82,0.96,No,No,No,Anemic
PID_2255,Male,54,14.50,4.82,44.62,92.60,30.05,32.51,20.01,69.00,10.41,0.07,10.40,78.66,11.48,5.91,2.95,0.98,No,No,No,Compensated Microcytosis
PID_2256,Female,58,11.30,4.27,32.81,76.89,26.45,34.44,17.97,155.00,9.17,0.14,5.90,74.23,15.35,7.56,2.84,0.00,No,No,No,Anemic
PID_2257,Male,40,10.50,4.05,29.95,73.95,25.92,35.08,19.00,145.00,9.60,0.14,4.70,63.17,27.17,6.74,2.90,0.00,No,No,No,Anemic
PID_2258,Male,65,14.50,4.89,43.29,88.57,29.67,33.53,11.00,45.00,8.46,0.04,10.90,81.63,12.18,5.14,1.03,0.00,No,Yes,No,Non-Anemic
PID_2259,Male,75,14.60,5.13,47.29,92.19,28.45,30.84,11.79,230.00,5.86,0.14,9.60,78.19,14.07,5.79,1.94,0.00,No,No,No,Non-Anemic
PID_2260,Male,35,11.90,4.70,34.76,73.93,25.30,34.20,16.01,226.00,9.74,0.22,7.00,63.01,32.74,3.18,1.05,0.00,No,No,No,Anemic
PID_2261,Male,24,14.90,5.19,43.16,83.16,28.72,34.52,12.98,217.00,9.40,0.20,10.10,77.74,16.19,3.01,2.00,1.00,No,No,No,Non-Anemic
PID_2262,Male,57,11.90,4.09,34.51,84.37,29.11,34.45,20.02,131.00,9.44,0.12,6.90,77.35,15.47,6.09,1.02,0.00,No,No,No,Anemic
PID_2263,Female,71,13.40,4.92,37.76,76.76,27.23,35.50,13.01,151.00,7.95,0.12,6.30,75.10,16.08,5.89,2.96,0.00,No,No,No,Non-Anemic
PID_2264,Male,19,12.60,5.21,38.51,73.96,24.18,32.68,17.02,153.00,8.70,0.13,4.30,56.53,34.77,6.77,0.97,0.97,No,No,No,Anemic
PID_2265,Male,77,7.70,4.58,22.12,48.32,16.82,34.79,16.00,300.00,9.22,0.28,10.90,41.10,50.14,6.84,1.95,0.00,No,No,Yes,Anemic
PID_2266,Female,66,12.50,5.17,35.28,68.21,24.21,35.41,16.98,155.00,9.63,0.15,4.20,56.03,34.39,5.74,2.88,0.96,No,No,No,Compensated Microcytosis
PID_2267,Male,61,11.20,4.60,35.15,76.37,24.37,31.87,11.98,224.00,10.47,0.23,10.00,54.19,37.05,6.81,1.95,0.00,Yes,No,No,Anemic
PID_2268,Male,76,10.80,3.94,31.41,79.75,27.39,34.38,11.98,170.00,9.53,0.16,5.80,65.18,27.03,2.96,3.90,0.98,No,No,No,Anemic
PID_2269,Female,25,11.40,4.38,34.14,77.96,26.05,33.43,16.03,164.00,9.45,0.16,9.50,82.46,11.58,3.03,1.99,1.00,No,Yes,No,Anemic
PID_2270,Male,45,14.00,4.86,41.30,85.00,28.83,33.87,12.01,90.00,8.88,0.08,2.90,57.65,36.25,3.04,2.04,1.02,No,No,No,Non-Anemic
PID_2271,Male,38,10.90,4.42,31.67,71.65,24.67,34.42,19.01,184.00,10.29,0.19,5.40,52.61,34.95,7.62,3.83,0.96,No,Yes,No,Anemic
PID_2272,Male,58,10.30,4.11,30.82,74.99,25.06,33.43,19.99,173.00,8.89,0.15,5.10,55.47,38.37,5.13,1.02,0.00,No,No,No,Anemic
PID_2273,Male,37,12.50,5.15,37.66,73.09,24.31,33.19,16.03,158.00,9.21,0.15,11.40,84.00,10.98,2.99,2.01,0.00,No,No,No,Anemic
PID_2274,Male,80,8.30,4.48,24.38,54.42,18.53,34.01,15.03,354.00,8.73,0.31,7.80,64.17,23.35,7.71,3.84,0.96,No,No,No,Anemic
PID_2275,Male,54,8.40,4.51,25.69,56.94,18.60,32.68,19.02,325.00,9.38,0.30,7.90,70.33,23.55,3.04,2.05,1.02,No,Yes,No,Anemic
PID_2276,Female,62,13.00,4.58,39.76,86.81,28.38,32.66,12.03,181.00,9.93,0.18,8.20,74.34,16.92,3.93,3.90,0.98,No,No,No,Non-Anemic
PID_2277,Female,41,13.80,4.79,39.64,82.75,28.84,34.78,15.96,177.00,9.06,0.16,5.50,59.93,29.40,6.77,2.90,0.97,No,No,No,Compensated Microcytosis
PID_2278,Male,44,3.10,1.42,9.50,66.90,21.82,32.64,12.98,250.00,9.25,0.23,21.10,71.34,24.46,2.09,1.05,1.05,No,No,No,Anemic
PID_2279,Male,51,14.50,5.21,41.67,79.97,27.83,34.82,17.99,132.00,8.74,0.12,5.50,52.63,36.73,6.82,3.88,0.00,No,Yes,No,Compensated Microcytosis
PID_2280,Male,54,14.90,5.25,43.12,82.14,28.41,34.53,11.97,134.00,10.25,0.14,5.70,51.96,38.86,6.09,3.05,0.00,No,No,No,Non-Anemic
PID_2281,Female,39,9.90,4.37,31.01,70.97,22.66,31.95,14.99,205.00,9.85,0.20,6.30,68.10,26.72,2.08,3.07,0.00,No,No,No,Anemic
PID_2282,Female,38,12.20,4.40,36.76,83.57,27.69,33.23,18.99,126.00,9.04,0.11,3.80,63.17,26.12,6.79,2.91,0.97,No,No,Yes,Compensated Microcytosis
PID_2283,Female,24,10.80,5.23,30.48,58.32,20.67,35.39,17.03,127.00,9.48,0.12,10.60,69.64,18.90,6.67,3.82,0.95,No,No,No,Anemic
PID_2284,Male,36,13.50,4.35,41.13,94.54,31.06,32.79,14.98,106.00,9.82,0.10,11.70,67.77,24.17,4.04,3.01,1.00,No,No,No,Compensated Microcytosis
PID_2285,Male,59,11.80,4.19,35.28,84.21,28.16,33.43,16.01,137.00,10.30,0.14,5.50,64.28,23.48,7.55,3.76,0.94,No,No,No,Anemic
PID_2286,Male,29,12.00,4.58,34.73,75.79,26.17,34.56,10.97,228.00,9.33,0.21,7.00,62.13,27.21,6.77,2.90,0.97,No,No,No,Anemic
PID_2287,Male,62,12.20,4.64,34.92,75.24,26.27,34.91,17.00,235.00,8.97,0.21,6.70,64.22,27.79,5.01,1.99,0.99,No,Yes,No,Anemic
PID_2288,Male,74,15.00,5.20,44.51,85.60,28.83,33.69,12.04,127.00,8.20,0.10,6.00,75.69,17.07,3.04,3.07,1.02,No,No,No,Non-Anemic
PID_2289,Male,67,11.00,4.22,33.05,78.35,26.04,33.26,18.98,161.00,9.14,0.15,4.50,78.12,12.39,6.65,1.90,0.95,No,No,No,Anemic
PID_2290,Female,23,10.30,4.59,28.85,62.82,22.41,35.71,11.01,122.00,9.84,0.12,7.60,55.77,34.55,6.82,2.91,0.00,No,No,No,Anemic
PID_2291,Female,58,9.10,4.42,25.22,57.02,20.62,36.12,18.01,238.00,9.01,0.21,6.00,53.78,39.20,3.99,2.00,1.00,No,No,Yes,Anemic
PID_2292,Male,19,10.20,4.40,29.00,65.86,23.19,35.16,15.00,168.00,8.67,0.15,7.80,67.61,23.73,3.86,3.87,0.97,No,No,No,Anemic
PID_2293,Female,36,13.80,5.54,40.47,73.04,24.93,34.08,18.03,115.00,9.51,0.11,4.60,51.71,43.13,2.03,3.06,0.00,No,No,No,Compensated Microcytosis
PID_2294,Female,56,11.80,4.48,35.73,79.72,26.33,32.99,15.98,186.00,9.66,0.18,3.80,63.06,29.97,3.98,2.99,0.00,No,No,No,Anemic
PID_2295,Female,64,10.70,4.34,32.42,74.73,24.69,33.00,20.00,85.00,8.98,0.08,4.50,70.90,25.89,2.15,1.07,0.00,No,No,No,Anemic
PID_2296,Female,40,15.10,5.17,43.61,84.37,29.21,34.63,19.96,140.00,9.56,0.13,4.70,64.31,28.62,2.00,4.04,1.01,No,No,No,Compensated Microcytosis
PID_2297,Female,61,14.80,5.09,42.90,84.31,29.07,34.47,11.00,199.00,9.52,0.19,8.00,81.33,11.66,4.03,3.01,0.00,No,Yes,No,Non-Anemic
PID_2298,Male,39,15.40,5.28,43.16,81.76,29.18,35.68,14.00,173.00,10.31,0.18,7.10,65.17,30.72,3.11,1.04,0.00,No,No,No,Non-Anemic
PID_2299,Male,40,9.80,3.82,28.18,73.75,25.69,34.76,11.02,144.00,11.17,0.16,8.30,66.90,26.23,4.91,0.98,0.98,No,No,No,Anemic
PID_2300,Male,49,15.50,5.01,48.14,96.05,30.91,32.20,17.97,153.00,9.38,0.14,7.20,69.29,22.81,4.93,1.98,0.99,No,No,No,Compensated Microcytosis
PID_2301,Female,55,11.30,4.47,32.05,71.68,25.31,35.29,18.01,138.00,8.10,0.11,9.80,75.63,12.88,6.73,3.84,0.96,No,No,No,Anemic
PID_2302,Female,28,12.40,4.48,37.80,84.37,27.67,32.76,13.03,197.00,8.62,0.17,6.60,71.22,21.88,4.01,1.99,0.99,No,No,No,Non-Anemic
PID_2303,Male,34,13.30,4.94,39.66,80.27,26.93,33.53,16.99,182.00,8.27,0.15,6.00,57.20,33.98,5.87,1.96,0.98,No,No,No,Compensated Microcytosis
PID_2304,Female,49,12.00,4.71,34.99,74.28,25.44,34.34,16.03,160.00,8.61,0.14,7.20,64.00,30.84,3.14,1.04,1.04,No,No,No,Compensated Microcytosis
PID_2305,Female,67,9.30,3.85,25.55,66.37,24.16,36.39,17.99,161.00,9.17,0.15,6.20,74.56,15.78,6.75,2.90,0.00,No,No,No,Anemic
PID_2306,Female,79,10.80,4.53,28.62,63.18,23.86,37.77,11.97,161.00,8.77,0.14,8.50,65.84,28.27,2.94,2.94,0.00,No,No,No,Anemic
PID_2307,Male,25,10.00,4.63,28.80,62.21,21.61,34.76,19.99,172.00,9.35,0.16,5.30,65.11,29.77,3.03,2.03,0.00,No,No,No,Anemic
PID_2308,Male,46,10.40,4.28,30.79,71.94,24.27,33.77,11.00,132.00,10.74,0.14,8.70,76.21,18.64,4.12,1.03,0.00,No,No,No,Anemic
PID_2309,Female,32,8.60,4.94,24.83,50.24,17.38,34.65,11.98,213.00,9.35,0.20,6.70,59.14,33.81,4.04,2.01,1.00,No,No,No,Anemic
PID_2310,Male,25,13.70,4.88,39.07,80.04,28.06,35.10,15.02,131.00,9.28,0.12,7.50,69.10,23.04,2.96,3.93,0.98,No,No,No,Compensated Microcytosis
PID_2311,Male,53,14.40,4.72,42.84,90.79,30.51,33.58,10.97,87.00,9.59,0.08,7.00,68.79,21.42,6.87,1.97,0.99,No,No,No,Non-Anemic
PID_2312,Male,71,10.50,4.13,29.04,70.29,25.40,36.17,11.96,128.00,9.93,0.13,4.50,66.91,26.83,3.11,2.08,1.04,No,No,No,Anemic
PID_2313,Male,61,14.10,4.92,41.14,83.65,28.67,34.29,20.02,160.00,9.01,0.14,6.10,58.03,33.04,6.90,0.99,0.99,No,No,No,Compensated Microcytosis
PID_2314,Female,36,12.50,4.24,36.13,85.25,29.47,34.56,14.03,155.00,9.86,0.15,6.50,62.05,33.77,3.14,1.04,0.00,No,No,No,Non-Anemic
PID_2315,Female,67,14.10,5.12,40.52,79.13,27.54,34.77,17.03,181.00,8.34,0.15,8.60,73.74,20.03,3.07,2.07,1.03,No,No,No,Compensated Microcytosis
PID_2316,Male,62,13.60,4.76,39.41,82.77,28.60,34.48,11.03,132.00,9.91,0.13,7.50,71.59,23.36,4.06,1.01,0.00,No,No,No,Non-Anemic
PID_2317,Male,27,14.00,5.07,39.99,78.86,27.65,35.02,14.97,120.00,9.32,0.11,5.10,54.47,36.61,4.96,2.98,0.99,Yes,No,No,Compensated Microcytosis
PID_2318,Male,61,14.00,5.20,42.09,80.95,26.94,33.22,17.02,189.00,10.03,0.19,9.00,69.85,20.19,4.98,3.96,0.99,No,No,Yes,Compensated Microcytosis
PID_2319,Female,77,12.30,5.27,36.90,70.04,23.31,33.32,12.00,171.00,9.13,0.16,10.50,65.46,23.83,6.82,2.92,0.97,No,No,No,Compensated Microcytosis
PID_2320,Female,57,12.00,4.83,36.72,76.03,24.85,32.69,13.02,170.00,9.02,0.15,5.50,80.65,13.28,3.04,2.03,1.02,No,Yes,No,Compensated Microcytosis
PID_2321,Male,79,13.10,5.01,37.94,75.73,26.14,34.50,11.01,171.00,9.70,0.17,7.60,58.11,30.40,7.68,3.85,0.00,No,No,No,Compensated Microcytosis
PID_2322,Female,68,11.60,4.71,33.20,70.48,24.62,34.93,12.02,176.00,9.13,0.16,10.00,77.72,15.27,3.02,3.01,1.00,No,No,No,Anemic
PID_2323,Male,76,12.20,4.88,35.31,72.38,24.96,34.54,16.00,157.00,8.41,0.13,5.50,80.35,12.60,3.03,4.03,0.00,No,No,No,Anemic
PID_2324,Male,23,10.30,5.29,28.60,54.06,19.50,36.02,17.97,37.00,10.15,0.04,7.40,65.79,25.36,3.88,3.92,0.98,No,No,No,Anemic
PID_2325,Female,27,12.20,3.62,35.89,99.12,33.73,33.96,15.01,130.00,10.28,0.13,4.10,62.10,31.66,4.12,1.03,1.03,No,No,No,Compensated Microcytosis
PID_2326,Male,75,13.60,4.75,39.08,82.30,28.66,34.84,16.97,148.00,10.13,0.15,6.90,82.33,11.42,4.18,2.08,0.00,No,No,No,Compensated Microcytosis
PID_2327,Female,38,10.50,4.69,32.12,68.45,22.39,32.72,17.03,193.00,9.61,0.18,7.10,62.98,28.01,5.02,2.99,1.00,No,No,No,Anemic
PID_2328,Female,25,14.20,5.24,42.34,80.82,27.06,33.55,14.03,140.00,8.40,0.12,11.60,82.05,10.79,3.04,4.09,0.00,Yes,No,No,Compensated Microcytosis
PID_2329,Female,80,11.90,5.12,34.16,66.75,23.24,34.84,19.04,161.00,8.71,0.14,3.20,48.84,43.27,5.97,1.99,0.00,No,No,No,Anemic
PID_2330,Male,58,9.80,5.19,27.98,53.92,18.88,35.00,19.00,213.00,8.01,0.17,45.70,7.19,86.25,4.71,1.89,0.00,No,No,No,Anemic
PID_2331,Male,63,10.00,5.29,29.72,56.16,18.89,33.69,13.02,40.00,8.64,0.03,6.30,42.32,49.50,5.11,2.06,1.03,No,Yes,No,Anemic
PID_2332,Male,40,12.00,4.33,35.38,81.73,27.73,33.92,15.97,225.00,10.34,0.23,6.20,70.21,23.74,3.01,3.02,0.00,No,No,No,Anemic
PID_2333,Male,79,13.10,5.07,40.71,80.28,25.85,32.14,17.02,126.00,9.20,0.12,6.70,67.87,24.04,4.04,3.03,1.01,No,No,No,Compensated Microcytosis
PID_2334,Female,60,9.40,4.05,28.00,69.15,23.20,33.56,19.99,134.00,9.87,0.13,7.70,68.10,26.63,2.11,3.15,0.00,No,No,No,Anemic
PID_2335,Female,66,10.80,4.10,30.80,75.09,26.32,35.07,20.03,153.00,9.92,0.15,6.90,74.17,20.69,3.05,2.05,0.00,No,No,No,Anemic
PID_2336,Female,72,11.90,4.93,34.30,69.58,24.14,34.72,18.99,240.00,8.71,0.21,5.00,54.41,35.88,6.73,1.93,0.97,No,No,No,Anemic
PID_2337,Male,76,14.30,5.16,41.33,80.05,27.68,34.61,17.98,182.00,9.78,0.18,9.00,69.17,24.79,4.01,2.01,0.00,No,No,No,Compensated Microcytosis
PID_2338,Male,21,8.90,4.14,26.13,63.15,21.50,34.10,15.03,275.00,9.14,0.25,7.10,74.30,17.60,5.02,3.02,0.00,No,No,No,Anemic
PID_2339,Female,48,10.20,3.80,29.99,78.95,26.86,34.03,12.03,163.00,9.02,0.15,4.90,74.89,20.03,2.04,2.02,1.01,No,No,No,Anemic
PID_2340,Female,63,9.20,3.34,27.70,82.94,27.51,33.21,15.00,107.00,8.90,0.10,4.20,82.04,9.21,4.86,2.91,0.97,No,No,No,Anemic
PID_2341,Male,46,13.20,4.73,37.89,80.13,27.88,34.83,13.98,145.00,8.38,0.12,6.20,59.70,34.22,4.11,2.04,0.00,No,No,No,Non-Anemic
PID_2342,Female,71,13.00,4.81,37.68,78.31,27.03,34.54,12.04,180.00,9.34,0.17,13.10,79.90,12.92,5.12,2.04,0.00,No,No,No,Compensated Microcytosis
PID_2343,Female,39,12.80,4.57,37.00,81.01,28.02,34.58,20.04,177.00,8.68,0.15,4.50,73.72,17.17,6.09,3.04,0.00,No,No,No,Compensated Microcytosis
PID_2344,Female,39,11.10,4.29,33.26,77.51,25.90,33.39,20.00,152.00,9.24,0.14,6.80,63.10,29.97,3.92,1.98,0.99,Yes,Yes,No,Anemic
PID_2345,Male,79,9.80,4.40,31.19,70.87,22.28,31.39,18.02,142.00,"9,112.88",129.40,4.00,68.21,24.63,4.13,2.04,1.02,No,No,No,Anemic
PID_2346,Male,75,10.40,4.71,29.45,62.53,22.10,35.31,14.03,205.00,8.78,0.18,4.70,61.95,29.07,6.95,1.00,1.00,No,No,No,Anemic
PID_2347,Female,59,10.90,4.34,32.61,75.14,25.11,33.46,12.02,119.00,9.07,0.11,3.80,55.05,36.85,4.01,3.02,1.01,No,No,No,Anemic
PID_2348,Female,49,12.70,4.79,38.53,80.42,26.53,32.98,16.98,247.00,9.97,0.25,6.50,65.13,27.90,4.99,1.00,1.00,No,No,No,Compensated Microcytosis
PID_2349,Female,73,10.50,4.02,30.14,74.98,26.12,34.84,18.03,208.00,8.92,0.19,7.60,66.06,25.83,4.07,3.04,1.01,No,No,No,Anemic
PID_2350,Male,79,12.90,4.44,38.47,86.69,29.02,33.52,16.97,140.00,"9,208.65",128.92,8.70,87.44,7.46,3.05,2.04,0.00,No,No,Yes,Anemic
PID_2351,Female,30,12.50,5.39,35.44,65.71,23.16,35.31,14.96,143.00,9.86,0.14,8.50,83.58,10.19,3.08,3.10,0.00,No,No,No,Compensated Microcytosis
PID_2352,Male,49,9.00,3.95,25.91,65.59,22.81,34.70,14.02,157.00,8.24,0.13,5.30,63.40,27.02,4.81,3.82,0.96,No,No,No,Anemic
PID_2353,Female,34,10.70,4.16,30.73,73.85,25.74,34.84,16.02,150.00,9.67,0.15,6.80,78.17,11.08,6.83,3.92,0.00,No,No,No,Anemic
PID_2354,Male,79,10.10,4.46,31.21,69.98,22.63,32.38,17.97,176.00,8.50,0.15,11.70,76.85,17.89,2.09,2.11,1.05,No,No,No,Anemic
PID_2355,Female,43,5.90,2.37,16.64,70.24,24.90,35.42,19.98,89.00,8.79,0.08,2.80,81.47,7.85,7.75,1.94,0.97,No,No,No,Anemic
PID_2356,Female,80,8.70,4.35,25.35,58.31,20.00,34.28,14.98,169.00,10.20,0.17,6.50,74.39,20.27,3.24,2.14,0.00,No,No,No,Anemic
PID_2357,Female,70,9.80,3.53,29.20,82.69,27.79,33.58,11.04,145.00,8.53,0.12,10.00,77.44,14.66,6.98,0.99,0.00,No,No,No,Anemic
PID_2358,Female,36,9.70,4.57,28.39,62.11,21.23,34.18,13.01,238.00,9.00,0.21,8.00,73.76,16.16,7.05,3.03,0.00,No,No,No,Anemic
PID_2359,Female,61,14.70,5.50,46.13,83.85,26.72,31.84,19.01,139.00,8.93,0.12,4.70,71.18,22.52,4.21,2.09,0.00,No,No,No,Compensated Microcytosis
PID_2360,Male,29,9.80,4.77,28.41,59.55,20.51,34.50,13.97,259.00,9.32,0.24,14.30,72.09,18.89,6.03,2.00,1.00,No,Yes,No,Anemic
PID_2361,Male,70,9.30,3.31,28.38,85.72,28.11,32.76,10.97,160.00,9.44,0.15,6.00,74.15,20.91,1.98,1.97,0.99,Yes,No,No,Anemic
PID_2362,Female,52,13.10,4.77,40.46,84.79,27.45,32.41,14.00,169.00,11.01,0.19,2.70,48.07,42.14,5.80,2.92,0.97,No,No,No,Non-Anemic
PID_2363,Male,65,10.70,3.99,33.26,83.32,26.78,32.13,13.03,226.00,10.24,0.23,14.00,60.06,27.63,7.54,3.78,0.95,No,No,Yes,Anemic
PID_2364,Male,50,9.10,3.60,25.75,71.57,25.28,35.31,18.02,76.00,8.68,0.07,4.00,70.76,18.55,7.77,1.95,0.98,No,No,No,Anemic
PID_2365,Female,32,8.80,3.52,26.47,75.21,24.99,33.27,13.23,80.00,10.60,0.08,4.00,77.80,16.02,5.17,1.03,0.00,No,Yes,No,Anemic
PID_2366,Male,73,14.00,4.84,39.06,80.67,28.94,35.85,14.51,125.00,9.14,0.11,11.80,84.27,10.58,3.11,2.07,0.00,Yes,No,No,Non-Anemic
PID_2367,Male,23,12.50,4.46,37.47,84.05,28.00,33.38,16.18,193.00,8.60,0.17,2.40,67.10,26.79,5.04,1.01,0.00,No,No,No,Anemic
PID_2368,Female,71,14.40,5.53,45.07,81.51,26.02,31.94,15.20,151.00,8.41,0.13,6.10,95.42,3.46,0.73,0.43,0.00,No,Yes,No,Compensated Microcytosis
PID_2369,Male,46,14.60,5.07,44.70,88.19,28.76,32.64,15.62,120.00,8.95,0.11,5.70,60.75,34.18,3.09,2.03,0.00,No,No,No,Compensated Microcytosis
PID_2370,Male,36,12.10,5.73,34.10,59.47,21.15,35.51,24.57,136.00,9.90,0.13,14.00,71.51,17.92,7.70,1.92,0.96,No,Yes,No,Anemic
PID_2371,Female,46,11.30,4.95,33.42,67.50,22.82,33.80,14.27,191.00,8.67,0.17,3.40,69.55,23.53,3.94,1.97,0.99,No,No,No,Anemic
PID_2372,Male,25,10.60,4.60,31.79,69.09,23.06,33.36,16.81,134.00,8.95,0.12,2.70,67.00,25.00,5.03,2.01,1.00,No,No,No,Anemic
PID_2373,Male,51,11.50,5.02,33.63,66.98,22.94,34.21,15.61,193.00,9.04,0.17,8.40,62.57,32.33,3.10,2.05,0.00,No,No,No,Anemic
PID_2374,Male,28,9.40,3.99,27.17,68.10,23.55,34.56,14.73,210.00,9.95,0.21,7.40,72.02,21.12,2.99,2.97,0.99,No,No,No,Anemic
PID_2375,Female,30,10.00,4.35,28.30,65.07,23.01,35.36,13.18,242.00,9.64,0.23,11.80,71.45,18.91,6.74,1.94,0.97,No,Yes,No,Anemic
PID_2376,Male,59,10.60,4.44,29.66,66.83,23.85,35.75,14.42,153.00,9.55,0.15,7.00,77.36,15.48,4.05,3.04,0.00,No,No,No,Anemic
PID_2377,Male,20,11.90,4.86,35.45,72.95,24.50,33.54,14.90,164.00,9.07,0.15,5.90,71.57,18.03,7.58,2.84,0.00,No,No,No,Anemic
PID_2378,Female,26,8.70,4.22,26.84,63.60,20.63,32.43,25.01,223.00,9.30,0.21,6.40,66.07,25.00,5.96,2.98,0.00,Yes,No,No,Anemic
PID_2379,Male,45,10.10,4.70,30.15,64.15,21.46,33.52,13.28,142.00,9.66,0.14,10.30,62.48,31.10,4.30,1.07,1.07,No,No,No,Anemic
PID_2380,Female,52,11.30,4.38,32.93,75.21,25.81,34.27,17.18,161.00,8.99,0.14,5.70,64.56,27.47,4.94,2.98,0.00,No,No,Yes,Anemic
PID_2381,Female,34,11.90,5.10,36.23,71.01,23.36,32.88,15.99,174.00,8.48,0.15,9.40,76.19,15.90,5.87,0.98,0.98,No,No,No,Anemic
PID_2382,Female,18,12.50,4.80,38.05,79.30,26.05,32.89,15.82,176.00,9.05,0.16,5.50,72.83,18.43,6.81,0.97,0.97,No,No,No,Compensated Microcytosis
PID_2383,Male,19,10.50,4.22,30.51,72.30,24.86,34.44,14.30,192.00,9.47,0.18,9.90,81.61,12.18,3.06,3.08,0.00,No,No,No,Anemic
PID_2384,Male,21,17.50,4.74,51.56,108.77,36.95,33.93,16.14,107.00,118.66,1.27,5.20,65.00,28.06,1.98,4.00,1.00,No,No,Yes,Compensated Microcytosis
PID_2385,Male,21,7.40,4.40,21.74,49.42,16.80,34.08,22.50,118.00,8.90,0.11,15.40,76.80,15.05,5.09,3.07,0.00,No,Yes,No,Anemic
PID_2386,Male,56,11.60,4.43,35.06,79.15,26.15,33.07,13.47,171.00,9.99,0.17,7.60,65.75,28.04,5.17,1.03,0.00,No,No,No,Anemic
PID_2387,Female,52,8.10,4.23,24.02,56.77,19.18,33.73,17.68,151.00,9.10,0.14,4.20,57.68,33.48,5.91,2.94,0.00,No,No,No,Anemic
PID_2388,Male,63,12.90,4.44,39.22,88.30,29.06,32.92,16.16,140.00,8.95,0.13,8.70,86.58,7.40,1.99,4.04,0.00,No,No,No,Anemic
PID_2389,Male,33,10.00,5.59,28.52,51.02,17.91,35.10,17.91,203.00,9.01,0.18,8.30,73.74,21.00,2.12,2.10,1.05,No,No,No,Anemic
PID_2390,Male,65,9.80,3.72,27.81,74.75,26.34,35.22,17.36,125.00,9.66,0.12,5.40,80.87,11.16,5.98,1.98,0.00,No,No,No,Anemic
PID_2391,Female,66,11.40,4.26,35.87,84.16,26.73,31.82,17.28,231.00,9.54,0.22,9.00,72.81,17.09,7.06,3.03,0.00,No,No,No,Anemic
PID_2392,Female,40,13.10,5.08,39.84,78.44,25.76,32.84,15.03,192.00,10.24,0.20,5.10,82.10,11.81,2.04,3.07,1.02,No,No,No,Compensated Microcytosis
PID_2393,Female,23,10.50,4.02,32.60,81.13,26.14,32.20,24.99,208.00,9.03,0.19,7.60,65.43,25.54,4.03,4.01,1.00,Yes,No,Yes,Anemic
PID_2394,Female,21,12.90,4.44,38.83,87.44,29.06,33.21,15.83,140.00,7.89,0.11,8.70,83.24,7.10,6.80,2.91,0.00,No,No,No,Compensated Microcytosis
PID_2395,Male,40,8.20,4.52,24.19,53.50,18.18,33.87,16.53,176.00,10.30,0.18,5.00,64.05,28.88,3.00,3.03,1.01,No,Yes,No,Anemic
PID_2396,Female,22,10.90,4.22,33.79,80.09,25.85,32.23,15.06,419.00,10.14,0.43,8.90,70.70,13.75,6.70,6.67,2.22,No,No,No,Anemic
PID_2397,Male,37,10.20,4.68,31.01,66.27,21.79,32.85,13.27,170.00,8.77,0.15,6.40,66.65,22.48,7.95,2.97,0.00,No,No,No,Anemic
PID_2398,Male,77,9.30,4.51,28.36,62.91,20.65,32.77,14.78,135.00,8.72,0.12,2.00,57.82,31.80,7.52,2.82,0.00,No,No,No,Anemic
PID_2399,Male,34,9.30,4.50,27.15,60.34,20.67,34.25,13.31,127.00,8.08,0.10,14.70,9.25,85.94,3.86,0.96,0.00,No,No,No,Anemic
PID_2400,Male,22,9.30,4.62,27.29,59.08,20.16,34.06,13.53,134.00,10.57,0.14,2.00,63.07,30.05,3.91,1.96,0.98,Yes,No,Yes,Anemic
PID_2401,Female,70,12.20,4.56,36.82,80.73,26.75,33.17,16.32,205.00,8.61,0.18,13.40,64.47,31.19,2.14,2.15,0.00,Yes,No,No,Compensated Microcytosis
PID_2402,Female,46,14.50,5.28,42.38,80.28,27.43,34.25,13.90,143.00,8.79,0.13,7.40,68.64,21.47,5.97,2.96,0.99,No,No,No,Non-Anemic
PID_2403,Male,67,13.60,4.89,40.79,83.38,27.81,33.35,17.93,137.00,8.42,0.12,8.50,77.51,16.25,4.19,1.04,1.04,No,No,No,Compensated Microcytosis
PID_2404,Male,29,11.50,4.81,34.15,71.00,23.88,33.71,18.31,214.00,9.61,0.21,11.20,71.79,19.82,6.29,2.09,0.00,No,No,No,Anemic
PID_2405,Female,32,11.60,4.64,32.21,69.46,25.04,36.03,16.47,155.00,9.37,0.15,3.60,50.97,40.20,6.89,1.96,0.00,No,No,Yes,Anemic
PID_2406,Male,53,11.00,4.24,30.89,72.84,25.93,35.65,13.69,119.00,8.59,0.10,4.20,76.34,17.52,3.09,3.09,0.00,No,No,No,Anemic
PID_2407,Female,32,12.50,4.80,38.53,80.24,26.00,32.42,15.50,267.00,9.09,0.24,5.60,62.89,30.13,2.99,2.99,1.00,No,No,No,Compensated Microcytosis
PID_2408,Male,51,12.00,5.55,34.29,61.76,21.60,34.97,14.50,141.00,8.91,0.13,5.80,53.71,36.45,5.92,2.94,0.98,No,No,No,Anemic
PID_2409,Male,23,12.70,4.90,36.31,74.14,25.96,34.98,13.92,247.00,9.70,0.24,5.50,61.15,30.87,3.99,3.96,0.00,No,No,No,Anemic
PID_2410,Female,62,9.00,4.77,27.59,57.84,18.83,32.60,13.57,111.00,11.61,0.13,2.60,72.27,21.67,3.05,3.04,0.00,No,No,No,Anemic
PID_2411,Male,41,13.50,4.87,38.59,79.26,27.75,35.01,13.28,155.00,9.71,0.15,15.00,80.79,12.19,3.05,3.02,1.01,No,No,No,Non-Anemic
PID_2412,Female,39,13.40,4.70,37.38,79.50,28.52,35.83,14.89,92.00,9.67,0.09,3.70,74.50,18.18,5.25,2.10,0.00,No,No,Yes,Compensated Microcytosis
PID_2413,Male,33,14.40,5.70,44.10,77.34,25.26,32.61,18.52,273.00,11.13,0.30,21.20,81.78,14.12,3.02,1.02,0.00,No,No,No,Compensated Microcytosis
PID_2414,Female,31,12.50,4.46,38.00,85.17,27.99,32.93,19.18,127.00,8.69,0.11,3.80,75.54,15.33,5.04,4.04,0.00,No,No,No,Compensated Microcytosis
PID_2415,Male,69,11.60,4.62,32.93,71.28,25.14,35.23,12.41,94.00,8.84,0.08,6.10,58.13,30.55,7.56,3.79,0.00,No,No,No,Anemic
PID_2416,Male,60,13.20,5.28,38.46,72.85,25.01,34.31,15.77,161.00,11.03,0.18,6.10,55.05,37.82,6.07,1.01,0.00,No,No,No,Compensated Microcytosis
PID_2417,Female,18,12.80,5.50,36.93,67.18,23.25,34.67,17.07,153.00,8.72,0.13,8.00,77.08,17.62,4.24,1.05,0.00,No,No,No,Compensated Microcytosis
PID_2418,Female,23,14.70,5.07,42.72,84.28,29.00,34.41,13.23,119.00,8.43,0.10,3.50,62.25,32.53,4.20,1.05,0.00,No,No,No,Non-Anemic
PID_2419,Female,45,13.40,5.12,38.88,75.89,26.19,34.47,16.44,233.00,7.99,0.19,6.60,55.60,33.53,7.88,1.97,0.99,No,No,No,Compensated Microcytosis
PID_2420,Male,36,14.80,4.99,45.67,91.55,29.63,32.37,17.19,118.00,9.17,0.11,8.00,81.76,7.99,8.24,2.05,0.00,No,No,No,Compensated Microcytosis
PID_2421,Female,22,9.20,3.34,26.09,78.12,27.56,35.29,13.59,107.00,8.67,0.09,4.20,83.68,9.41,3.96,2.96,0.00,No,No,No,Anemic
PID_2422,Male,79,8.70,3.59,24.57,68.44,24.22,35.39,13.47,122.00,9.04,0.11,8.50,75.17,20.60,2.10,2.10,0.00,No,No,No,Anemic
PID_2423,Female,50,11.70,4.40,34.69,78.86,26.56,33.69,14.79,210.00,8.96,0.19,5.20,59.79,33.17,2.98,4.02,0.00,No,No,Yes,Anemic
PID_2424,Female,42,14.90,5.22,43.89,84.09,28.58,33.95,13.54,132.00,8.79,0.12,3.20,56.32,35.67,3.02,4.01,1.00,No,No,No,Non-Anemic
PID_2425,Female,78,10.00,3.81,31.09,81.62,26.28,32.19,14.49,135.00,9.77,0.13,15.40,81.09,9.86,6.01,3.00,0.00,No,No,No,Anemic
PID_2426,Male,27,9.60,3.44,27.73,80.62,27.90,34.62,14.03,133.00,8.85,0.12,2.80,46.54,49.31,2.12,2.09,0.00,No,No,Yes,Anemic
PID_2427,Female,60,10.50,4.07,30.27,74.34,25.83,34.70,13.69,126.00,9.79,0.12,5.60,69.46,27.38,2.12,1.05,0.00,No,No,No,Anemic
PID_2428,Female,77,11.20,3.85,33.01,85.75,29.10,33.94,14.44,243.00,9.25,0.22,8.50,62.90,28.01,7.08,1.01,1.01,No,No,No,Anemic
PID_2429,Female,49,8.50,3.82,24.05,62.98,22.29,35.37,14.32,314.00,9.89,0.31,7.10,72.40,16.84,6.89,2.94,0.98,No,No,No,Anemic
PID_2430,Female,69,11.80,4.28,35.12,82.04,27.57,33.63,14.21,126.00,9.21,0.12,6.00,77.83,15.92,4.13,2.08,0.00,Yes,Yes,No,Anemic
PID_2431,Male,53,9.60,3.91,27.68,70.81,24.53,34.69,13.57,171.00,8.81,0.15,3.40,64.84,27.13,4.96,3.00,0.00,No,No,No,Anemic
PID_2432,Female,22,11.30,3.56,34.48,96.85,31.75,32.80,12.18,192.00,9.03,0.17,7.20,69.78,21.09,6.04,3.02,0.00,No,No,No,Anemic
PID_2433,Male,28,12.30,4.38,36.21,82.64,28.05,33.95,14.78,171.00,8.80,0.15,4.70,62.90,28.05,6.05,2.02,1.01,No,No,No,Anemic
PID_2434,Female,48,12.20,5.36,36.10,67.33,22.76,33.83,13.68,149.00,9.12,0.14,3.10,71.10,20.05,6.94,1.97,0.00,No,No,No,Compensated Microcytosis
PID_2435,Male,19,9.60,4.45,28.01,62.99,21.56,34.30,14.78,280.00,9.75,0.27,13.80,70.79,18.45,6.86,2.93,0.98,No,Yes,No,Anemic
PID_2436,Female,78,10.70,3.58,31.89,89.04,29.85,33.57,12.97,171.00,10.36,0.18,8.80,70.04,21.13,6.85,0.98,0.98,No,No,No,Anemic
PID_2437,Male,56,11.60,4.82,34.28,71.09,24.08,33.83,17.07,177.00,8.64,0.15,6.20,55.97,34.30,6.78,2.92,0.00,Yes,No,No,Anemic
PID_2438,Female,54,11.90,4.09,34.01,83.12,29.07,35.02,17.99,17.00,10.40,0.02,6.30,77.30,16.59,3.02,3.06,0.00,No,No,No,Anemic
PID_2439,Female,76,10.80,3.94,32.26,81.85,27.40,33.45,15.87,224.00,10.92,0.25,5.80,67.12,27.81,2.99,2.01,0.00,No,No,No,Anemic
PID_2440,Male,58,11.40,4.07,35.54,87.33,28.04,32.05,13.73,126.00,10.50,0.13,5.60,61.06,29.71,5.59,3.70,0.00,No,No,No,Anemic
PID_2441,Male,26,11.60,4.82,32.13,66.71,24.09,36.13,17.77,177.00,10.68,0.19,6.20,59.47,36.46,3.13,1.03,0.00,No,No,No,Anemic
PID_2442,Male,22,10.70,3.58,30.01,83.78,29.86,35.63,12.93,177.00,9.43,0.17,8.80,72.86,22.06,2.07,2.04,1.02,No,No,No,Anemic
PID_2443,Male,66,9.20,3.34,28.35,84.92,27.54,32.42,14.61,107.00,9.92,0.11,7.20,74.47,18.48,2.61,3.52,0.88,No,No,Yes,Anemic
PID_2444,Female,37,9.00,3.80,25.84,67.99,23.72,34.79,15.24,163.00,9.85,0.16,4.20,73.44,19.67,4.97,0.99,0.99,No,No,No,Anemic
PID_2445,Male,55,11.30,4.38,33.84,77.22,25.79,33.40,13.28,161.00,10.07,0.16,6.80,63.29,26.97,5.87,3.89,0.00,Yes,No,No,Anemic
PID_2446,Male,42,11.30,3.56,32.93,92.46,31.77,34.32,13.60,192.00,8.96,0.17,7.20,72.73,21.98,3.15,2.10,0.00,No,No,No,Anemic
PID_2447,Male,21,12.30,4.38,35.80,81.75,28.07,34.37,12.50,171.00,8.36,0.14,4.70,64.85,28.91,4.18,2.08,0.00,No,Yes,No,Anemic
PID_2448,Female,47,12.20,5.36,36.18,67.47,22.75,33.76,12.81,149.00,10.43,0.16,3.10,71.82,20.20,5.00,2.99,0.00,No,No,No,Compensated Microcytosis
PID_2449,Female,33,14.80,4.99,44.77,89.68,29.64,33.04,14.07,118.00,9.18,0.11,8.00,82.60,8.09,6.21,3.11,0.00,No,Yes,No,Non-Anemic
PID_2450,Male,72,13.40,5.12,40.40,78.88,26.18,33.21,12.80,233.00,10.58,0.25,6.60,82.65,11.41,2.91,2.94,0.00,No,No,No,Compensated Microcytosis
PID_2451,Male,27,14.70,5.07,44.68,88.17,29.00,32.87,14.58,119.00,9.31,0.11,3.50,61.68,33.99,3.29,1.10,0.00,No,No,No,Compensated Microcytosis
PID_2452,Female,49,13.20,5.28,40.00,75.73,25.02,32.98,15.76,161.00,10.08,0.16,6.10,53.96,37.12,6.95,1.98,0.00,No,No,No,Compensated Microcytosis
PID_2453,Female,55,11.60,4.62,34.20,74.01,25.09,33.90,12.71,94.00,8.64,0.08,6.10,60.41,31.76,5.91,1.97,0.00,No,Yes,No,Anemic
PID_2454,Male,79,12.50,4.46,37.72,84.56,28.06,33.14,15.02,127.00,9.06,0.11,3.80,74.80,15.21,4.96,4.00,1.00,No,No,No,Anemic
PID_2455,Male,56,14.40,5.70,41.36,72.56,25.30,34.81,12.89,273.00,7.81,0.21,21.20,77.85,13.44,5.84,2.91,0.00,No,No,No,Compensated Microcytosis
PID_2456,Female,24,9.50,3.84,26.55,69.17,24.72,35.76,13.43,160.00,10.16,0.16,4.90,72.42,21.33,4.16,2.06,0.00,No,No,No,Anemic
PID_2457,Female,56,14.30,5.22,42.94,82.27,27.43,33.34,15.93,108.00,8.16,0.09,3.50,65.84,30.03,1.63,2.46,0.00,No,Yes,No,Compensated Microcytosis
PID_2458,Male,40,8.80,4.60,25.67,55.79,19.15,34.32,16.50,91.00,8.77,0.08,4.60,64.29,23.97,9.42,1.18,1.18,No,No,No,Anemic
PID_2459,Female,55,10.90,4.56,31.50,69.09,23.90,34.58,15.27,77.00,10.02,0.08,4.50,60.61,34.34,2.56,2.54,0.00,No,No,No,Anemic
PID_2460,Female,42,14.50,4.92,41.95,85.22,29.45,34.54,12.89,127.00,9.28,0.12,13.70,63.42,31.46,3.05,2.05,0.00,No,No,Yes,Non-Anemic
PID_2461,Female,58,5.90,2.37,17.31,73.06,24.89,34.11,12.89,169.00,9.33,0.16,2.80,73.59,20.07,3.17,2.11,1.06,No,No,No,Anemic
PID_2462,Male,71,10.20,3.80,29.23,76.92,26.88,34.92,14.02,163.00,9.27,0.15,4.90,71.96,19.27,5.79,2.91,0.00,No,No,No,Anemic
PID_2463,Male,34,9.70,4.55,28.05,61.66,21.30,34.61,14.76,137.00,9.83,0.14,10.10,79.95,13.98,5.09,1.02,0.00,No,No,No,Anemic
PID_2464,Male,19,10.20,4.85,31.37,64.66,21.07,32.53,15.79,173.00,10.71,0.18,8.90,78.19,13.62,5.12,3.07,0.00,No,Yes,No,Anemic
PID_2465,Male,48,12.20,5.23,34.81,66.56,23.32,35.01,15.22,166.00,8.07,0.13,6.00,63.79,24.58,6.76,3.86,0.97,No,No,No,Anemic
PID_2466,Female,56,8.60,4.99,24.53,49.19,17.24,35.02,12.93,233.00,9.36,0.22,4.00,51.91,40.24,5.92,1.96,0.00,No,No,No,Anemic
PID_2467,Female,41,9.70,4.55,29.32,64.43,21.29,33.06,14.28,137.00,9.99,0.14,9.10,79.13,13.83,3.01,3.02,1.01,No,No,No,Anemic
PID_2468,Female,49,8.30,4.04,24.38,60.37,20.58,34.04,15.73,184.00,9.05,0.17,10.30,75.54,15.58,6.96,0.99,0.99,No,No,Yes,Anemic
PID_2469,Female,67,9.30,4.76,26.71,56.09,19.55,34.78,12.59,293.00,10.49,0.31,9.80,76.63,16.28,5.07,2.03,0.00,No,No,No,Anemic
PID_2470,Male,40,11.80,4.24,34.96,82.44,27.86,33.73,14.47,272.00,9.81,0.27,2.90,59.29,35.51,3.10,2.07,0.00,Yes,No,No,Anemic
PID_2471,Female,33,9.30,4.76,26.35,55.39,19.54,35.29,14.42,290.00,10.87,0.31,9.70,75.87,16.03,4.99,2.01,1.00,No,No,No,Anemic
PID_2472,Male,18,9.30,4.76,25.25,53.02,19.56,36.85,13.88,193.00,10.08,0.19,9.90,78.37,16.45,2.06,3.11,0.00,No,No,No,Anemic
PID_2473,Female,49,10.70,3.58,32.37,90.45,29.89,33.03,16.42,170.00,9.35,0.16,8.80,70.03,21.12,3.91,3.92,0.98,No,No,No,Anemic
PID_2474,Male,65,9.60,4.54,29.68,65.41,21.11,32.38,14.31,280.00,8.78,0.25,13.00,72.98,18.05,3.97,4.01,1.00,No,No,No,Anemic
PID_2475,Male,68,13.20,4.77,38.41,80.52,27.64,34.37,14.78,169.00,9.93,0.17,2.70,49.52,43.43,4.03,2.00,1.00,No,Yes,No,Compensated Microcytosis
PID_2476,Male,71,11.60,4.82,33.27,69.05,24.04,34.85,18.00,177.00,10.23,0.18,6.20,57.26,34.81,4.98,2.98,0.00,No,No,No,Anemic
PID_2477,Female,52,9.90,4.40,29.36,66.70,22.54,33.70,16.19,133.00,8.92,0.12,8.40,63.65,29.25,3.00,3.01,1.00,No,No,No,Anemic
PID_2478,Female,43,7.40,3.34,20.70,61.95,22.12,35.76,13.12,125.00,8.08,0.10,7.40,74.34,19.49,3.08,2.05,1.03,No,No,No,Anemic
PID_2479,Female,68,10.30,4.27,31.80,74.42,24.14,32.40,13.09,244.00,8.49,0.21,12.90,78.62,16.20,2.11,2.09,1.04,No,No,No,Anemic
PID_2480,Female,43,10.40,3.70,29.86,80.73,28.13,34.81,20.94,180.00,8.79,0.16,5.70,65.00,27.20,5.88,0.98,0.98,No,No,No,Anemic
PID_2481,Male,40,13.80,5.40,41.48,76.81,25.56,33.28,20.06,320.00,9.34,0.30,7.50,67.02,22.79,6.08,4.07,0.00,No,No,No,Compensated Microcytosis
PID_2482,Male,39,13.50,5.10,37.43,73.41,26.50,36.04,14.68,370.00,10.69,0.40,8.50,69.21,25.50,2.16,3.19,0.00,No,No,No,Compensated Microcytosis
PID_2483,Male,64,12.70,4.80,34.90,72.74,26.47,36.37,16.71,290.00,10.54,0.31,7.80,49.30,43.48,5.19,2.06,0.00,No,No,No,Anemic
PID_2484,Female,55,14.90,5.70,45.04,79.05,26.17,33.05,13.36,380.00,9.88,0.37,8.70,51.36,40.38,6.18,2.06,0.00,No,No,No,Compensated Microcytosis
PID_2485,Female,28,12.00,4.40,35.99,81.78,27.26,33.36,13.12,260.00,9.98,0.26,7.00,45.24,47.51,4.10,2.06,1.03,No,No,No,Non-Anemic
PID_2486,Female,53,14.50,5.70,41.39,72.64,25.44,35.04,12.74,380.00,8.90,0.34,8.70,60.73,30.73,5.30,3.20,0.00,No,No,No,Compensated Microcytosis
PID_2487,Female,68,11.80,4.20,35.19,83.76,28.11,33.56,14.88,250.00,9.48,0.24,7.00,55.26,38.17,3.29,2.19,1.09,No,No,No,Anemic
PID_2488,Male,18,11.50,4.20,33.88,80.68,27.39,33.95,15.51,240.00,8.99,0.22,7.10,69.27,24.59,4.12,2.06,0.00,No,No,No,Anemic
PID_2489,Male,79,13.60,5.60,39.96,71.39,24.26,34.02,17.40,330.00,9.82,0.32,7.40,63.56,27.44,6.96,1.99,0.00,No,No,No,Compensated Microcytosis
PID_2490,Female,56,12.20,4.60,38.49,83.70,26.54,31.68,11.00,310.00,9.14,0.28,7.70,64.61,24.46,7.95,2.99,0.00,No,No,No,Compensated Microcytosis
PID_2491,Female,20,11.80,4.30,34.72,80.78,27.41,33.95,12.03,280.00,8.77,0.25,7.30,70.79,21.08,3.06,4.07,1.02,No,No,No,Anemic
PID_2492,Male,24,15.20,5.80,45.82,79.03,26.20,33.20,14.99,400.00,9.44,0.38,9.20,61.34,32.59,5.09,1.02,0.00,No,No,No,Compensated Microcytosis
PID_2493,Male,23,13.40,5.70,40.11,70.36,23.52,33.42,10.99,390.00,9.23,0.36,8.90,44.61,46.85,5.36,3.20,0.00,No,No,No,Compensated Microcytosis
PID_2494,Male,21,11.80,4.30,33.02,76.80,27.46,35.73,11.99,280.00,9.34,0.26,7.30,67.96,20.89,6.14,4.07,1.02,No,No,No,Anemic
PID_2495,Female,26,13.00,5.00,40.01,80.02,26.03,32.46,20.01,330.00,8.93,0.30,7.60,71.98,19.06,4.98,3.00,1.00,Yes,No,No,Compensated Microcytosis
PID_2496,Female,69,10.70,3.90,30.59,78.48,27.41,34.95,14.02,200.00,9.43,0.19,5.90,51.81,38.30,6.94,2.96,0.00,No,No,Yes,Anemic
PID_2497,Male,23,11.80,4.20,35.05,83.46,28.12,33.68,16.97,250.00,8.46,0.21,7.00,39.93,52.34,6.61,1.11,0.00,No,No,No,Anemic
PID_2498,Male,60,14.50,5.20,43.07,82.85,27.85,33.67,11.03,380.00,8.57,0.32,8.50,73.31,17.85,6.93,0.99,0.99,No,Yes,No,Non-Anemic
PID_2499,Female,37,15.20,5.80,43.49,75.01,26.23,34.94,14.96,400.00,9.16,0.37,9.20,72.45,18.38,4.06,4.06,1.02,No,No,No,Compensated Microcytosis
PID_2500,Male,30,14.20,5.40,41.27,76.43,26.31,34.38,16.98,370.00,8.81,0.32,8.30,51.44,38.64,5.96,2.97,0.99,No,No,No,Compensated Microcytosis
PID_2501,Male,42,10.20,3.60,29.41,81.71,28.35,34.69,11.99,190.00,10.10,0.19,5.60,54.28,34.20,7.27,3.13,1.04,No,No,No,Anemic
PID_2502,Male,33,12.20,4.60,34.70,75.41,26.55,35.13,12.98,270.00,8.90,0.24,7.20,70.89,19.82,7.25,1.03,1.03,No,No,No,Anemic
PID_2503,Female,52,10.80,3.90,32.14,82.44,27.67,33.59,10.99,200.00,8.14,0.16,5.90,46.24,42.89,7.59,3.26,0.00,No,No,No,Anemic
PID_2504,Male,31,14.80,5.30,44.49,83.93,27.92,33.27,11.96,360.00,8.55,0.31,8.20,54.60,32.94,7.66,3.84,0.96,No,No,No,Non-Anemic
PID_2505,Male,27,11.00,4.00,33.64,84.09,27.54,32.67,16.02,200.00,7.65,0.15,6.00,68.42,22.74,6.88,1.97,0.00,No,No,No,Anemic
PID_2506,Male,39,12.20,4.60,36.96,80.37,26.55,32.98,17.97,310.00,7.65,0.24,7.70,37.22,52.83,8.01,2.00,0.00,Yes,No,No,Anemic
PID_2507,Male,24,14.70,5.50,39.16,71.17,26.77,37.56,14.96,360.00,8.66,0.31,8.10,55.51,35.48,4.97,3.00,1.00,No,No,No,Compensated Microcytosis
PID_2508,Female,42,14.80,5.30,41.70,78.63,27.95,35.51,17.00,360.00,8.48,0.31,8.20,64.40,26.27,5.15,4.15,0.00,No,No,No,Compensated Microcytosis
PID_2509,Male,30,15.10,5.70,46.64,81.83,26.45,32.37,17.02,380.00,9.01,0.34,9.00,62.57,26.36,7.09,4.04,0.00,No,Yes,No,Compensated Microcytosis
PID_2510,Female,76,12.00,4.30,37.02,86.06,27.93,32.38,13.98,230.00,9.50,0.22,6.90,59.02,34.38,4.40,2.19,0.00,No,No,No,Non-Anemic
PID_2511,Female,71,11.70,4.10,33.84,82.56,28.54,34.59,18.96,250.00,8.94,0.22,6.80,61.92,29.60,6.33,2.11,0.00,No,No,No,Anemic
PID_2512,Female,38,13.50,5.10,38.95,76.40,26.46,34.68,18.99,350.00,9.24,0.32,8.00,51.74,39.40,5.87,1.97,0.98,No,No,No,Compensated Microcytosis
PID_2513,Male,34,11.50,4.20,33.18,79.04,27.42,34.69,12.98,240.00,10.08,0.24,7.10,63.00,29.55,4.27,2.14,1.07,No,No,No,Anemic
PID_2514,Male,79,13.90,5.30,41.25,77.83,26.21,33.70,15.99,330.00,10.40,0.34,7.20,72.98,22.92,2.09,1.04,1.04,No,No,No,Compensated Microcytosis
PID_2515,Female,26,14.40,5.30,42.54,80.25,27.15,33.83,17.00,370.00,8.10,0.30,8.60,39.00,52.35,4.36,4.32,0.00,No,No,No,Compensated Microcytosis
PID_2516,Male,55,11.80,4.20,34.31,81.73,28.10,34.39,19.98,250.00,10.06,0.25,6.80,58.67,33.04,6.28,1.04,1.04,No,No,No,Anemic
PID_2517,Male,19,11.50,4.20,33.72,80.29,27.36,34.12,20.00,240.00,8.87,0.21,7.10,72.34,18.68,6.99,1.00,1.00,No,No,No,Anemic
PID_2518,Male,61,13.20,5.00,42.12,84.26,26.43,31.37,19.04,350.00,9.20,0.32,8.00,75.81,16.01,4.06,3.06,1.02,No,No,No,Compensated Microcytosis
PID_2519,Female,46,14.50,5.20,43.00,82.71,27.87,33.76,18.02,380.00,9.98,0.38,8.50,44.47,47.40,5.11,2.04,1.02,No,No,No,Compensated Microcytosis
PID_2520,Male,73,13.60,5.60,41.24,73.61,24.26,33.01,15.01,330.00,9.61,0.32,7.40,46.17,44.60,7.17,2.05,0.00,No,No,No,Compensated Microcytosis
PID_2521,Male,56,10.40,3.70,30.40,82.13,28.10,34.25,12.02,180.00,9.33,0.17,5.70,53.57,36.31,7.10,3.04,0.00,No,No,No,Anemic
PID_2522,Male,60,12.70,4.80,33.79,70.41,26.49,37.59,15.04,290.00,9.96,0.29,7.80,54.51,37.61,4.52,3.37,0.00,Yes,Yes,No,Anemic
PID_2523,Male,52,13.80,5.30,40.07,75.63,26.03,34.45,14.02,350.00,"11,929.83",417.54,8.00,54.78,34.36,7.58,3.24,0.00,No,No,No,Compensated Microcytosis
PID_2524,Female,59,12.60,4.50,37.47,83.25,28.03,33.59,12.01,260.00,9.18,0.24,7.00,64.03,27.53,7.34,1.05,0.00,No,No,No,Non-Anemic
PID_2525,Female,43,13.80,5.40,39.31,72.81,25.57,35.07,19.99,320.00,9.53,0.31,7.50,67.97,23.07,5.96,2.99,0.00,No,No,No,Compensated Microcytosis
PID_2526,Female,70,12.10,4.50,34.99,77.80,26.89,34.60,19.97,280.00,8.92,0.25,7.00,59.12,31.67,6.18,2.06,1.03,No,No,No,Compensated Microcytosis
PID_2527,Female,39,14.20,5.20,41.15,79.12,27.35,34.50,18.02,360.00,11.21,0.40,8.30,62.61,29.34,6.02,2.00,0.00,No,No,No,Compensated Microcytosis
PID_2528,Female,20,13.50,5.10,38.87,76.25,26.44,34.70,13.98,370.00,9.85,0.36,8.50,64.42,28.36,3.12,3.10,1.03,No,No,Yes,Compensated Microcytosis
PID_2529,Female,30,12.00,4.40,32.91,74.79,27.24,36.45,12.02,260.00,9.03,0.24,7.20,61.23,30.23,3.19,4.23,1.06,No,No,No,Non-Anemic
PID_2530,Female,23,14.00,5.60,42.89,76.55,24.97,32.63,17.03,360.00,8.28,0.30,8.20,46.07,49.54,2.20,2.19,0.00,No,No,No,Compensated Microcytosis
PID_2531,Male,36,12.10,4.60,35.00,76.08,26.28,34.58,18.01,310.00,9.80,0.30,7.70,35.97,55.06,7.00,2.00,0.00,No,No,No,Anemic
PID_2532,Male,53,14.90,5.70,45.30,79.48,26.15,32.90,17.02,380.00,9.11,0.35,8.70,56.02,38.69,2.10,2.11,1.06,No,No,No,Compensated Microcytosis
PID_2533,Female,68,11.60,4.40,33.46,76.04,26.33,34.67,14.98,260.00,8.98,0.23,7.20,48.66,40.50,6.94,3.94,0.00,No,No,No,Anemic
PID_2534,Male,43,14.40,5.30,43.77,82.58,27.18,32.89,14.04,370.00,8.43,0.31,8.60,56.98,32.02,6.99,2.99,1.00,No,No,No,Non-Anemic
PID_2535,Female,72,12.40,4.70,37.02,78.75,26.41,33.46,15.96,310.00,9.30,0.29,7.60,58.85,32.88,5.20,3.10,0.00,No,No,No,Compensated Microcytosis
PID_2536,Female,40,13.50,5.10,40.12,78.69,26.49,33.62,17.97,370.00,9.20,0.34,8.50,75.20,17.93,3.92,1.96,0.98,No,No,No,Compensated Microcytosis
PID_2537,Male,38,11.60,4.20,32.98,78.57,27.60,35.18,20.02,240.00,9.63,0.23,7.10,65.29,26.51,4.03,3.05,1.02,No,No,No,Anemic
PID_2538,Male,41,14.90,5.80,42.45,73.19,25.72,35.07,14.99,380.00,8.85,0.34,8.70,63.43,29.08,4.31,3.21,0.00,No,Yes,No,Compensated Microcytosis
PID_2539,Male,65,12.00,4.30,36.92,85.86,27.93,32.51,10.98,230.00,9.36,0.22,6.90,58.84,30.02,7.11,3.03,1.01,Yes,No,No,Anemic
PID_2540,Female,51,10.30,3.70,30.24,81.73,27.84,34.10,13.03,180.00,8.50,0.15,5.60,70.08,23.77,4.15,1.03,1.03,No,No,No,Anemic
PID_2541,Male,19,11.00,4.00,33.18,82.94,27.46,33.13,19.00,200.00,8.77,0.18,6.00,46.75,45.90,3.09,4.18,0.00,No,No,Yes,Anemic
PID_2542,Male,75,11.60,4.40,35.70,81.17,26.34,32.50,13.99,260.00,9.30,0.24,7.20,63.56,31.18,3.18,2.12,0.00,No,No,No,Anemic
PID_2543,Male,58,13.00,5.00,38.53,77.07,25.98,33.74,11.02,330.00,10.10,0.33,7.60,46.82,45.04,6.11,1.02,1.02,No,Yes,No,Compensated Microcytosis
PID_2544,Female,71,14.80,5.50,44.01,80.01,26.90,33.65,14.02,370.00,8.57,0.32,8.50,64.95,27.81,3.09,3.12,1.04,Yes,No,No,Compensated Microcytosis
PID_2545,Female,38,12.50,4.70,33.86,72.08,26.60,36.90,12.97,270.00,8.41,0.23,7.30,66.53,22.74,7.49,3.21,0.00,No,No,No,Compensated Microcytosis
PID_2546,Female,77,13.30,5.10,38.53,75.52,26.07,34.50,18.01,340.00,8.80,0.30,7.90,77.77,11.95,6.16,3.09,1.03,No,Yes,No,Compensated Microcytosis
PID_2547,Male,77,13.70,5.60,42.35,75.60,24.47,32.33,13.21,310.00,9.95,0.31,7.80,70.33,24.56,2.03,2.06,1.03,Yes,No,No,Compensated Microcytosis
PID_2548,Male,46,11.90,4.40,35.71,81.17,27.04,33.36,14.46,260.00,9.86,0.26,7.10,68.97,23.70,5.29,2.10,0.00,No,No,No,Anemic
PID_2549,Female,51,15.00,5.80,42.58,73.46,25.89,35.23,16.24,400.00,8.13,0.33,9.00,56.40,33.56,6.02,3.02,1.01,No,Yes,No,Compensated Microcytosis
PID_2550,Female,65,13.00,5.00,35.61,71.24,25.96,36.49,15.23,330.00,8.58,0.28,7.60,71.21,19.15,6.42,2.15,1.08,No,No,No,Compensated Microcytosis
PID_2551,Female,19,10.50,3.80,32.71,86.08,27.67,32.06,17.90,180.00,9.07,0.16,5.80,64.40,27.74,5.94,1.97,0.00,No,No,No,Anemic
PID_2552,Male,75,11.60,4.20,36.54,87.01,27.63,31.72,15.59,240.00,9.83,0.23,7.10,69.95,24.88,2.09,2.07,1.04,No,No,No,Anemic
PID_2553,Male,37,12.60,4.80,34.76,72.44,26.22,36.26,24.56,280.00,10.01,0.28,7.40,41.47,48.02,8.39,2.11,0.00,No,No,No,Anemic
PID_2554,Male,22,15.10,5.70,43.81,76.85,26.47,34.45,14.26,380.00,9.65,0.37,9.00,51.55,41.38,6.05,1.01,0.00,No,Yes,No,Compensated Microcytosis
PID_2555,Female,66,12.60,4.80,38.23,79.62,26.26,32.97,16.82,280.00,9.44,0.26,7.40,58.96,34.57,5.40,1.08,0.00,No,No,No,Compensated Microcytosis
PID_2556,Male,32,14.90,5.80,43.01,74.19,25.72,34.66,15.59,380.00,9.71,0.37,8.70,55.50,33.70,6.88,2.95,0.98,No,No,No,Compensated Microcytosis
PID_2557,Female,21,12.30,4.60,39.89,86.72,26.74,30.87,14.68,290.00,9.72,0.28,7.40,62.85,28.07,7.00,2.01,0.00,Yes,No,No,Compensated Microcytosis
PID_2558,Male,56,13.20,5.00,38.82,77.67,26.39,33.97,13.18,350.00,8.37,0.29,8.00,66.61,25.25,3.09,4.09,1.02,No,No,No,Compensated Microcytosis
PID_2559,Male,76,13.20,5.30,38.38,72.39,24.91,34.41,14.43,340.00,9.48,0.32,7.80,52.94,40.84,2.05,3.12,1.04,No,No,Yes,Compensated Microcytosis
PID_2560,Female,71,10.20,3.60,29.05,80.73,28.35,35.13,14.93,190.00,10.73,0.20,5.60,52.95,41.58,2.22,3.26,0.00,No,No,No,Anemic
PID_2561,Male,41,14.70,5.40,44.84,83.06,27.22,32.78,25.01,350.00,10.32,0.36,8.20,55.08,33.25,6.76,3.88,0.97,No,No,No,Compensated Microcytosis
PID_2562,Female,26,10.40,3.70,30.50,82.39,28.08,34.12,13.33,180.00,9.27,0.17,5.70,63.70,29.79,2.20,3.24,1.08,No,No,No,Anemic
PID_2563,Female,31,13.60,5.60,41.35,73.81,24.27,32.91,17.22,330.00,10.11,0.33,7.40,60.08,29.63,7.23,2.06,1.03,No,No,Yes,Compensated Microcytosis
PID_2564,Male,35,13.20,5.30,38.48,72.61,24.88,34.32,16.00,340.00,10.66,0.36,7.80,50.63,40.47,6.94,1.99,0.00,No,Yes,No,Compensated Microcytosis
PID_2565,Female,26,13.80,5.50,41.91,76.22,25.12,32.92,15.76,320.00,9.29,0.30,7.40,50.19,42.43,4.23,2.12,1.06,No,No,No,Compensated Microcytosis
PID_2566,Female,51,12.70,4.80,37.90,78.96,26.47,33.49,14.27,280.00,10.81,0.30,7.40,62.59,30.47,4.95,1.00,1.00,No,No,No,Compensated Microcytosis
PID_2567,Male,36,14.20,5.20,43.29,83.22,27.28,32.80,16.08,360.00,7.77,0.28,8.30,60.49,29.28,7.22,3.09,0.00,Yes,No,No,Compensated Microcytosis
PID_2568,Male,61,15.00,5.80,43.13,74.34,25.87,34.80,22.53,400.00,8.68,0.35,9.00,60.82,32.54,5.50,1.10,0.00,No,No,No,Compensated Microcytosis
PID_2569,Male,34,14.20,5.20,40.54,77.92,27.33,35.03,13.52,360.00,9.54,0.34,8.30,66.25,27.35,4.30,1.07,1.07,No,No,No,Non-Anemic
PID_2570,Female,53,10.80,3.90,32.03,82.15,27.65,33.70,17.69,200.00,9.41,0.19,5.90,52.87,37.14,6.98,2.00,1.00,No,No,No,Anemic
PID_2571,Female,47,13.00,5.00,38.18,76.39,25.99,34.02,16.33,330.00,10.61,0.35,7.60,33.81,56.41,7.81,1.96,0.00,No,No,No,Compensated Microcytosis
PID_2572,Female,56,15.20,5.80,47.11,81.27,26.18,32.27,16.17,400.00,10.56,0.42,9.20,74.84,17.05,6.08,2.03,0.00,No,No,No,Compensated Microcytosis
PID_2573,Male,61,12.00,4.40,35.67,81.08,27.28,33.65,12.31,260.00,8.49,0.22,7.20,49.72,39.91,7.22,2.07,1.03,Yes,No,Yes,Anemic
PID_2574,Male,49,13.80,5.30,40.66,76.72,26.01,33.95,13.98,350.00,10.11,0.35,8.00,67.48,21.08,7.30,3.12,1.04,No,No,No,Compensated Microcytosis
PID_2575,Female,18,14.90,5.70,40.11,70.36,26.15,37.12,12.83,380.00,9.47,0.36,8.70,70.55,22.00,4.20,3.17,0.00,No,Yes,No,Compensated Microcytosis
PID_2576,Male,74,11.50,4.20,35.21,83.81,27.42,32.63,13.29,240.00,9.28,0.22,7.10,65.90,26.10,4.02,3.99,0.00,No,No,No,Anemic
PID_2577,Male,33,13.50,5.10,37.75,74.04,26.47,35.73,11.96,350.00,9.36,0.33,8.00,69.82,20.37,6.92,1.97,0.98,No,No,No,Compensated Microcytosis
PID_2578,Male,66,10.90,3.80,30.97,81.48,28.72,35.19,12.02,190.00,8.18,0.16,5.80,69.82,21.19,4.96,3.99,0.00,No,No,No,Anemic
PID_2579,Female,55,12.10,4.50,35.24,78.31,26.92,34.32,13.56,280.00,10.48,0.29,7.00,47.19,43.74,8.06,1.01,0.00,No,No,No,Compensated Microcytosis
PID_2580,Male,59,13.20,5.10,36.55,71.69,25.92,36.11,13.81,340.00,9.87,0.33,7.80,57.96,30.93,8.04,3.02,0.00,Yes,No,Yes,Compensated Microcytosis
PID_2581,Female,40,14.90,5.80,43.26,74.55,25.72,34.42,13.28,380.00,8.18,0.31,8.70,52.52,42.29,2.07,2.08,1.04,Yes,No,No,Compensated Microcytosis
PID_2582,Male,64,14.00,5.50,40.62,73.85,25.46,34.47,13.12,370.00,9.00,0.33,8.70,59.91,32.78,3.12,3.13,1.04,No,No,No,Compensated Microcytosis
PID_2583,Female,55,13.80,5.50,40.66,73.96,25.08,33.93,13.32,320.00,10.36,0.33,7.40,65.22,27.68,6.02,1.01,0.00,No,No,No,Compensated Microcytosis
PID_2584,Female,32,12.00,4.40,33.83,76.92,27.27,35.50,12.07,260.00,9.45,0.25,7.00,61.55,29.35,6.08,2.02,1.01,No,No,No,Non-Anemic
PID_2585,Female,47,10.70,3.90,30.30,77.67,27.47,35.30,16.92,200.00,115.04,2.30,5.90,52.92,38.68,6.31,2.10,0.00,No,No,Yes,Anemic
PID_2586,Female,29,10.90,3.80,32.78,86.31,28.70,33.22,16.92,190.00,8.58,0.16,5.80,53.66,39.13,6.20,1.04,0.00,No,No,No,Anemic
PID_2587,Male,43,11.90,4.40,36.71,83.44,27.07,32.42,12.77,260.00,9.50,0.25,7.10,58.27,31.81,6.99,2.98,0.00,No,No,No,Anemic
PID_2588,Male,72,12.00,4.40,35.55,80.79,27.28,33.78,13.92,260.00,9.90,0.26,7.20,53.54,40.89,3.33,2.24,0.00,No,No,No,Anemic
PID_2589,Female,28,13.80,5.30,41.77,78.85,26.03,33.07,14.22,350.00,9.40,0.33,8.00,46.53,42.63,7.88,1.97,0.99,No,No,No,Compensated Microcytosis
PID_2590,Female,45,12.50,4.70,36.85,78.37,26.57,33.92,13.69,300.00,8.81,0.26,7.70,68.06,23.33,5.37,3.22,0.00,No,No,No,Compensated Microcytosis
PID_2591,Male,41,12.60,4.80,35.51,73.99,26.22,35.46,12.68,280.00,9.42,0.26,7.40,60.93,33.44,3.38,1.12,1.12,No,No,No,Anemic
PID_2592,Male,77,14.20,5.20,42.45,81.61,27.27,33.46,12.14,360.00,10.03,0.36,8.30,47.13,45.71,4.08,3.05,0.00,No,No,Yes,Non-Anemic
PID_2593,Female,38,12.50,4.70,36.82,78.32,26.60,33.91,12.98,290.00,10.35,0.30,7.50,60.52,32.13,3.15,3.13,1.04,No,No,No,Compensated Microcytosis
PID_2594,Female,44,14.60,5.40,42.85,79.37,27.05,34.06,14.49,350.00,9.92,0.35,8.20,67.28,21.96,6.84,2.93,0.98,No,No,No,Compensated Microcytosis
PID_2595,Female,32,14.20,5.20,40.55,77.96,27.28,35.06,13.20,360.00,9.60,0.35,8.30,65.49,24.50,6.97,3.00,0.00,No,No,No,Non-Anemic
PID_2596,Female,70,15.00,5.80,47.92,82.65,25.88,31.32,13.37,400.00,5.88,0.24,9.00,60.85,32.00,6.11,1.02,0.00,No,No,No,Compensated Microcytosis
PID_2597,Female,80,14.20,5.20,42.68,82.04,27.31,33.28,12.30,360.00,6.73,0.24,8.30,61.00,30.07,6.89,1.97,0.00,No,No,No,Non-Anemic
PID_2598,Male,34,11.60,4.40,33.87,76.94,26.35,34.25,13.41,260.00,10.28,0.27,7.20,60.50,33.27,2.08,4.14,0.00,No,No,No,Anemic
PID_2599,Female,52,11.90,4.10,33.58,81.94,29.06,35.46,17.01,250.00,9.64,0.24,6.80,68.42,25.27,4.16,2.10,0.00,No,No,No,Anemic
PID_2600,Male,42,12.40,4.70,37.11,78.95,26.38,33.37,13.41,300.00,9.64,0.29,7.70,60.19,29.82,7.92,1.98,0.00,No,No,No,Anemic
PID_2601,Male,63,13.30,5.10,41.89,82.11,26.09,31.75,14.09,340.00,16.79,0.57,7.90,71.78,23.09,3.09,2.05,0.00,No,No,No,Compensated Microcytosis
PID_2602,Female,22,14.30,5.20,41.16,79.11,27.52,34.75,12.87,360.00,9.20,0.33,8.30,66.02,25.90,4.09,4.05,0.00,No,No,No,Non-Anemic
PID_2603,Female,35,13.90,5.30,41.82,78.89,26.24,33.21,11.91,330.00,9.31,0.31,7.20,57.93,32.96,6.05,3.04,0.00,No,No,Yes,Compensated Microcytosis
PID_2604,Female,60,14.70,5.40,45.13,83.57,27.23,32.57,18.39,350.00,9.36,0.33,8.20,70.37,20.33,5.80,2.33,1.16,No,No,No,Compensated Microcytosis
PID_2605,Female,50,13.20,5.10,39.70,77.87,25.85,33.22,14.39,340.00,8.76,0.30,7.80,51.75,41.69,3.29,2.17,1.08,No,No,No,Compensated Microcytosis
PID_2606,Female,61,14.60,5.40,43.22,80.04,27.06,33.80,16.68,370.00,9.43,0.35,8.60,59.98,33.69,3.18,3.19,0.00,No,No,Yes,Compensated Microcytosis
PID_2607,Female,80,11.50,4.20,34.56,82.26,27.36,33.30,17.80,240.00,9.34,0.22,7.10,63.82,28.08,5.05,3.03,0.00,No,No,No,Anemic
PID_2608,Male,20,14.20,5.40,45.29,83.91,26.28,31.33,17.98,370.00,9.47,0.35,8.30,64.18,23.62,7.75,4.43,0.00,No,No,No,Compensated Microcytosis
PID_2609,Male,34,14.00,5.60,39.91,71.27,25.03,35.11,12.58,360.00,18.45,0.67,8.20,42.39,49.40,5.11,2.05,1.02,No,No,No,Compensated Microcytosis
PID_2610,Male,31,14.30,5.20,40.25,77.43,27.48,35.55,12.04,360.00,10.53,0.38,8.30,49.03,42.78,6.16,2.04,0.00,No,No,No,Non-Anemic
PID_2611,Male,79,14.60,5.40,41.98,77.69,27.02,34.80,17.57,350.00,10.61,0.37,8.20,51.72,37.12,8.14,2.03,1.01,Yes,Yes,No,Compensated Microcytosis
PID_2612,Male,45,14.20,5.20,43.51,83.66,27.32,32.63,13.77,360.00,944.87,34.02,8.30,58.18,32.41,6.31,3.14,0.00,No,No,No,Non-Anemic
PID_2613,Male,64,13.50,5.10,39.99,78.44,26.47,33.79,13.96,370.00,9.54,0.35,8.50,53.89,36.97,6.07,3.05,0.00,No,No,No,Compensated Microcytosis
PID_2614,Female,33,12.30,4.50,36.18,80.38,27.31,33.99,17.29,290.00,10.61,0.31,7.50,53.83,36.35,6.86,1.97,0.98,No,No,No,Compensated Microcytosis
PID_2615,Female,45,14.70,5.40,42.34,78.40,27.20,34.75,15.02,350.00,9.29,0.32,8.20,56.20,34.13,7.74,1.92,0.00,No,No,No,Compensated Microcytosis
PID_2616,Male,73,13.50,5.50,38.79,70.54,24.53,34.79,12.07,330.00,9.90,0.33,7.20,63.97,30.74,3.13,2.11,0.00,No,No,No,Compensated Microcytosis
PID_2617,Male,18,13.20,5.10,39.86,78.19,25.84,33.13,14.14,340.00,9.09,0.31,7.80,44.86,49.69,3.28,2.16,0.00,No,Yes,No,Compensated Microcytosis
PID_2618,Female,63,13.20,5.30,38.71,73.01,24.88,34.13,11.80,340.00,17.30,0.59,7.80,47.85,41.86,7.20,2.06,1.03,No,No,No,Compensated Microcytosis
PID_2619,Female,60,13.00,5.00,37.63,75.25,25.97,34.54,13.67,330.00,13.03,0.43,7.60,71.33,22.42,3.15,3.12,0.00,Yes,No,No,Compensated Microcytosis
PID_2620,Male,49,12.70,4.80,35.53,74.04,26.45,35.77,14.26,290.00,6.14,0.18,7.80,52.36,39.54,4.06,4.07,0.00,No,No,No,Anemic
PID_2621,Female,61,12.00,4.30,34.44,80.07,27.88,34.89,14.29,230.00,9.36,0.22,6.90,65.99,24.56,8.41,1.05,0.00,No,No,No,Non-Anemic
PID_2622,Female,65,10.20,3.60,29.19,81.12,28.33,34.94,12.21,190.00,8.75,0.17,5.60,49.98,44.42,4.48,1.11,0.00,No,No,No,Anemic
PID_2623,Male,53,12.30,4.50,36.07,80.17,27.35,34.09,13.18,290.00,8.70,0.25,7.50,63.90,26.34,6.78,1.95,0.97,No,No,No,Anemic
PID_2624,Female,54,13.60,5.60,38.10,68.03,24.25,35.73,14.30,330.00,9.02,0.30,7.40,62.11,30.72,5.13,2.05,0.00,No,No,No,Compensated Microcytosis
PID_2625,Female,43,15.10,5.70,43.78,76.79,26.52,34.45,18.11,380.00,9.90,0.38,9.00,69.76,22.94,4.16,3.12,0.00,No,No,Yes,Compensated Microcytosis
PID_2626,Male,21,15.10,5.80,45.80,78.98,26.01,32.94,13.67,380.00,16.06,0.61,9.00,66.05,24.80,6.14,2.03,1.02,No,No,No,Compensated Microcytosis
PID_2627,Male,32,14.00,5.20,39.23,75.45,26.91,35.65,12.23,360.00,8.68,0.31,8.20,61.01,28.34,6.82,2.92,0.97,Yes,No,No,Compensated Microcytosis
PID_2628,Female,55,11.70,4.10,33.58,81.87,28.53,34.80,12.63,250.00,9.88,0.25,6.80,62.64,30.09,4.13,2.08,1.04,No,No,No,Anemic
PID_2629,Female,32,15.00,5.80,44.82,77.23,25.84,33.44,13.10,400.00,9.93,0.40,9.00,55.54,35.34,5.03,4.05,0.00,No,Yes,No,Compensated Microcytosis
PID_2630,Female,74,14.00,5.50,41.89,76.17,25.47,33.42,14.62,370.00,6.52,0.24,8.70,42.94,47.64,5.25,3.14,1.05,No,No,No,Compensated Microcytosis
PID_2631,Male,30,14.70,5.50,42.79,77.82,26.75,34.39,11.72,360.00,13.47,0.48,8.10,53.57,39.81,5.49,1.10,0.00,No,Yes,No,Compensated Microcytosis
PID_2632,Female,78,10.90,3.80,31.54,83.04,28.66,34.58,12.10,190.00,10.04,0.19,5.80,63.75,30.20,3.07,3.06,0.00,No,No,No,Anemic
PID_2633,Female,76,12.20,4.60,35.63,77.49,26.49,34.26,11.87,270.00,5.37,0.14,7.20,42.86,48.83,5.19,2.07,1.04,No,No,No,Compensated Microcytosis
PID_2634,Male,54,11.50,4.20,33.46,79.67,27.37,34.40,15.76,240.00,10.09,0.24,7.10,59.21,34.57,3.11,3.13,0.00,No,No,No,Anemic
PID_2635,Female,55,13.50,5.10,37.46,73.46,26.48,36.04,16.90,350.00,10.21,0.36,8.00,68.33,20.33,7.22,3.11,1.04,No,Yes,No,Compensated Microcytosis
PID_2636,Female,52,12.00,4.40,34.01,77.28,27.26,35.27,11.91,260.00,9.05,0.23,7.00,75.90,17.91,4.12,2.07,0.00,No,No,No,Non-Anemic
PID_2637,Female,55,13.20,5.30,38.56,72.74,24.89,34.22,13.57,340.00,10.42,0.35,7.80,59.34,28.68,6.99,4.00,1.00,No,No,No,Compensated Microcytosis
PID_2638,Male,41,12.50,4.70,35.58,75.71,26.61,35.11,14.00,270.00,9.43,0.25,7.30,58.00,32.16,6.59,3.28,0.00,No,No,No,Anemic
PID_2639,Female,75,14.30,5.10,43.65,85.62,28.02,32.74,17.17,340.00,14.50,0.49,7.80,47.31,45.10,4.34,3.25,0.00,No,Yes,No,Compensated Microcytosis
PID_2640,Male,76,12.60,4.80,36.55,76.16,26.25,34.44,11.70,280.00,8.16,0.23,7.40,67.91,24.88,4.17,2.07,1.04,No,No,No,Anemic
PID_2641,Female,43,12.00,4.40,33.18,75.44,27.29,36.15,12.59,260.00,7.00,0.18,7.20,49.16,42.88,3.94,3.96,0.00,No,No,No,Non-Anemic
PID_2642,Male,65,14.20,5.20,42.09,80.90,27.30,33.75,13.34,360.00,8.94,0.32,8.30,65.04,24.74,6.06,3.05,1.02,No,No,Yes,Non-Anemic
PID_2643,Male,47,14.80,5.30,44.87,84.70,27.96,32.97,17.90,360.00,6.88,0.25,8.20,58.56,31.56,4.39,4.42,1.11,No,No,No,Compensated Microcytosis
PID_2644,Male,73,12.80,4.30,38.53,89.58,29.80,33.26,11.56,280.00,10.00,0.28,7.00,47.06,42.96,6.96,2.99,0.00,No,No,No,Anemic
PID_2645,Female,51,13.50,5.30,41.29,77.93,25.49,32.73,13.08,350.00,6.88,0.24,8.00,58.05,32.46,5.29,4.22,0.00,No,No,No,Compensated Microcytosis
PID_2646,Male,29,12.80,4.30,38.72,90.02,29.75,33.04,12.89,280.00,10.43,0.29,7.00,59.21,33.61,3.05,3.07,1.02,No,No,No,Anemic
PID_2647,Male,46,12.30,4.60,36.66,79.69,26.71,33.58,14.82,290.00,10.85,0.31,7.40,63.40,30.34,2.10,4.18,0.00,No,Yes,No,Anemic
PID_2648,Female,69,12.20,4.60,37.76,82.08,26.53,32.34,14.61,270.00,7.90,0.21,7.20,44.95,45.06,5.98,4.01,0.00,No,No,No,Compensated Microcytosis
PID_2649,Male,62,11.80,4.20,34.69,82.59,28.11,34.04,17.33,250.00,8.39,0.21,6.80,67.17,27.54,3.17,2.12,0.00,No,No,No,Anemic
PID_2650,Male,47,15.00,5.80,42.76,73.76,25.83,35.10,13.48,400.00,9.33,0.37,9.00,51.78,42.92,3.20,2.12,0.00,No,No,No,Compensated Microcytosis
PID_2651,Female,23,12.80,4.90,38.89,79.36,26.12,32.92,13.29,300.00,6.55,0.20,7.60,28.29,60.94,7.56,2.16,1.08,No,No,Yes,Compensated Microcytosis
PID_2652,Female,39,12.20,4.50,34.06,75.71,27.09,35.84,14.23,290.00,6.64,0.19,7.50,58.25,33.73,5.04,3.01,0.00,No,No,No,Compensated Microcytosis
PID_2653,Female,74,14.90,5.70,43.05,75.55,26.15,34.65,11.61,380.00,9.27,0.35,8.70,68.43,25.12,3.28,3.25,0.00,Yes,No,No,Compensated Microcytosis
PID_2654,Male,76,12.30,4.60,34.91,75.89,26.74,35.22,12.00,290.00,7.90,0.23,7.40,53.00,37.73,5.19,4.12,0.00,No,No,No,Anemic
PID_2655,Male,71,13.60,5.60,40.95,73.10,24.31,33.24,12.08,310.00,12.98,0.40,7.80,58.93,32.39,3.27,4.37,1.09,No,No,No,Compensated Microcytosis
PID_2656,Male,28,13.00,5.00,37.12,74.20,26.01,35.02,13.74,330.00,10.38,0.34,7.60,65.14,28.41,5.30,1.07,0.00,No,No,No,Compensated Microcytosis
PID_2657,Male,30,12.80,4.30,39.16,91.08,29.74,32.69,17.49,280.00,6.81,0.19,7.00,61.30,33.49,4.13,1.04,0.00,No,No,No,Anemic
PID_2658,Male,66,12.00,4.40,34.22,77.80,27.26,35.10,11.88,260.00,6.51,0.17,7.20,65.66,25.35,5.98,3.00,0.00,No,Yes,No,Anemic
PID_2659,Female,53,14.90,5.80,43.56,75.11,25.65,34.23,14.49,380.00,7.02,0.27,8.70,59.16,33.34,4.25,3.22,0.00,No,No,No,Compensated Microcytosis
PID_2660,Male,68,13.80,5.50,39.81,72.39,25.12,34.65,14.03,320.00,13.68,0.44,7.40,58.90,29.19,7.95,2.98,0.99,No,No,No,Compensated Microcytosis
PID_2661,Female,35,13.70,5.60,42.04,75.09,24.48,32.58,14.38,310.00,9.65,0.30,7.80,60.98,30.51,4.23,3.19,1.06,No,No,No,Compensated Microcytosis
PID_2662,Male,68,12.30,4.60,37.36,81.21,26.71,32.93,14.60,290.00,13.02,0.38,7.40,41.39,51.42,4.07,2.05,1.03,No,No,No,Anemic
PID_2663,Male,40,12.50,4.70,36.01,76.59,26.59,34.70,13.20,290.00,7.25,0.21,7.50,54.60,37.11,5.14,3.10,0.00,No,No,No,Anemic
PID_2664,Male,44,13.00,5.20,39.56,76.09,25.01,32.85,12.28,320.00,12.99,0.42,7.40,69.19,22.66,4.12,3.06,1.02,No,No,No,Compensated Microcytosis
PID_2665,Female,48,10.70,3.90,30.96,79.36,27.41,34.57,11.79,200.00,8.40,0.17,5.90,56.85,35.12,3.97,4.00,0.00,No,No,No,Anemic
PID_2666,Female,33,13.20,5.30,40.79,76.98,24.87,32.32,13.67,340.00,7.24,0.25,7.80,61.25,27.98,7.80,1.95,0.97,No,No,No,Compensated Microcytosis
PID_2667,Male,32,10.50,3.80,29.98,78.92,27.60,34.99,14.12,180.00,7.23,0.13,5.80,59.64,33.21,3.10,3.07,1.02,No,No,No,Anemic
PID_2668,Male,27,14.00,5.50,43.05,78.28,25.42,32.54,17.43,370.00,6.89,0.25,8.70,65.11,23.85,8.07,2.01,1.01,No,No,No,Compensated Microcytosis
PID_2669,Male,69,13.30,5.10,38.37,75.24,26.09,34.66,13.44,340.00,11.34,0.38,7.90,54.21,37.50,5.16,3.11,0.00,No,No,No,Compensated Microcytosis
PID_2670,Male,56,12.30,4.60,35.39,76.92,26.78,34.77,11.86,290.00,10.37,0.30,7.40,45.24,47.45,5.22,1.04,1.04,No,No,No,Anemic
PID_2671,Male,38,13.00,5.20,39.20,75.36,24.99,33.19,13.72,320.00,7.41,0.24,7.40,34.89,57.97,2.07,4.09,1.02,No,No,No,Compensated Microcytosis
PID_2672,Male,48,13.30,5.10,38.33,75.17,26.07,34.70,13.11,340.00,10.82,0.37,7.90,70.12,20.18,7.56,1.08,1.08,No,No,No,Compensated Microcytosis
PID_2673,Female,20,12.60,4.80,36.72,76.47,26.24,34.35,13.36,280.00,7.87,0.22,7.40,48.75,45.78,3.30,1.10,1.10,No,No,No,Compensated Microcytosis
PID_2674,Male,59,14.50,5.70,43.47,76.26,25.47,33.36,12.74,380.00,7.04,0.27,8.70,70.28,22.65,3.02,3.03,1.01,No,No,No,Compensated Microcytosis
PID_2675,Male,46,11.60,4.40,35.38,80.40,26.33,32.78,12.32,260.00,10.41,0.27,7.20,52.40,38.93,6.52,2.17,0.00,No,No,No,Anemic
PID_2676,Female,50,12.00,4.40,37.92,86.17,27.30,31.64,12.97,260.00,10.87,0.28,7.00,72.58,15.26,7.11,4.06,1.02,No,No,No,Non-Anemic
PID_2677,Male,60,13.20,5.30,38.35,72.37,24.94,34.42,12.10,340.00,7.45,0.25,7.80,66.87,23.80,5.16,3.12,1.04,No,No,No,Compensated Microcytosis
PID_2678,Female,28,12.60,4.50,39.23,87.19,27.99,32.11,13.38,260.00,6.86,0.18,7.00,60.54,29.41,6.01,3.99,0.00,Yes,No,No,Non-Anemic
PID_2679,Male,66,13.00,5.20,38.11,73.27,24.99,34.10,17.03,320.00,7.86,0.25,7.40,63.92,26.79,6.17,2.07,1.03,No,No,Yes,Compensated Microcytosis
PID_2680,Male,19,13.00,5.00,38.59,77.21,26.03,33.65,12.22,330.00,14.44,0.48,7.60,64.40,27.34,4.08,4.10,0.00,No,No,No,Compensated Microcytosis
PID_2681,Male,32,12.70,4.80,36.48,76.04,26.49,34.83,14.64,280.00,8.99,0.25,7.40,60.09,32.96,5.03,1.00,1.00,No,Yes,No,Anemic
PID_2682,Female,59,12.70,4.80,37.76,78.69,26.46,33.67,12.31,290.00,7.42,0.22,7.80,52.35,39.03,7.50,1.07,0.00,No,No,No,Compensated Microcytosis
PID_2683,Female,42,15.10,5.70,44.93,78.82,26.50,33.59,14.30,380.00,10.04,0.38,9.00,67.03,25.40,4.36,3.26,0.00,No,No,No,Compensated Microcytosis
PID_2684,Female,48,12.30,4.60,35.27,76.67,26.74,34.89,16.62,290.00,8.16,0.24,7.40,66.34,28.26,2.14,3.23,0.00,No,No,No,Compensated Microcytosis
PID_2685,Male,19,15.10,5.70,43.89,77.03,26.49,34.41,14.03,380.00,9.32,0.35,9.00,72.14,22.46,2.22,3.27,0.00,No,No,No,Compensated Microcytosis
PID_2686,Male,75,11.80,4.20,34.32,81.75,28.10,34.36,18.33,250.00,7.23,0.18,7.00,58.38,31.60,8.02,2.01,0.00,No,No,No,Anemic
PID_2687,Female,78,10.90,3.80,31.54,83.03,28.69,34.55,11.96,190.00,7.01,0.13,5.80,51.90,42.77,2.15,2.12,1.06,No,No,No,Anemic
PID_2688,Female,32,12.60,4.80,39.18,81.67,26.27,32.18,14.13,280.00,10.05,0.28,7.40,66.59,29.26,2.10,2.08,0.00,No,No,No,Compensated Microcytosis
PID_2689,Female,20,14.60,5.40,41.82,77.46,27.05,34.90,11.72,370.00,7.23,0.27,8.60,66.24,28.43,2.10,2.12,1.06,Yes,No,No,Compensated Microcytosis
PID_2690,Female,55,13.40,5.10,38.58,75.66,26.28,34.70,12.87,340.00,8.39,0.29,7.90,36.44,58.23,3.20,2.15,0.00,No,No,No,Compensated Microcytosis
PID_2691,Male,73,13.40,5.70,40.88,71.69,23.49,32.81,12.79,390.00,6.81,0.27,8.90,40.21,55.27,2.23,2.26,0.00,No,No,No,Compensated Microcytosis
PID_2692,Male,56,13.80,5.40,40.94,75.82,25.52,33.70,13.19,320.00,10.02,0.32,7.50,58.35,33.27,7.35,1.05,0.00,No,Yes,No,Compensated Microcytosis
PID_2693,Male,31,10.80,3.90,31.81,81.55,27.70,33.97,13.86,200.00,7.03,0.14,5.90,58.72,30.34,8.00,1.99,1.00,No,No,No,Anemic
PID_2694,Male,62,12.50,4.70,36.94,78.63,26.56,33.84,13.33,270.00,8.40,0.23,7.30,58.48,32.39,6.04,3.03,0.00,No,No,No,Anemic
PID_2695,Male,20,13.40,5.70,38.95,68.36,23.52,34.44,14.01,390.00,7.05,0.27,8.90,62.06,33.66,2.11,2.13,0.00,No,No,No,Compensated Microcytosis
PID_2696,Male,72,13.70,5.60,38.36,68.45,24.43,35.75,14.18,310.00,10.89,0.34,7.80,64.58,27.09,5.19,2.09,1.04,No,No,No,Compensated Microcytosis
PID_2697,Male,61,12.00,4.40,34.00,77.23,27.28,35.31,13.52,260.00,6.86,0.18,7.20,65.41,26.46,5.04,2.03,1.02,No,No,No,Anemic
PID_2698,Female,76,14.60,5.40,45.03,83.37,27.05,32.40,11.84,370.00,11.32,0.42,8.60,46.74,47.80,4.40,1.09,0.00,No,No,No,Compensated Microcytosis
PID_2699,Female,43,14.50,5.70,41.73,73.19,25.44,34.76,16.64,380.00,14.45,0.55,8.70,57.56,33.18,7.23,2.06,0.00,No,No,No,Compensated Microcytosis
PID_2700,Male,18,11.90,4.40,33.43,76.00,27.08,35.60,12.72,260.00,13.01,0.34,7.10,79.77,12.86,6.36,1.06,0.00,No,No,No,Anemic
PID_2701,Female,47,11.60,4.20,33.66,80.14,27.64,34.48,18.33,240.00,10.04,0.24,7.10,56.21,35.81,3.96,2.99,1.00,No,No,No,Anemic
PID_2702,Female,30,12.60,4.80,35.68,74.35,26.27,35.30,12.77,280.00,7.90,0.22,7.40,60.98,30.20,7.89,0.98,0.00,No,No,No,Compensated Microcytosis
PID_2703,Female,37,14.70,5.40,40.37,74.72,27.22,36.44,18.40,350.00,7.00,0.25,8.20,68.69,19.35,6.95,3.98,1.00,No,No,No,Compensated Microcytosis
PID_2704,Male,42,12.50,4.70,35.48,75.48,26.61,35.27,13.47,300.00,9.68,0.29,7.70,64.22,28.47,6.29,1.04,0.00,No,No,No,Anemic
PID_2705,Female,34,10.80,3.90,31.49,80.75,27.72,34.27,18.61,200.00,7.64,0.15,5.90,65.32,27.48,3.09,3.10,1.03,Yes,Yes,No,Anemic
PID_2706,Male,67,14.70,5.50,41.70,75.82,26.74,35.25,13.19,360.00,8.44,0.30,8.10,59.56,31.59,4.45,4.43,0.00,No,No,No,Compensated Microcytosis
PID_2707,Male,32,12.50,4.70,36.58,77.78,26.61,34.20,12.12,290.00,9.97,0.29,7.50,54.93,35.94,5.11,3.06,1.02,No,No,No,Anemic
PID_2708,Female,32,12.20,4.50,35.85,79.71,27.12,34.03,13.58,290.00,6.48,0.19,7.50,50.98,39.15,5.94,2.95,0.98,No,No,No,Compensated Microcytosis
PID_2709,Female,59,14.00,5.50,41.69,75.82,25.44,33.57,11.60,370.00,7.86,0.29,8.70,51.16,41.63,4.12,3.09,0.00,No,No,No,Compensated Microcytosis
PID_2710,Male,67,13.50,5.50,37.63,68.42,24.55,35.91,12.77,330.00,14.44,0.48,7.20,73.78,19.71,4.30,2.16,0.00,No,No,No,Compensated Microcytosis
PID_2711,Male,71,12.40,4.70,37.56,79.89,26.37,33.04,13.71,300.00,10.82,0.33,7.70,48.75,39.67,7.71,2.90,0.97,No,No,Yes,Anemic
PID_2712,Female,26,15.10,5.70,42.13,73.94,26.52,35.85,11.78,380.00,9.32,0.35,9.00,49.43,41.46,5.04,4.04,0.00,No,No,No,Compensated Microcytosis
PID_2713,Female,37,13.60,5.60,39.31,70.21,24.25,34.61,12.79,310.00,6.85,0.21,7.80,75.98,17.55,4.32,1.08,1.08,No,No,No,Compensated Microcytosis
PID_2714,Female,68,12.40,4.70,38.37,81.60,26.39,32.31,18.11,310.00,9.28,0.29,7.60,66.62,28.03,2.10,2.14,1.07,No,No,No,Compensated Microcytosis
PID_2715,Male,76,14.00,5.20,40.65,78.20,26.95,34.41,11.96,360.00,6.88,0.25,8.20,50.53,39.77,5.82,3.91,0.00,No,No,No,Compensated Microcytosis
PID_2716,Male,77,12.20,4.60,38.75,84.28,26.54,31.50,13.68,310.00,8.95,0.28,7.70,39.19,51.37,6.32,3.14,0.00,No,No,No,Anemic
PID_2717,Female,24,12.60,4.50,36.26,80.58,27.97,34.78,12.84,260.00,7.47,0.19,7.00,71.37,17.78,7.87,1.98,0.99,No,No,No,Non-Anemic
PID_2718,Male,47,14.20,5.40,40.50,75.00,26.29,35.02,15.38,360.00,7.63,0.28,8.30,38.70,54.00,4.14,3.13,0.00,No,No,No,Compensated Microcytosis
PID_2719,Female,34,12.30,4.60,36.95,80.35,26.71,33.31,14.21,290.00,13.71,0.40,7.40,69.22,21.59,6.10,2.04,1.02,No,No,No,Compensated Microcytosis
PID_2720,Female,55,12.40,4.90,36.31,74.10,25.32,34.13,11.87,270.00,7.45,0.20,7.30,40.00,48.09,7.92,2.99,1.00,No,No,No,Compensated Microcytosis
PID_2721,Male,26,14.70,5.50,40.45,73.54,26.74,36.31,13.36,360.00,14.48,0.52,8.10,52.81,37.40,5.44,3.27,1.09,No,Yes,No,Compensated Microcytosis
PID_2722,Female,33,12.20,4.60,36.53,79.39,26.50,33.38,11.78,270.00,7.88,0.21,7.20,41.39,52.41,3.10,3.10,0.00,Yes,No,No,Compensated Microcytosis
PID_2723,Male,24,10.50,3.80,32.08,84.41,27.64,32.74,12.08,180.00,7.69,0.14,5.80,57.19,35.24,5.40,2.17,0.00,No,No,No,Anemic
PID_2724,Female,47,10.80,3.90,30.19,77.42,27.73,35.77,11.58,200.00,8.16,0.16,5.90,53.13,38.61,3.08,4.13,1.03,No,No,Yes,Anemic
PID_2725,Male,34,11.50,4.20,31.63,75.36,27.40,36.37,16.21,240.00,9.26,0.22,7.10,71.76,20.79,3.18,4.24,0.00,No,No,No,Anemic
PID_2726,Female,70,13.20,5.30,38.82,73.25,24.91,33.97,14.07,340.00,7.23,0.25,7.80,39.08,53.77,4.08,3.08,0.00,No,Yes,No,Compensated Microcytosis
PID_2727,Male,79,13.00,5.00,36.92,73.86,26.00,35.20,15.82,330.00,6.51,0.21,7.60,65.13,26.16,5.50,2.19,1.09,Yes,No,No,Compensated Microcytosis
PID_2728,Male,69,12.40,4.90,34.82,71.04,25.34,35.62,12.48,270.00,7.27,0.20,7.30,70.62,21.51,2.93,3.94,0.99,No,No,No,Anemic
PID_2729,Male,69,11.80,4.30,35.64,82.88,27.42,33.12,11.69,280.00,13.05,0.36,7.30,70.74,17.58,7.47,3.19,1.06,No,Yes,No,Anemic
PID_2730,Female,58,14.00,5.60,41.89,74.77,24.98,33.45,11.87,360.00,7.89,0.28,8.20,71.89,21.50,3.32,2.20,1.10,Yes,No,No,Compensated Microcytosis
PID_2731,Male,67,13.20,5.00,37.21,74.38,26.42,35.50,12.41,350.00,6.55,0.23,8.00,70.77,19.99,5.15,4.11,0.00,No,No,No,Compensated Microcytosis
PID_2732,Male,67,12.40,4.70,34.42,73.23,26.36,35.99,12.04,300.00,10.04,0.30,7.70,60.02,33.84,4.02,2.02,0.00,No,Yes,No,Anemic
PID_2733,Male,74,12.50,4.70,36.05,76.67,26.61,34.71,11.91,270.00,7.43,0.20,7.30,69.97,21.08,5.01,4.01,0.00,No,No,No,Anemic
PID_2734,Male,39,14.20,5.40,43.10,79.79,26.31,32.90,11.80,360.00,6.82,0.25,8.30,58.11,34.56,3.14,3.17,1.06,No,No,No,Compensated Microcytosis
PID_2735,Male,44,14.50,5.20,39.85,76.64,27.91,36.38,11.91,380.00,10.87,0.41,8.50,52.04,39.69,4.19,3.11,1.04,No,No,No,Non-Anemic
PID_2736,Female,22,10.60,3.80,31.77,83.57,27.93,33.38,13.23,190.00,7.47,0.14,5.80,63.76,29.84,4.29,1.07,1.07,No,No,No,Anemic
PID_2737,Male,23,12.00,4.40,35.72,81.14,27.25,33.63,12.49,260.00,13.72,0.36,7.00,30.24,61.37,6.26,1.05,1.05,No,Yes,No,Anemic
PID_2738,Male,26,12.60,4.80,36.62,76.30,26.27,34.44,13.07,280.00,9.34,0.26,7.40,51.08,39.51,7.36,1.05,1.05,No,No,No,Anemic
PID_2739,Female,74,12.00,4.40,33.46,76.05,27.24,35.87,14.52,260.00,7.70,0.20,7.20,54.58,37.14,6.18,1.03,1.03,No,No,No,Non-Anemic
PID_2740,Female,53,11.80,4.20,33.69,80.22,28.06,35.05,12.34,250.00,6.83,0.17,6.80,57.67,37.00,3.24,2.14,0.00,Yes,No,No,Anemic
PID_2741,Female,45,14.40,5.30,41.74,78.74,27.19,34.48,13.66,370.00,7.05,0.26,8.60,61.21,29.55,7.18,2.05,0.00,No,No,No,Non-Anemic
PID_2742,Male,67,14.50,5.20,41.96,80.69,27.87,34.56,12.80,380.00,8.12,0.31,8.50,66.00,27.12,4.94,1.97,0.00,No,No,Yes,Non-Anemic
PID_2743,Female,70,10.20,3.60,29.95,83.22,28.35,34.07,13.18,190.00,10.05,0.19,5.60,63.30,29.41,6.24,1.04,0.00,No,No,No,Anemic
PID_2744,Female,54,13.30,5.20,38.36,73.76,25.59,34.64,12.50,340.00,12.99,0.44,7.90,51.03,43.44,3.34,2.20,0.00,No,No,No,Compensated Microcytosis
PID_2745,Male,73,12.80,4.30,41.34,96.14,29.77,30.98,13.90,280.00,13.70,0.38,7.00,50.79,42.99,4.17,1.04,1.04,No,No,No,Anemic
PID_2746,Male,28,11.50,4.20,34.18,81.40,27.39,33.62,13.08,240.00,9.97,0.24,7.10,65.45,29.24,2.06,3.15,0.00,No,No,Yes,Anemic
PID_2747,Male,71,10.40,3.70,30.33,81.94,28.12,34.26,18.73,180.00,10.02,0.18,5.70,74.06,18.30,4.40,2.19,1.09,No,Yes,No,Anemic
PID_2748,Male,24,14.80,5.50,45.37,82.53,26.90,32.65,13.29,370.00,7.48,0.28,8.50,66.39,26.41,6.25,1.04,0.00,No,No,No,Compensated Microcytosis
PID_2749,Female,30,14.80,5.30,42.94,81.04,27.90,34.50,13.28,360.00,8.70,0.31,8.20,43.15,49.84,5.98,1.00,0.00,No,No,No,Non-Anemic
PID_2750,Female,55,14.80,5.30,43.85,82.73,27.96,33.73,15.00,360.00,9.31,0.33,8.20,60.38,31.82,5.59,1.12,1.12,Yes,No,No,Compensated Microcytosis
PID_2751,Male,36,10.30,3.70,28.53,77.08,27.81,36.15,12.53,180.00,7.24,0.13,5.60,51.09,41.44,3.19,3.21,1.07,No,No,No,Anemic
PID_2752,Male,65,13.00,5.20,36.22,69.63,25.01,35.91,15.71,320.00,8.99,0.29,7.40,64.56,29.18,2.08,3.14,1.05,No,No,No,Compensated Microcytosis
PID_2753,Female,51,11.50,4.20,34.39,81.90,27.38,33.48,13.01,240.00,7.46,0.18,7.10,55.45,37.23,4.18,3.14,0.00,No,No,No,Anemic
PID_2754,Male,55,11.00,4.00,32.53,81.33,27.48,33.84,13.09,200.00,7.23,0.14,6.00,60.02,30.80,8.20,1.03,0.00,No,No,No,Anemic
PID_2755,Male,24,13.20,5.30,38.93,73.40,24.91,33.91,14.39,340.00,6.50,0.22,7.80,55.62,34.62,4.90,3.91,0.98,No,No,No,Compensated Microcytosis
PID_2756,Female,57,13.50,5.50,40.35,73.35,24.58,33.48,12.31,330.00,7.22,0.24,7.20,70.88,18.54,8.46,2.12,0.00,No,No,No,Compensated Microcytosis
PID_2757,Male,59,10.70,3.90,31.26,80.11,27.41,34.21,12.53,200.00,9.98,0.20,5.90,58.69,34.92,3.16,2.13,1.06,No,No,No,Anemic
PID_2758,Male,70,13.00,5.00,39.29,78.54,26.00,33.08,12.41,330.00,10.41,0.34,7.60,39.92,50.99,7.07,1.01,1.01,No,No,No,Compensated Microcytosis
PID_2759,Male,70,14.00,5.50,42.89,77.95,25.49,32.68,15.53,370.00,8.67,0.32,8.70,64.38,26.86,4.85,2.91,0.97,No,No,No,Compensated Microcytosis
PID_2760,Male,36,13.30,5.20,38.28,73.61,25.59,34.72,13.06,340.00,7.64,0.26,7.90,66.07,29.61,3.31,1.09,0.00,No,No,No,Compensated Microcytosis
PID_2761,Male,33,14.00,5.20,40.28,77.44,26.96,34.80,14.47,360.00,7.25,0.26,8.20,64.80,28.00,3.09,3.10,1.03,No,No,No,Compensated Microcytosis
PID_2762,Female,47,13.40,5.10,40.56,79.58,26.24,33.02,12.49,340.00,7.87,0.27,7.90,44.14,42.81,8.69,4.35,0.00,No,Yes,No,Compensated Microcytosis
PID_2763,Female,46,14.80,5.50,42.20,76.71,26.95,35.09,12.73,370.00,7.48,0.28,8.50,70.36,23.44,4.15,2.07,0.00,Yes,No,No,Compensated Microcytosis
PID_2764,Female,64,12.10,4.60,36.40,79.16,26.27,33.20,13.78,310.00,7.64,0.24,7.70,63.36,28.29,5.27,2.10,1.05,No,No,No,Compensated Microcytosis
PID_2765,Male,76,14.20,5.20,41.39,79.58,27.29,34.33,14.07,360.00,7.00,0.25,8.30,56.40,37.10,5.41,1.08,0.00,No,No,Yes,Non-Anemic
PID_2766,Male,41,12.70,4.80,36.30,75.67,26.47,34.96,14.31,290.00,10.85,0.31,7.80,62.49,28.22,6.23,2.07,1.03,No,No,No,Anemic
PID_2767,Male,19,13.00,5.00,38.28,76.59,25.99,33.99,13.69,330.00,7.01,0.23,7.60,62.36,28.67,5.00,3.00,1.00,No,Yes,No,Compensated Microcytosis
PID_2768,Female,67,11.80,4.20,34.16,81.31,28.11,34.57,17.60,250.00,7.22,0.18,6.80,41.39,47.66,6.09,3.65,1.22,Yes,No,No,Anemic
PID_2769,Female,67,11.80,4.20,35.35,84.15,28.10,33.41,12.09,250.00,7.20,0.18,7.00,51.68,40.41,4.98,2.98,0.00,No,No,No,Anemic
PID_2770,Female,43,12.40,4.90,36.73,74.91,25.33,33.80,11.67,270.00,7.45,0.20,7.30,72.29,18.68,5.02,3.01,1.00,No,Yes,No,Compensated Microcytosis
PID_2771,Female,32,12.40,4.70,36.74,78.13,26.36,33.72,14.00,310.00,7.20,0.22,7.60,64.97,27.13,3.91,3.94,0.00,Yes,No,No,Compensated Microcytosis
PID_2772,Female,71,11.90,4.10,35.95,87.70,29.00,33.14,12.43,250.00,7.06,0.18,6.80,60.87,32.91,3.05,3.09,0.00,No,No,No,Anemic
PID_2773,Male,62,12.00,4.40,35.52,80.70,27.27,33.82,13.22,260.00,8.98,0.23,7.20,80.09,12.15,5.84,1.94,0.00,No,Yes,No,Anemic
PID_2774,Male,23,12.10,4.60,37.65,81.87,26.27,32.11,11.63,310.00,7.41,0.23,7.70,70.83,16.80,8.26,3.09,1.03,No,No,No,Anemic
PID_2775,Female,32,12.80,4.90,38.31,78.16,26.12,33.38,12.29,300.00,7.90,0.24,7.60,49.27,44.53,4.14,2.06,0.00,No,No,No,Compensated Microcytosis
PID_2776,Female,21,12.00,4.30,35.65,82.90,27.94,33.66,15.63,230.00,7.64,0.18,6.90,42.13,52.53,4.27,1.07,0.00,No,No,No,Compensated Microcytosis
PID_2777,Female,36,13.40,5.10,39.77,78.00,26.27,33.69,13.20,340.00,7.65,0.26,7.90,57.93,31.69,6.61,2.84,0.95,No,No,No,Compensated Microcytosis
PID_2778,Male,33,10.60,3.80,31.44,82.76,27.90,33.69,13.47,190.00,7.86,0.15,5.80,65.38,25.71,5.00,3.98,0.00,No,Yes,No,Anemic
PID_2779,Female,70,13.00,5.00,38.32,76.64,26.03,33.96,15.72,330.00,8.95,0.30,7.60,50.60,37.36,8.01,3.01,1.00,No,No,No,Compensated Microcytosis
PID_2780,Female,68,13.90,5.30,40.20,75.89,26.26,34.56,14.27,330.00,11.32,0.37,7.20,54.31,33.88,7.80,2.94,0.98,No,No,No,Compensated Microcytosis
PID_2781,Male,38,12.80,4.30,36.52,84.91,29.80,35.08,17.89,280.00,13.74,0.38,7.00,49.06,43.87,4.08,3.05,0.00,Yes,No,No,Anemic
PID_2782,Female,59,12.20,4.50,36.72,81.60,27.09,33.21,13.78,290.00,8.96,0.26,7.50,38.99,49.08,5.99,4.77,1.19,No,No,No,Compensated Microcytosis
PID_2783,Male,66,13.80,5.40,42.39,78.50,25.57,32.54,11.73,320.00,7.87,0.25,7.50,57.82,32.23,4.98,3.98,0.99,No,No,Yes,Compensated Microcytosis
PID_2784,Male,73,10.80,3.90,32.98,84.54,27.73,32.74,13.71,200.00,6.84,0.14,5.90,52.67,37.38,7.72,1.10,1.10,No,No,No,Anemic
PID_2785,Female,32,13.60,5.60,40.70,72.66,24.32,33.41,13.59,310.00,6.88,0.21,7.80,59.47,33.34,6.14,1.02,0.00,No,No,No,Compensated Microcytosis
PID_2786,Female,53,13.60,5.60,40.50,72.32,24.28,33.60,13.87,330.00,7.26,0.24,7.40,63.95,31.84,2.09,2.09,0.00,No,No,No,Compensated Microcytosis
PID_2787,Male,46,13.30,5.20,40.21,77.30,25.61,33.09,13.03,340.00,10.41,0.35,7.90,48.21,42.55,4.11,4.10,1.03,No,No,Yes,Compensated Microcytosis
PID_2788,Male,23,11.70,4.10,36.06,87.95,28.56,32.41,11.98,250.00,6.51,0.16,6.80,78.01,17.74,3.17,1.06,0.00,No,Yes,No,Anemic
PID_2789,Male,58,14.90,5.70,44.54,78.15,26.12,33.45,15.04,380.00,7.06,0.27,8.70,56.94,35.83,4.16,2.06,1.03,No,No,No,Compensated Microcytosis
PID_2790,Male,38,12.00,4.40,35.07,79.72,27.30,34.23,13.00,260.00,7.23,0.19,7.00,59.42,34.16,4.21,2.12,0.00,No,No,No,Anemic
PID_2791,Female,75,13.80,5.30,39.75,74.99,26.03,34.70,10.98,350.00,13.74,0.48,8.00,66.02,29.83,2.06,2.09,0.00,Yes,No,No,Compensated Microcytosis
PID_2792,Female,80,12.60,4.80,37.80,78.77,26.26,33.37,16.99,280.00,9.67,0.27,7.40,58.28,33.30,4.24,3.16,1.05,No,No,No,Compensated Microcytosis
PID_2793,Male,40,12.50,4.70,37.31,79.42,26.57,33.48,11.99,270.00,10.86,0.29,7.30,50.46,43.16,2.10,3.17,1.06,No,No,No,Anemic
PID_2794,Male,23,13.70,5.60,41.66,74.35,24.49,32.87,13.99,310.00,7.41,0.23,7.80,71.82,23.01,3.16,2.09,0.00,No,No,No,Compensated Microcytosis
PID_2795,Male,56,14.20,5.40,41.81,77.40,26.27,33.95,11.01,370.00,10.05,0.37,8.30,45.97,44.98,5.07,3.03,1.01,No,No,No,Compensated Microcytosis
PID_2796,Male,39,14.20,5.40,43.05,79.72,26.33,32.98,19.99,370.00,7.66,0.28,8.30,64.33,29.43,3.13,2.07,1.03,No,No,No,Compensated Microcytosis
PID_2797,Female,48,14.90,5.70,42.95,75.33,26.16,34.69,13.99,380.00,9.62,0.37,8.70,53.23,40.06,3.36,2.24,1.12,Yes,No,Yes,Compensated Microcytosis
PID_2798,Female,46,11.00,4.00,34.53,86.32,27.49,31.86,11.98,200.00,7.69,0.15,6.00,64.76,26.95,5.18,3.12,0.00,No,No,No,Anemic
PID_2799,Female,32,13.30,5.20,39.62,76.18,25.55,33.54,10.98,340.00,9.30,0.32,7.90,86.15,6.20,5.44,1.09,1.09,No,Yes,No,Compensated Microcytosis
PID_2800,Male,43,13.50,5.10,39.29,77.03,26.45,34.40,15.03,350.00,10.05,0.35,8.00,41.86,47.12,7.76,2.21,1.10,No,No,No,Compensated Microcytosis
PID_2801,Male,79,12.80,4.30,37.40,86.97,29.74,34.22,16.98,280.00,7.27,0.20,7.00,54.73,34.05,8.08,3.04,0.00,No,No,No,Anemic
PID_2802,Female,34,10.80,3.90,29.01,74.38,27.70,37.20,11.01,200.00,7.24,0.14,5.90,57.60,34.27,5.06,2.03,1.02,No,No,No,Anemic
PID_2803,Male,18,13.40,5.70,38.93,68.28,23.52,34.43,16.00,390.00,9.32,0.36,8.90,50.12,39.08,7.80,1.96,0.98,No,No,No,Compensated Microcytosis
PID_2804,Female,21,12.60,4.80,38.42,80.06,26.21,32.77,18.99,280.00,7.45,0.21,7.40,57.76,36.23,3.57,2.39,0.00,Yes,No,Yes,Compensated Microcytosis
PID_2805,Male,73,14.40,5.30,42.50,80.16,27.19,33.85,12.97,370.00,9.33,0.34,8.60,48.69,39.52,6.80,3.91,0.98,Yes,No,No,Non-Anemic
PID_2806,Male,78,13.40,5.70,42.05,73.80,23.48,31.87,10.98,390.00,9.00,0.35,8.90,57.90,36.76,3.19,1.07,1.07,No,No,No,Compensated Microcytosis
PID_2807,Male,53,14.60,5.40,43.06,79.78,27.07,33.90,20.00,350.00,9.67,0.34,8.20,77.44,13.57,6.00,3.00,0.00,No,No,No,Compensated Microcytosis
PID_2808,Male,56,14.20,5.40,43.03,79.70,26.33,33.00,18.01,360.00,10.37,0.37,8.30,59.43,29.56,7.00,3.98,0.00,No,No,No,Compensated Microcytosis
PID_2809,Male,25,12.10,4.60,34.47,74.95,26.31,35.09,20.02,310.00,6.49,0.20,7.70,62.36,28.88,6.84,0.98,0.98,No,No,Yes,Anemic
PID_2810,Male,71,10.30,3.70,30.89,83.48,27.84,33.30,16.99,180.00,8.65,0.16,5.60,70.25,19.53,6.18,4.09,0.00,No,No,No,Anemic
PID_2811,Female,72,12.00,4.40,35.44,80.56,27.31,33.83,17.02,260.00,8.99,0.23,7.00,77.35,16.35,3.10,3.14,0.00,No,No,No,Compensated Microcytosis
PID_2812,Male,57,11.90,4.10,35.80,87.30,29.01,33.21,11.97,250.00,6.85,0.17,6.80,74.42,16.80,3.87,3.91,0.98,No,No,No,Anemic
PID_2813,Female,25,12.00,4.30,33.25,77.31,27.92,36.11,11.00,230.00,9.02,0.21,6.90,52.46,39.06,5.31,2.12,1.06,No,No,No,Non-Anemic
PID_2814,Female,38,12.50,4.70,37.19,79.13,26.63,33.62,12.01,300.00,8.39,0.25,7.70,55.94,36.62,6.38,1.06,0.00,No,No,No,Compensated Microcytosis
PID_2815,Female,26,12.30,4.50,33.98,75.54,27.29,36.20,15.03,290.00,7.93,0.23,7.50,59.31,29.77,6.98,2.98,0.99,No,No,No,Compensated Microcytosis
PID_2816,Female,27,12.30,4.50,35.17,78.14,27.34,34.98,18.03,290.00,9.29,0.27,7.50,70.86,19.75,6.20,3.12,0.00,No,No,Yes,Compensated Microcytosis
PID_2817,Female,27,14.90,5.70,43.09,75.63,26.10,34.58,20.02,380.00,10.00,0.38,8.70,61.80,30.69,5.34,2.14,0.00,No,No,No,Compensated Microcytosis
PID_2818,Female,69,12.10,4.50,35.13,78.05,26.88,34.40,17.01,280.00,6.84,0.19,7.00,68.04,23.82,5.10,2.03,1.02,No,No,No,Compensated Microcytosis
PID_2819,Female,56,14.30,5.20,41.48,79.77,27.50,34.48,11.02,360.00,8.09,0.29,8.30,77.37,16.64,1.99,3.01,1.00,No,No,No,Non-Anemic
PID_2820,Male,41,12.40,4.90,39.13,79.86,25.29,31.72,19.00,270.00,8.38,0.23,7.30,55.69,37.01,3.16,4.19,0.00,No,No,No,Anemic
PID_2821,Female,46,14.30,5.20,42.48,81.71,27.52,33.67,10.97,360.00,8.97,0.32,8.30,58.97,30.74,7.16,2.05,1.03,No,No,No,Non-Anemic
PID_2822,Male,43,12.40,4.70,35.41,75.34,26.41,34.98,16.99,310.00,9.00,0.28,7.60,64.21,23.81,6.97,3.98,1.00,No,No,No,Anemic
PID_2823,Male,32,14.20,5.20,41.84,80.47,27.28,33.94,18.00,360.00,8.09,0.29,8.30,54.50,32.91,7.76,3.86,0.97,No,No,No,Compensated Microcytosis
PID_2824,Female,40,11.50,4.20,35.59,84.71,27.41,32.28,20.03,240.00,12.99,0.31,7.10,57.62,34.59,3.33,3.32,1.11,No,No,No,Anemic
PID_2825,Male,18,11.90,4.40,35.06,79.70,27.04,33.94,10.99,260.00,7.66,0.20,7.10,49.69,42.75,4.34,2.16,1.08,No,No,No,Anemic
PID_2826,Male,47,10.60,3.80,29.41,77.39,27.92,36.02,16.03,190.00,14.44,0.27,5.80,51.15,41.58,6.16,1.03,0.00,No,No,No,Anemic
PID_2827,Female,52,13.50,5.30,38.03,71.79,25.46,35.48,13.00,350.00,7.00,0.25,8.00,65.64,27.97,4.21,2.12,0.00,No,No,Yes,Compensated Microcytosis
PID_2828,Female,46,13.40,5.10,39.50,77.45,26.29,33.96,12.00,340.00,7.64,0.26,7.90,47.37,44.39,4.11,4.13,0.00,No,No,No,Compensated Microcytosis
PID_2829,Female,80,12.60,4.50,35.85,79.67,27.99,35.17,19.04,260.00,8.97,0.23,7.00,40.30,51.80,5.63,2.25,0.00,No,No,No,Compensated Microcytosis
PID_2830,Male,71,15.20,5.80,45.29,78.10,26.20,33.54,19.04,400.00,8.11,0.33,9.20,84.44,9.17,4.24,2.13,0.00,No,No,Yes,Compensated Microcytosis
PID_2831,Male,26,11.50,4.20,35.99,85.71,27.39,31.98,15.98,240.00,7.64,0.18,7.10,50.92,40.64,4.17,3.14,1.05,No,No,No,Anemic
PID_2832,Male,55,12.80,4.30,38.92,90.51,29.73,32.92,14.99,280.00,9.33,0.26,7.00,70.51,20.35,5.09,4.07,0.00,No,No,No,Anemic
PID_2833,Female,72,14.20,5.20,39.58,76.09,27.32,35.86,15.02,360.00,6.88,0.25,8.30,45.50,45.11,5.21,4.19,0.00,No,No,No,Compensated Microcytosis
PID_2834,Female,69,12.80,4.30,38.01,88.42,29.79,33.69,11.98,280.00,10.01,0.28,7.00,43.66,45.17,6.03,4.04,1.01,No,No,No,Non-Anemic
PID_2835,Male,42,13.50,5.30,40.05,75.57,25.50,33.71,12.96,350.00,9.98,0.35,8.00,32.24,61.18,5.49,1.10,0.00,Yes,Yes,No,Compensated Microcytosis
PID_2836,Male,25,12.20,4.60,36.27,78.87,26.52,33.67,15.97,270.00,7.69,0.21,7.20,60.66,29.38,6.98,2.99,0.00,No,No,No,Anemic
PID_2837,Female,27,14.60,5.40,40.24,74.48,27.02,36.29,19.03,370.00,9.98,0.37,8.60,50.58,39.64,5.92,2.96,0.99,No,No,No,Compensated Microcytosis
PID_2838,Male,35,11.70,4.10,32.54,79.39,28.51,35.98,17.01,250.00,8.10,0.20,6.80,65.59,25.09,5.23,4.18,0.00,No,No,No,Anemic
PID_2839,Male,18,10.30,3.70,28.09,75.96,27.81,36.65,13.98,180.00,7.91,0.14,5.60,63.81,28.00,4.14,3.09,1.03,No,No,No,Anemic
PID_2840,Male,43,10.80,3.90,31.94,81.94,27.67,33.80,16.00,200.00,9.30,0.19,5.90,48.95,44.77,3.12,2.08,1.04,No,No,No,Anemic
PID_2841,Female,79,11.90,4.10,34.64,84.48,29.04,34.33,12.97,250.00,8.99,0.22,6.80,57.14,34.72,4.08,3.05,1.02,No,Yes,No,Anemic
PID_2842,Male,24,13.80,5.40,42.88,79.39,25.54,32.21,13.02,320.00,6.84,0.22,7.50,65.53,22.85,6.76,3.89,0.97,No,No,No,Compensated Microcytosis
PID_2843,Male,70,14.20,5.20,39.70,76.31,27.29,35.76,18.98,360.00,9.01,0.32,8.30,47.01,43.05,6.99,1.99,1.00,Yes,No,No,Compensated Microcytosis
PID_2844,Female,52,10.50,3.80,32.21,84.80,27.65,32.57,20.02,180.00,6.82,0.12,5.80,58.22,31.49,6.21,3.10,1.03,No,No,No,Anemic
PID_2845,Female,64,13.20,5.00,38.53,77.02,26.40,34.26,11.98,350.00,10.45,0.36,8.00,68.22,23.44,4.15,3.12,1.04,No,No,No,Compensated Microcytosis
PID_2846,Male,25,12.70,4.80,38.86,80.93,26.46,32.72,10.97,280.00,13.71,0.38,7.40,46.10,44.27,7.57,2.15,0.00,No,No,No,Anemic
PID_2847,Male,80,14.20,5.20,42.65,81.99,27.33,33.30,14.01,360.00,9.33,0.33,8.30,45.00,48.76,4.19,1.05,1.05,No,No,No,Non-Anemic
PID_2848,Male,25,12.80,4.90,38.79,79.20,26.10,33.01,19.00,300.00,7.03,0.21,7.60,68.09,20.15,7.90,3.93,0.00,No,No,No,Anemic
PID_2849,Female,73,14.50,5.20,43.58,83.80,27.87,33.23,18.04,380.00,7.67,0.29,8.50,57.90,32.20,5.94,2.96,0.99,No,No,Yes,Compensated Microcytosis
PID_2850,Female,36,12.30,4.60,36.88,80.18,26.75,33.33,18.96,290.00,6.70,0.19,7.40,51.65,38.98,4.18,4.18,1.04,No,No,No,Compensated Microcytosis
PID_2851,Male,54,13.80,5.50,41.39,75.23,25.11,33.35,17.96,320.00,8.10,0.26,7.40,69.07,22.83,5.12,3.05,0.00,Yes,No,No,Compensated Microcytosis
PID_2852,Female,64,12.00,4.40,34.29,77.89,27.29,35.04,12.03,260.00,13.04,0.34,7.00,65.40,25.37,6.14,3.07,0.00,No,No,No,Non-Anemic
PID_2853,Male,36,14.00,5.60,42.85,76.51,25.03,32.67,17.98,360.00,9.60,0.35,8.20,68.90,24.47,3.32,3.31,0.00,No,Yes,No,Compensated Microcytosis
PID_2854,Male,43,12.80,4.90,37.36,76.22,26.09,34.22,18.00,300.00,6.68,0.20,7.60,61.66,30.87,3.18,3.21,1.07,No,No,No,Anemic
PID_2855,Male,62,11.80,4.30,33.28,77.38,27.41,35.45,20.04,280.00,8.39,0.24,7.30,59.34,30.07,6.71,2.89,0.96,No,Yes,No,Anemic
PID_2856,Female,47,13.90,5.30,41.64,78.58,26.19,33.37,18.02,330.00,10.05,0.33,7.20,67.63,23.45,4.97,2.99,1.00,No,No,No,Compensated Microcytosis
PID_2857,Male,37,12.60,4.50,38.02,84.52,28.01,33.13,18.99,260.00,7.05,0.18,7.00,66.09,27.54,4.25,2.13,0.00,No,No,No,Anemic
PID_2858,Male,31,12.50,4.70,37.07,78.83,26.62,33.69,10.99,270.00,6.84,0.18,7.30,60.55,30.16,4.14,4.13,1.03,No,No,No,Anemic
PID_2859,Male,68,13.50,5.50,38.12,69.28,24.55,35.39,11.03,330.00,10.02,0.33,7.20,54.58,34.00,7.25,4.15,0.00,No,Yes,No,Compensated Microcytosis
PID_2860,Female,41,12.50,4.70,36.51,77.66,26.59,34.25,16.00,270.00,10.82,0.29,7.30,53.05,36.92,6.01,2.99,1.00,No,No,No,Compensated Microcytosis
PID_2861,Male,49,13.00,5.00,38.97,77.94,26.01,33.36,12.03,330.00,9.31,0.31,7.60,73.99,18.91,4.06,3.04,0.00,No,No,No,Compensated Microcytosis
PID_2862,Male,73,11.60,4.20,33.54,79.85,27.61,34.61,15.02,240.00,7.42,0.18,7.10,61.86,32.11,5.09,1.01,0.00,No,No,No,Anemic
PID_2863,Male,74,14.60,5.40,44.68,82.76,27.03,32.66,16.98,350.00,8.70,0.30,8.20,64.09,28.65,5.20,2.08,0.00,No,Yes,No,Compensated Microcytosis
PID_2864,Female,74,14.20,5.20,40.78,78.46,27.33,34.78,17.98,360.00,12.99,0.47,8.30,45.48,47.40,4.05,2.03,1.02,No,No,No,Compensated Microcytosis
PID_2865,Male,59,12.50,4.70,36.24,77.08,26.60,34.50,19.97,290.00,7.19,0.21,7.50,50.33,44.17,4.44,1.10,0.00,No,No,No,Anemic
PID_2866,Male,19,12.40,4.70,36.87,78.45,26.39,33.65,10.98,300.00,8.94,0.27,7.70,56.45,32.40,8.06,3.03,0.00,No,No,Yes,Anemic
PID_2867,Female,34,15.00,5.80,45.46,78.40,25.89,32.98,14.97,400.00,8.96,0.36,9.00,43.49,48.91,2.20,4.32,1.08,No,No,No,Compensated Microcytosis
PID_2868,Male,59,12.60,4.80,38.26,79.69,26.22,32.96,20.03,280.00,7.03,0.20,7.40,81.02,13.79,4.17,1.05,0.00,No,No,No,Anemic
PID_2869,Male,60,10.50,3.80,30.31,79.74,27.62,34.62,19.97,180.00,7.91,0.14,5.80,62.65,30.18,3.04,4.11,0.00,No,No,No,Anemic
PID_2870,Female,69,12.10,4.50,34.11,75.82,26.92,35.50,19.04,280.00,8.70,0.24,7.00,60.35,31.86,4.87,1.95,0.97,No,No,No,Compensated Microcytosis
PID_2871,Male,68,12.60,4.80,37.91,78.97,26.24,33.25,17.01,280.00,6.83,0.19,7.40,62.66,30.89,5.43,1.08,0.00,No,Yes,No,Anemic
PID_2872,Male,34,14.00,5.20,40.52,77.92,26.95,34.54,12.99,360.00,8.40,0.30,8.20,56.16,36.58,5.18,1.04,1.04,No,No,No,Compensated Microcytosis
PID_2873,Male,67,11.50,4.20,36.51,86.98,27.39,31.47,16.02,240.00,8.39,0.20,7.10,44.19,48.34,3.19,3.20,1.07,No,No,No,Anemic
PID_2874,Male,38,14.80,5.50,44.45,80.81,26.95,33.31,13.99,370.00,7.21,0.27,8.50,59.00,28.20,7.90,3.95,0.99,No,No,No,Compensated Microcytosis
PID_2875,Male,64,15.10,5.70,44.46,78.02,26.51,33.99,11.96,380.00,8.37,0.32,9.00,23.73,70.43,3.51,2.34,0.00,No,No,Yes,Compensated Microcytosis
PID_2876,Male,74,12.70,4.80,38.59,80.40,26.42,32.90,13.98,280.00,9.98,0.28,7.40,47.44,47.08,3.26,1.10,1.10,No,No,No,Anemic
PID_2877,Female,57,14.20,5.20,43.19,83.06,27.29,32.86,18.98,360.00,7.27,0.26,8.30,53.27,39.45,2.12,4.18,1.04,Yes,No,No,Compensated Microcytosis
PID_2878,Female,40,12.20,4.50,36.75,81.64,27.12,33.21,18.01,290.00,8.97,0.26,7.50,57.01,33.94,6.03,3.00,0.00,No,No,No,Compensated Microcytosis
PID_2879,Male,69,10.60,3.80,30.86,81.24,27.89,34.39,10.96,190.00,9.62,0.18,5.80,46.00,44.09,6.94,2.97,0.00,No,No,No,Anemic
PID_2880,Male,56,12.20,4.60,36.12,78.56,26.54,33.76,11.03,310.00,7.23,0.22,7.70,67.92,24.57,3.25,3.23,1.08,No,No,No,Anemic
PID_2881,Male,25,15.00,5.80,47.90,82.60,25.86,31.32,18.01,400.00,9.61,0.39,9.00,76.97,17.96,4.12,1.02,0.00,No,No,No,Compensated Microcytosis
PID_2882,Female,58,13.20,5.00,41.96,83.91,26.38,31.43,19.98,350.00,14.45,0.51,8.00,50.71,39.05,8.19,1.02,1.02,No,Yes,No,Compensated Microcytosis
PID_2883,Female,26,14.20,5.20,42.68,82.08,27.31,33.27,11.02,360.00,13.03,0.47,8.30,61.21,34.55,3.25,1.07,0.00,No,No,No,Non-Anemic
PID_2884,Female,75,15.00,5.80,43.42,74.83,25.89,34.57,12.98,400.00,10.84,0.43,9.00,61.92,34.87,2.15,1.06,0.00,No,No,No,Compensated Microcytosis
PID_2885,Male,42,14.50,5.70,47.23,82.84,25.46,30.74,12.97,380.00,7.64,0.29,8.70,20.03,66.72,7.68,4.41,1.10,No,No,No,Compensated Microcytosis
PID_2886,Male,26,14.90,5.70,44.61,78.25,26.16,33.39,17.99,380.00,7.88,0.30,8.70,59.94,31.71,5.29,2.10,1.05,No,No,No,Compensated Microcytosis
PID_2887,Male,60,12.50,4.70,37.46,79.69,26.56,33.34,18.00,270.00,9.60,0.26,7.30,47.80,41.10,8.05,2.02,1.01,No,No,No,Anemic
PID_2888,Male,74,13.20,5.10,37.01,72.61,25.88,35.67,12.01,340.00,9.33,0.32,7.80,64.64,25.40,7.97,1.00,1.00,No,No,No,Compensated Microcytosis
PID_2889,Male,63,12.40,4.70,36.97,78.70,26.37,33.55,19.01,310.00,7.26,0.22,7.60,70.44,19.34,5.09,4.08,1.02,No,No,No,Anemic
PID_2890,Male,67,13.60,5.60,39.47,70.47,24.30,34.49,10.97,310.00,7.42,0.23,7.80,56.91,34.83,6.20,1.03,1.03,No,No,No,Compensated Microcytosis
PID_2891,Female,43,12.50,4.70,36.58,77.87,26.60,34.14,11.96,300.00,8.66,0.26,7.70,65.80,22.46,7.86,3.91,0.00,No,No,No,Compensated Microcytosis
PID_2892,Female,39,15.20,5.80,48.34,83.34,26.20,31.45,20.00,400.00,9.60,0.39,9.20,66.67,27.95,4.28,1.07,0.00,No,No,No,Compensated Microcytosis
PID_2893,Male,76,13.50,5.30,38.66,72.94,25.50,34.95,13.01,350.00,7.19,0.25,8.00,59.62,29.36,8.01,3.02,0.00,No,No,No,Compensated Microcytosis
PID_2894,Female,47,11.80,4.20,34.44,82.00,28.13,34.23,16.98,250.00,6.87,0.17,7.00,67.53,27.14,3.16,2.13,0.00,No,No,No,Anemic
PID_2895,Female,36,11.00,4.00,31.78,79.49,27.50,34.62,19.98,200.00,13.73,0.27,6.00,66.03,24.63,8.31,1.04,0.00,No,No,No,Anemic
PID_2896,Female,50,14.20,5.40,36.68,67.96,26.33,38.73,19.99,360.00,10.04,0.36,8.30,56.11,34.74,5.08,4.06,0.00,No,No,No,Compensated Microcytosis
PID_2897,Female,63,9.60,5.66,30.48,53.81,16.97,31.52,19.01,128.00,9.29,0.12,11.10,66.41,26.60,2.01,4.00,1.00,No,No,No,Anemic
PID_2898,Female,58,13.80,4.78,38.26,80.03,28.91,36.06,11.01,419.00,9.99,0.42,7.00,53.89,35.84,8.19,1.02,1.02,No,No,No,Non-Anemic
PID_2899,Female,69,13.40,4.65,39.82,85.67,28.84,33.69,16.02,325.00,10.45,0.34,8.10,65.04,27.80,3.07,3.07,1.02,No,No,No,Compensated Microcytosis
PID_2900,Male,47,11.30,4.24,32.90,77.63,26.63,34.36,19.98,264.00,6.99,0.19,13.40,60.29,30.60,4.08,4.07,1.02,No,No,No,Anemic
PID_2901,Male,40,11.50,4.14,33.88,81.82,27.74,33.96,18.98,196.00,6.81,0.13,4.80,56.61,35.90,5.38,2.14,0.00,No,No,No,Anemic
PID_2902,Male,71,12.70,4.29,37.92,88.38,29.57,33.53,14.97,233.00,13.73,0.32,14.00,65.30,24.03,7.75,2.91,0.00,Yes,No,No,Anemic
PID_2903,Female,67,12.40,4.98,37.22,74.75,24.90,33.35,16.00,213.00,7.63,0.16,9.30,58.54,31.46,5.56,4.44,0.00,No,No,Yes,Compensated Microcytosis
PID_2904,Female,38,13.90,4.97,40.41,81.33,27.97,34.37,12.00,229.00,9.33,0.21,3.90,51.73,43.01,4.18,1.05,0.00,No,No,No,Non-Anemic
PID_2905,Male,67,12.00,4.16,37.29,89.63,28.87,32.17,19.98,211.00,10.85,0.23,5.80,51.87,38.73,5.21,4.17,0.00,No,Yes,No,Anemic
PID_2906,Female,38,13.30,5.25,38.11,72.63,25.32,34.94,11.03,151.00,14.49,0.22,10.70,75.97,20.92,2.07,1.03,0.00,No,No,No,Compensated Microcytosis
PID_2907,Female,52,6.10,2.17,18.21,83.92,28.13,33.48,15.99,92.00,7.01,0.06,3.50,46.79,44.69,7.46,1.07,0.00,No,No,No,Anemic
PID_2908,Female,58,13.40,4.81,41.05,85.31,27.87,32.63,14.98,150.00,7.26,0.11,6.20,58.45,32.19,7.31,2.09,0.00,No,No,No,Compensated Microcytosis
PID_2909,Male,46,10.20,3.41,30.48,89.40,29.90,33.45,15.01,132.00,7.21,0.10,6.60,53.43,36.68,7.87,1.97,0.00,No,No,No,Anemic
PID_2910,Male,19,9.30,2.26,26.19,115.87,41.16,35.47,16.04,222.00,14.44,0.32,5.30,51.64,36.21,8.12,4.04,0.00,No,No,No,Anemic
PID_2911,Female,29,12.00,4.52,35.97,79.58,26.58,33.34,10.99,589.00,8.13,0.48,10.50,58.06,35.70,4.13,2.06,0.00,No,No,No,Compensated Microcytosis
PID_2912,Male,60,14.30,5.17,41.53,80.37,27.70,34.41,19.98,268.00,10.82,0.29,10.70,61.76,31.93,2.14,4.21,0.00,No,No,No,Compensated Microcytosis
PID_2913,Male,25,13.10,4.60,39.55,85.95,28.50,33.09,17.99,150.00,13.04,0.20,9.70,68.99,23.03,4.98,3.00,0.00,No,No,No,Compensated Microcytosis
PID_2914,Male,61,11.30,4.24,32.37,76.32,26.68,34.93,13.02,264.00,7.64,0.20,13.40,32.32,59.33,4.20,3.13,1.04,No,No,No,Anemic
PID_2915,Male,38,9.00,3.01,25.85,85.84,29.86,34.85,15.97,400.00,7.91,0.32,2.90,62.36,31.48,3.08,3.08,0.00,No,No,No,Anemic
PID_2916,Female,37,15.60,6.60,43.07,65.28,23.65,36.22,14.01,154.00,13.00,0.20,9.60,66.34,29.36,3.19,1.06,0.00,No,No,No,Compensated Microcytosis
PID_2917,Female,77,12.70,5.46,37.59,68.88,23.27,33.82,17.01,350.00,7.86,0.28,12.10,58.73,32.15,5.04,4.03,0.00,No,No,No,Compensated Microcytosis
PID_2918,Male,45,9.30,4.36,26.72,61.26,21.30,34.78,13.99,438.00,7.05,0.31,10.80,64.21,23.96,6.87,3.93,0.98,Yes,No,No,Anemic
PID_2919,Male,37,10.70,4.56,31.36,68.76,23.46,34.10,13.01,233.00,7.69,0.18,6.20,41.40,52.40,3.13,3.11,0.00,No,No,No,Anemic
PID_2920,Male,43,11.70,3.81,32.91,86.40,30.75,35.56,17.98,219.00,7.20,0.16,5.40,62.84,29.67,3.19,3.22,1.07,No,No,No,Anemic
PID_2921,Female,76,11.60,4.11,35.01,85.21,28.22,33.13,12.99,186.00,7.69,0.14,5.80,64.12,31.74,2.05,2.07,0.00,No,No,No,Anemic
PID_2922,Female,27,10.60,3.54,30.38,85.84,29.96,34.88,11.04,198.00,6.99,0.14,6.20,62.42,27.69,6.59,3.31,0.00,Yes,No,Yes,Anemic
PID_2923,Male,78,12.70,4.83,37.61,77.90,26.27,33.77,17.03,283.00,8.39,0.24,13.90,66.26,24.12,8.51,1.06,0.00,No,No,No,Anemic
PID_2924,Female,37,11.30,5.65,33.31,59.00,19.99,33.96,16.23,125.00,7.27,0.09,5.80,62.92,28.70,5.27,3.15,0.00,No,Yes,No,Anemic
PID_2925,Male,74,10.10,3.81,29.61,77.71,26.48,34.10,15.17,188.00,8.97,0.17,9.10,63.31,29.71,5.01,1.00,1.00,No,No,No,Anemic
PID_2926,Male,47,12.40,4.98,36.15,72.60,24.90,34.32,17.90,158.00,7.92,0.12,9.30,57.29,34.52,3.04,4.07,1.02,No,No,No,Anemic
PID_2927,Female,23,10.90,4.36,32.19,73.87,25.01,33.89,15.57,324.00,10.38,0.34,9.40,59.44,30.94,6.41,2.13,1.07,No,No,No,Anemic
PID_2928,Male,76,9.10,3.04,26.56,87.38,29.93,34.30,24.63,241.00,10.42,0.25,4.60,61.69,25.71,7.81,3.89,0.97,No,No,No,Anemic
PID_2929,Female,48,9.90,4.12,27.58,66.92,24.06,35.87,14.33,306.00,9.67,0.29,8.60,34.42,55.55,7.03,2.01,1.01,Yes,No,Yes,Anemic
PID_2930,Female,30,10.30,4.87,29.28,60.12,21.13,35.19,16.76,221.00,8.43,0.19,5.80,64.01,29.79,2.08,4.14,0.00,Yes,No,No,Anemic
PID_2931,Female,18,9.00,3.01,25.68,85.30,29.88,35.01,15.63,400.00,10.42,0.42,2.90,66.33,27.15,4.35,1.09,1.09,No,No,No,Anemic
PID_2932,Male,66,10.70,4.56,31.98,70.16,23.47,33.43,14.73,233.00,10.04,0.23,6.20,58.27,35.03,3.30,2.21,1.11,No,No,No,Anemic
PID_2933,Male,76,7.80,3.15,23.68,75.16,24.79,32.89,13.23,398.00,8.42,0.33,13.20,46.98,45.88,3.56,3.59,0.00,No,No,No,Anemic
PID_2934,Male,47,11.40,3.91,32.44,82.92,29.19,35.18,14.38,153.00,8.67,0.13,9.10,44.25,44.38,6.16,4.13,1.03,No,No,Yes,Anemic
PID_2935,Male,41,7.80,2.83,22.25,78.65,27.58,35.04,14.89,222.00,11.29,0.25,6.20,66.32,24.46,8.09,1.15,0.00,No,No,No,Anemic
PID_2936,Female,34,7.10,1.96,19.85,101.29,36.20,35.81,24.98,150.00,7.67,0.11,7.60,49.84,37.81,7.66,3.82,0.95,No,No,No,Anemic
PID_2937,Female,80,14.30,4.68,42.97,91.81,30.56,33.28,13.34,362.00,13.73,0.50,20.30,58.38,37.33,3.17,1.06,0.00,No,No,No,Non-Anemic
PID_2938,Female,56,14.80,4.67,43.88,93.98,31.69,33.75,17.22,162.00,7.92,0.13,9.80,59.47,32.38,7.14,1.02,0.00,No,No,No,Compensated Microcytosis
PID_2939,Male,29,13.10,4.13,40.90,98.99,31.73,31.99,16.01,140.00,7.88,0.11,6.00,55.81,37.08,5.05,1.01,1.01,No,No,No,Compensated Microcytosis
PID_2940,Male,21,12.60,4.57,37.58,82.20,27.60,33.57,15.77,155.00,9.33,0.14,6.60,55.16,36.47,4.20,4.20,0.00,No,No,No,Anemic
PID_2941,Female,74,8.50,4.80,24.15,50.29,17.71,35.17,14.27,182.00,8.99,0.16,23.10,63.56,29.14,5.18,2.07,0.00,No,No,Yes,Anemic
PID_2942,Female,55,6.90,2.99,20.63,69.04,23.05,33.40,16.07,187.00,8.12,0.15,6.40,73.93,20.91,2.09,3.08,0.00,No,No,No,Anemic
PID_2943,Male,30,10.40,3.70,29.91,80.87,28.14,34.79,22.54,140.00,12.99,0.18,13.40,62.51,31.09,4.24,1.06,1.06,No,No,No,Anemic
PID_2944,Female,48,11.60,4.32,34.35,79.49,26.82,33.75,13.51,378.00,8.38,0.32,8.20,68.09,24.76,4.06,3.07,0.00,No,No,No,Anemic
PID_2945,Female,67,14.10,4.33,41.00,94.71,32.57,34.37,17.73,90.00,7.91,0.07,7.00,57.06,34.81,4.07,3.05,1.02,No,No,No,Compensated Microcytosis
PID_2946,Female,72,15.10,5.25,46.29,88.18,28.79,32.66,16.28,150.00,7.65,0.11,9.60,43.26,53.29,2.31,1.14,0.00,No,No,No,Compensated Microcytosis
PID_2947,Male,21,14.10,4.99,41.35,82.85,28.28,34.11,16.22,159.00,10.45,0.17,6.10,50.37,40.41,5.14,3.07,1.02,No,No,No,Compensated Microcytosis
PID_2948,Male,51,11.00,4.18,36.17,86.50,26.34,30.38,17.94,238.00,6.81,0.16,9.70,55.72,36.21,3.03,4.02,1.01,No,No,No,Anemic
PID_2949,Female,56,13.40,4.74,39.67,83.67,28.25,33.77,17.37,241.00,10.03,0.24,9.10,65.49,26.61,5.91,0.99,0.99,No,No,No,Compensated Microcytosis
PID_2950,Female,40,12.00,4.59,37.45,81.63,26.18,32.03,17.30,150.00,7.45,0.11,7.50,59.07,27.75,8.13,4.05,1.01,No,No,No,Compensated Microcytosis
PID_2951,Female,68,9.20,3.49,25.95,74.39,26.38,35.49,15.00,333.00,9.27,0.31,15.70,60.19,29.73,6.03,4.04,0.00,No,No,No,Anemic
PID_2952,Male,31,9.80,4.35,28.05,64.50,22.51,34.94,24.99,359.00,9.66,0.35,5.70,72.87,16.03,6.06,4.02,1.00,No,No,Yes,Anemic
PID_2953,Female,53,14.90,5.84,43.11,73.85,25.51,34.55,15.82,160.00,8.41,0.13,2.60,61.72,29.45,6.57,2.20,0.00,No,No,No,Compensated Microcytosis
PID_2954,Male,36,11.00,5.08,30.70,60.41,21.63,35.85,16.49,206.00,7.03,0.14,10.50,62.56,31.96,2.19,2.19,1.09,No,No,No,Anemic
PID_2955,Female,39,10.20,4.68,31.04,66.30,21.83,32.85,15.09,534.00,7.03,0.38,12.80,69.62,21.15,7.18,1.02,1.02,No,No,Yes,Anemic
PID_2956,Male,29,11.90,4.61,32.97,71.54,25.79,36.08,13.34,259.00,6.84,0.18,10.20,49.58,42.12,4.13,3.11,1.04,No,No,No,Anemic
PID_2957,Female,67,10.00,4.71,28.47,60.48,21.22,35.09,14.82,263.00,13.05,0.34,12.70,48.09,41.95,6.66,3.32,0.00,No,No,No,Anemic
PID_2958,Female,66,14.20,5.82,42.12,72.35,24.38,33.72,13.30,153.00,7.64,0.12,6.40,56.36,36.56,3.01,3.05,1.02,No,No,No,Compensated Microcytosis
PID_2959,Female,75,13.20,4.30,37.33,86.84,30.70,35.34,13.49,198.00,7.43,0.15,6.50,70.85,24.73,3.35,1.11,0.00,No,No,No,Non-Anemic
PID_2960,Female,53,9.70,3.52,29.69,84.32,27.60,32.64,16.33,256.00,9.29,0.24,15.50,81.99,13.87,2.07,2.04,0.00,Yes,Yes,No,Anemic
PID_2961,Male,24,9.70,3.52,29.38,83.52,27.58,33.03,17.89,256.00,6.65,0.17,15.50,83.89,10.07,5.05,1.01,0.00,No,No,No,Anemic
PID_2962,Male,41,14.40,5.09,43.28,85.03,28.29,33.26,18.33,170.00,9.29,0.16,8.40,77.91,16.02,2.01,3.02,1.01,No,No,No,Compensated Microcytosis
PID_2963,Female,30,14.60,5.01,43.76,87.34,29.10,33.35,16.46,150.00,7.03,0.11,5.40,68.54,27.16,2.17,2.16,0.00,No,No,No,Compensated Microcytosis
PID_2964,Male,49,14.80,5.36,45.22,84.38,27.58,32.75,13.66,242.00,6.70,0.16,5.90,70.29,22.68,5.94,1.00,0.00,No,No,No,Non-Anemic
PID_2965,Male,70,12.80,4.92,36.09,73.32,26.05,35.50,15.50,150.00,7.45,0.11,4.30,38.79,52.65,4.27,3.21,1.07,No,Yes,No,Anemic
PID_2966,Female,78,13.30,5.24,39.48,75.32,25.35,33.70,14.47,232.00,7.21,0.17,9.20,22.63,68.27,7.08,1.01,1.01,No,No,No,Compensated Microcytosis
PID_2967,Male,64,13.50,4.81,39.22,81.55,28.10,34.44,13.91,190.00,8.37,0.16,14.00,68.29,24.19,3.21,3.21,1.07,Yes,No,No,Non-Anemic
PID_2968,Male,80,10.20,3.84,30.62,79.74,26.57,33.33,13.59,266.00,14.44,0.38,7.70,73.70,18.98,5.20,1.05,1.05,No,No,No,Anemic
PID_2969,Female,41,12.70,4.90,39.92,81.47,25.89,31.82,13.32,192.00,10.02,0.19,9.10,36.78,56.69,3.21,3.25,0.00,No,No,No,Compensated Microcytosis
PID_2970,Male,46,14.40,4.82,41.95,87.01,29.91,34.35,14.87,150.00,10.43,0.16,7.40,60.11,30.61,8.30,1.03,0.00,No,No,No,Compensated Microcytosis
PID_2971,Male,69,11.20,4.47,35.33,79.01,25.04,31.70,18.49,198.00,11.29,0.22,8.00,82.61,10.44,1.99,3.95,0.99,No,No,No,Anemic
PID_2972,Male,22,12.30,4.89,36.26,74.15,25.12,33.96,19.20,167.00,8.70,0.14,6.30,34.75,57.92,4.15,3.13,0.00,No,No,No,Anemic
PID_2973,Female,47,8.10,3.50,25.03,71.55,23.10,32.33,12.40,350.00,9.02,0.31,13.20,36.24,53.75,7.06,3.02,0.00,No,No,Yes,Anemic
PID_2974,Male,33,12.00,3.52,32.98,93.71,34.08,36.38,15.82,341.00,8.94,0.31,8.00,72.22,18.32,6.28,3.15,0.00,No,No,No,Anemic
PID_2975,Male,36,12.70,4.32,36.19,83.78,29.38,35.07,17.12,139.00,6.82,0.10,6.70,73.44,14.94,7.71,3.86,0.00,Yes,No,No,Anemic
PID_2976,Male,46,11.90,4.87,34.87,71.62,24.42,34.10,13.19,384.00,9.32,0.36,4.50,62.97,29.05,4.98,2.01,1.00,No,No,No,Anemic
PID_2977,Female,70,10.00,5.64,28.16,49.94,17.73,35.51,16.37,152.00,7.23,0.11,7.80,56.38,30.43,8.15,4.07,1.02,No,Yes,No,Anemic
PID_2978,Male,64,10.70,4.43,32.44,73.26,24.14,32.98,17.19,452.00,9.67,0.44,7.70,47.05,44.65,3.12,4.15,1.04,No,No,No,Anemic
PID_2979,Male,62,19.60,6.58,56.56,85.94,29.80,34.69,13.58,10.00,7.22,0.01,7.30,53.93,37.61,4.26,4.25,0.00,No,Yes,No,Non-Anemic
PID_2980,Female,74,13.40,6.90,39.14,56.69,19.45,34.26,13.51,233.00,8.40,0.20,8.40,60.51,26.77,7.82,3.91,0.98,No,No,No,Compensated Microcytosis
PID_2981,Male,36,12.00,3.50,34.97,99.94,34.26,34.34,14.75,252.00,7.22,0.18,3.70,43.86,51.68,3.40,1.12,0.00,No,No,No,Anemic
PID_2982,Female,24,9.20,3.39,25.90,76.38,27.10,35.57,13.48,129.00,10.89,0.14,21.70,56.17,32.23,7.74,2.90,0.97,No,No,No,Anemic
PID_2983,Female,80,7.20,3.81,20.64,54.20,18.91,34.86,14.47,87.00,10.04,0.09,4.80,66.40,25.23,4.18,4.19,0.00,No,Yes,No,Anemic
PID_2984,Female,74,15.00,5.18,43.67,84.29,28.97,34.35,13.98,366.00,13.70,0.50,9.30,41.69,49.98,6.23,2.08,0.00,No,No,No,Non-Anemic
PID_2985,Male,20,11.90,4.24,37.17,87.64,28.09,32.03,13.71,217.00,7.45,0.16,7.60,67.81,24.90,2.06,4.18,1.04,No,No,No,Anemic
PID_2986,Male,43,16.00,4.84,48.71,100.65,33.04,32.86,14.40,306.00,7.64,0.23,7.30,60.43,30.45,7.06,2.02,0.00,No,No,No,Non-Anemic
PID_2987,Male,65,15.60,4.66,46.08,98.88,33.51,33.89,13.31,245.00,10.02,0.25,7.80,58.61,33.54,4.44,2.23,1.11,No,No,No,Non-Anemic
PID_2988,Male,71,14.10,4.57,41.33,90.41,30.83,34.14,14.31,205.00,6.50,0.13,5.50,65.20,23.12,7.45,4.24,0.00,No,Yes,No,Non-Anemic
PID_2989,Female,46,15.50,4.23,47.48,112.24,36.61,32.67,14.21,95.00,10.84,0.10,8.40,47.34,42.04,6.39,4.26,0.00,Yes,Yes,No,Non-Anemic
PID_2990,Female,71,8.00,2.89,21.68,75.04,27.67,36.91,13.64,327.00,9.31,0.30,4.90,50.84,37.52,6.78,3.88,0.97,No,No,No,Anemic
PID_2991,Male,75,11.20,3.29,31.27,95.06,34.06,35.85,12.20,150.00,7.26,0.11,5.40,54.16,36.07,6.52,2.17,1.09,Yes,No,No,Anemic
PID_2992,Male,42,11.80,4.10,33.98,82.86,28.75,34.75,14.83,166.00,9.27,0.15,5.80,55.92,34.02,8.06,1.01,1.01,No,No,No,Anemic
PID_2993,Male,48,13.60,4.21,39.90,94.79,32.28,34.11,13.73,150.00,7.40,0.11,7.60,66.47,28.01,4.47,1.11,0.00,No,No,No,Non-Anemic
PID_2994,Female,20,10.70,4.07,31.71,77.88,26.30,33.75,17.42,220.00,9.65,0.21,7.10,35.84,53.69,8.31,1.04,1.04,No,No,No,Anemic
PID_2995,Female,54,13.00,4.58,39.56,86.43,28.41,32.88,14.77,262.00,7.02,0.18,9.00,48.69,44.09,5.18,1.03,1.03,No,No,Yes,Compensated Microcytosis
PID_2996,Female,58,10.70,4.43,31.38,70.84,24.18,34.07,12.99,452.00,10.43,0.47,7.70,27.52,61.63,5.99,3.97,0.99,No,No,No,Anemic
PID_2997,Female,40,11.30,4.21,32.94,78.26,26.83,34.27,17.08,194.00,14.43,0.28,10.50,55.75,35.51,3.87,3.90,0.97,No,No,No,Anemic
PID_2998,Male,65,11.20,3.51,34.45,98.16,31.92,32.55,18.04,74.00,12.99,0.10,3.10,56.63,37.17,3.12,2.06,1.03,No,No,No,Anemic
PID_2999,Female,75,14.90,5.07,43.31,85.40,29.41,34.39,15.87,157.00,10.40,0.16,12.60,65.43,24.39,7.15,2.04,1.02,No,No,No,Compensated Microcytosis
PID_3000,Male,46,13.40,4.76,39.63,83.25,28.18,33.80,13.67,140.00,8.16,0.11,4.20,67.66,22.18,6.07,4.05,0.00,No,No,No,Non-Anemic
PID_3001,Male,35,8.60,3.21,27.12,84.48,26.83,31.69,17.80,373.00,7.26,0.27,5.80,59.62,32.35,3.97,3.98,0.00,No,No,No,Anemic
PID_3002,Male,24,11.20,3.82,33.97,88.92,29.31,33.00,12.91,211.00,14.44,0.31,13.20,44.63,44.32,8.00,2.01,1.00,Yes,Yes,No,Anemic
PID_3003,Male,57,9.50,3.51,28.36,80.77,27.03,33.49,14.61,158.00,7.41,0.12,6.00,50.61,44.02,2.19,2.16,1.08,No,Yes,No,Anemic
PID_3004,Female,71,15.20,4.32,41.91,97.00,35.19,36.27,15.21,334.00,9.27,0.31,5.60,43.29,43.11,9.03,4.54,0.00,No,No,No,Compensated Microcytosis
PID_3005,Female,19,10.40,4.74,30.00,63.25,21.97,34.71,13.28,152.00,7.20,0.11,4.40,58.32,33.33,4.21,3.14,1.05,No,No,No,Anemic
PID_3006,Male,77,10.90,3.59,33.64,93.71,30.32,32.36,13.62,155.00,8.69,0.13,9.60,65.58,25.75,4.39,4.36,0.00,No,No,No,Anemic
PID_3007,Male,66,15.90,6.05,45.98,76.00,26.29,34.57,12.47,185.00,6.83,0.13,17.50,51.89,39.76,3.13,4.18,1.04,No,No,No,Compensated Microcytosis
PID_3008,Female,61,10.60,3.37,32.98,97.83,31.45,32.17,12.79,78.00,9.00,0.07,3.10,67.26,23.03,8.66,1.08,0.00,No,Yes,No,Anemic
PID_3009,Male,76,13.40,4.46,37.96,85.11,30.04,35.29,14.08,32.00,8.11,0.03,5.70,81.40,11.32,6.22,1.04,0.00,No,No,No,Non-Anemic
PID_3010,Female,25,12.00,3.90,35.89,92.06,30.75,33.39,12.82,275.00,10.03,0.28,10.60,29.66,60.21,6.13,4.06,0.00,No,No,No,Non-Anemic
PID_3011,Male,45,10.80,4.40,31.87,72.39,24.57,33.91,14.58,206.00,7.22,0.15,9.10,62.62,30.61,3.35,2.26,1.13,No,No,No,Anemic
PID_3012,Male,38,12.30,4.16,34.56,83.08,29.54,35.56,15.81,115.00,8.68,0.10,4.40,59.01,30.06,6.93,3.98,0.00,No,No,No,Anemic
PID_3013,Female,58,10.30,3.17,31.74,100.12,32.51,32.45,12.67,120.00,9.31,0.11,5.90,60.77,30.31,4.92,3.96,0.00,No,No,No,Anemic
PID_3014,Male,37,12.20,3.92,37.74,96.27,31.11,32.34,15.02,180.00,7.93,0.14,11.70,69.47,20.08,6.28,3.15,1.05,No,No,No,Anemic
PID_3015,Female,80,13.70,5.17,41.14,79.59,26.50,33.28,12.88,120.00,9.99,0.12,8.40,62.29,28.30,5.17,4.17,0.00,Yes,No,No,Compensated Microcytosis
PID_3016,Male,54,13.10,4.50,37.17,82.58,29.08,35.23,13.36,140.00,9.63,0.13,6.10,72.10,20.89,6.03,1.01,0.00,No,Yes,No,Non-Anemic
PID_3017,Female,62,10.20,3.58,31.70,88.59,28.48,32.19,15.90,272.00,7.88,0.21,8.70,59.97,29.11,6.95,3.98,0.00,No,No,Yes,Anemic
PID_3018,Male,41,13.80,4.79,45.10,94.12,28.84,30.56,16.52,267.00,9.64,0.26,5.40,59.81,30.44,6.80,1.95,0.98,No,No,No,Compensated Microcytosis
PID_3019,Male,44,11.50,4.22,34.37,81.41,27.25,33.50,15.32,222.00,7.93,0.18,6.50,69.33,24.35,3.12,3.15,0.00,No,No,No,Anemic
PID_3020,Female,51,15.10,5.19,43.56,83.95,29.11,34.70,12.93,154.00,10.87,0.17,10.20,31.10,60.69,5.11,2.05,1.02,Yes,No,No,Non-Anemic
PID_3021,Female,54,7.80,3.96,22.01,55.56,19.71,35.46,12.87,268.00,7.48,0.20,8.50,77.36,18.37,2.12,1.07,1.07,No,Yes,No,Anemic
PID_3022,Female,39,13.50,4.54,40.37,88.92,29.71,33.40,13.97,214.00,7.21,0.15,8.70,59.10,30.84,7.02,2.02,1.01,No,No,No,Non-Anemic
PID_3023,Male,38,10.30,2.77,30.74,110.97,37.19,33.51,13.20,122.00,8.99,0.11,5.50,43.09,48.72,5.11,2.06,1.03,No,No,No,Anemic
PID_3024,Female,24,13.00,4.86,36.74,75.60,26.76,35.37,14.76,249.00,8.69,0.22,5.00,53.85,39.65,4.36,1.09,1.09,No,No,No,Compensated Microcytosis
PID_3025,Male,36,12.90,4.74,40.62,85.73,27.21,31.78,15.81,135.00,6.49,0.09,6.80,71.17,19.56,6.16,2.06,1.03,No,No,No,Anemic
PID_3026,Female,59,11.80,4.10,35.19,85.86,28.76,33.54,15.23,165.00,9.32,0.15,5.80,51.84,38.62,8.48,1.06,0.00,No,No,No,Anemic
PID_3027,Female,29,11.90,4.56,34.77,76.21,26.12,34.26,12.93,241.00,14.46,0.35,7.70,45.59,48.82,4.19,1.41,0.00,No,No,No,Anemic
PID_3028,Female,62,11.10,3.87,32.14,83.01,28.67,34.50,14.30,183.00,9.29,0.17,8.90,52.06,35.22,7.83,3.91,0.98,No,No,No,Anemic
PID_3029,Male,74,10.80,4.45,32.35,72.66,24.30,33.42,15.67,188.00,9.28,0.17,9.00,64.13,25.27,7.39,3.17,0.00,No,No,No,Anemic
PID_3030,Female,67,13.30,4.64,39.07,84.23,28.66,34.07,12.57,226.00,7.26,0.16,9.00,77.54,13.66,5.87,2.93,0.00,No,No,No,Non-Anemic
PID_3031,Female,23,11.90,4.12,38.37,93.09,28.86,31.02,14.52,214.00,10.83,0.23,11.80,68.04,25.47,4.31,1.07,1.07,No,No,No,Anemic
PID_3032,Female,58,8.60,3.73,25.90,69.45,23.02,33.18,14.39,258.00,7.02,0.18,9.40,66.70,26.83,4.31,1.07,1.07,No,No,No,Anemic
PID_3033,Female,19,9.90,3.47,28.66,82.56,28.55,34.56,13.91,357.00,6.86,0.24,32.70,44.91,46.69,6.32,2.10,0.00,No,No,No,Anemic
PID_3034,Female,24,10.80,4.53,32.91,72.68,23.84,32.83,16.37,348.00,9.27,0.32,8.80,54.30,42.32,2.31,1.14,0.00,No,Yes,No,Anemic
PID_3035,Male,36,13.50,4.54,39.62,87.29,29.74,34.05,14.31,214.00,7.25,0.15,8.70,62.09,28.78,5.07,4.08,0.00,No,No,No,Non-Anemic
PID_3036,Female,56,11.50,4.22,33.30,78.90,27.23,34.50,14.82,222.00,9.02,0.20,6.50,48.35,44.27,3.14,4.23,0.00,No,No,No,Anemic
PID_3037,Male,64,12.90,4.47,38.41,85.93,28.85,33.59,17.98,135.00,13.71,0.18,6.80,43.75,51.86,2.13,1.09,1.09,No,No,No,Anemic
PID_3038,Female,40,9.10,2.88,26.60,92.40,31.59,34.18,16.19,497.00,8.42,0.42,7.90,56.65,32.92,5.69,3.80,0.95,No,No,No,Anemic
PID_3039,Female,61,10.90,3.96,33.19,83.82,27.54,32.80,13.11,317.00,6.54,0.21,10.20,57.13,33.51,5.18,3.12,1.04,Yes,No,No,Anemic
PID_3040,Male,39,7.00,4.21,20.74,49.25,16.62,33.74,13.07,365.00,7.47,0.27,5.30,67.47,24.49,6.99,1.00,0.00,No,No,No,Anemic
PID_3041,Female,40,11.30,4.10,32.53,79.38,27.57,34.73,20.87,134.00,7.20,0.10,5.60,69.20,19.96,6.89,2.96,0.99,No,No,No,Anemic
PID_3042,Male,49,14.10,5.39,41.24,76.53,26.17,34.19,20.11,130.00,6.51,0.08,8.30,43.06,48.64,3.12,4.16,1.04,No,No,No,Compensated Microcytosis
PID_3043,Female,55,11.80,4.10,35.44,86.48,28.77,33.30,14.67,165.00,6.86,0.11,5.80,61.67,28.81,5.23,3.16,1.05,No,No,No,Anemic
PID_3044,Female,28,13.30,4.95,38.81,78.39,26.87,34.26,16.69,198.00,6.87,0.14,7.40,69.26,19.76,5.99,3.99,1.00,No,Yes,No,Compensated Microcytosis
PID_3045,Male,34,13.40,3.85,38.44,99.87,34.79,34.89,13.38,140.00,9.64,0.13,7.10,47.06,45.01,5.92,0.99,0.99,No,No,No,Non-Anemic
PID_3046,Male,49,9.30,2.26,29.49,130.45,41.11,31.55,13.12,222.00,7.70,0.17,5.30,43.24,44.76,8.00,3.00,1.00,No,No,No,Anemic
PID_3047,Male,67,13.90,4.97,39.28,79.01,27.99,35.40,12.67,229.00,8.42,0.19,3.90,48.09,42.37,5.34,3.19,1.06,No,No,No,Non-Anemic
PID_3048,Male,79,9.60,2.89,28.57,98.91,33.19,33.57,14.91,207.00,8.37,0.17,7.60,58.94,33.62,3.18,3.19,1.06,No,No,No,Anemic
PID_3049,Female,25,13.20,3.36,38.25,113.86,39.30,34.53,15.49,150.00,8.69,0.13,7.20,54.88,35.28,7.87,0.98,0.98,No,No,No,Compensated Microcytosis
PID_3050,Male,46,8.10,2.96,22.86,77.20,27.37,35.45,17.43,127.00,6.54,0.08,16.90,66.52,27.11,2.11,3.19,1.06,No,No,No,Anemic
PID_3051,Male,32,10.30,3.34,31.84,95.28,30.81,32.34,12.83,24.00,7.44,0.02,4.90,54.30,38.35,3.14,3.15,1.05,Yes,No,No,Anemic
PID_3052,Male,25,8.10,2.55,24.44,95.80,31.78,33.18,14.63,112.00,10.44,0.12,3.40,60.01,28.33,7.38,4.23,0.00,No,No,No,Anemic
PID_3053,Female,53,12.70,4.19,37.74,90.06,30.29,33.67,16.06,52.00,13.03,0.07,5.20,57.83,32.18,4.99,4.02,1.01,No,No,No,Compensated Microcytosis
PID_3054,Female,71,11.00,3.74,33.27,89.01,29.42,33.08,15.11,36.00,7.26,0.03,5.50,58.58,30.50,6.93,3.98,0.00,No,No,No,Anemic
PID_3055,Male,61,9.70,3.18,26.88,84.56,30.54,36.07,16.86,84.00,20.32,0.17,2.00,65.49,27.51,4.06,3.03,0.00,Yes,No,Yes,Anemic
PID_3056,Male,36,8.00,2.71,24.26,89.53,29.53,33.00,14.74,32.00,6.18,0.02,4.30,57.18,33.89,4.42,3.34,1.11,No,No,No,Anemic
PID_3057,Female,67,12.30,4.42,36.90,83.44,27.81,33.30,13.10,47.00,8.04,0.04,8.80,60.78,33.00,4.15,1.04,1.04,No,Yes,No,Non-Anemic
PID_3058,Female,62,7.70,2.53,22.48,88.87,30.45,34.25,13.13,90.00,9.82,0.09,6.50,69.41,23.20,3.13,3.15,1.05,No,No,No,Anemic
PID_3059,Male,27,10.60,3.53,32.56,92.22,30.04,32.58,15.31,221.00,13.25,0.29,6.30,60.34,31.60,3.03,4.06,1.02,No,No,No,Anemic
PID_3060,Male,61,10.20,3.41,30.42,89.21,29.91,33.51,14.73,210.00,11.16,0.23,8.10,69.10,22.00,4.90,2.96,0.99,No,No,No,Anemic
PID_3061,Female,77,10.30,3.54,29.96,84.61,29.09,34.38,21.34,215.00,12.24,0.26,5.10,65.39,24.82,7.89,0.98,0.98,No,No,No,Anemic
PID_3062,Female,57,9.90,3.33,29.46,88.46,29.75,33.62,13.01,252.00,11.39,0.29,6.80,54.67,36.32,7.04,2.00,0.00,Yes,No,Yes,Anemic
PID_3063,Male,79,10.20,3.44,30.10,87.53,29.67,33.90,15.19,223.00,12.33,0.28,8.90,62.46,34.32,2.18,1.09,0.00,Yes,No,No,Anemic
PID_3064,Female,68,12.40,4.18,37.16,88.94,29.70,33.38,12.70,162.00,17.21,0.28,6.30,70.47,25.06,2.25,2.22,0.00,No,No,No,Non-Anemic
PID_3065,Female,76,12.50,3.63,38.84,107.02,34.47,32.16,13.99,216.00,28.30,0.61,5.10,79.67,14.87,4.38,1.10,0.00,No,No,No,Non-Anemic
PID_3066,Female,23,13.60,4.71,39.55,83.97,28.91,34.42,18.23,148.00,17.32,0.26,9.60,50.53,38.42,8.04,3.02,0.00,No,No,No,Compensated Microcytosis
PID_3067,Male,27,14.60,5.50,40.44,73.52,26.58,36.14,15.62,102.00,19.71,0.20,4.70,61.73,28.12,7.19,3.06,0.00,No,No,Yes,Compensated Microcytosis
PID_3068,Female,75,11.20,3.70,32.92,88.96,30.31,34.02,15.24,89.00,11.72,0.10,4.70,67.00,26.68,4.25,2.11,0.00,No,No,No,Anemic
PID_3069,Male,38,13.90,3.48,40.56,116.54,39.96,34.24,16.52,84.00,4.43,0.04,4.40,51.14,40.73,4.02,4.04,0.00,No,No,No,Compensated Microcytosis
PID_3070,Male,25,11.00,4.86,31.58,65.01,22.67,34.81,16.70,258.00,9.73,0.25,6.30,50.64,41.18,6.19,2.06,0.00,No,No,No,Anemic
PID_3071,Male,80,13.20,4.75,40.64,85.60,27.81,32.51,17.39,157.00,17.34,0.27,8.40,59.93,30.82,7.16,1.02,1.02,No,No,No,Compensated Microcytosis
PID_3072,Female,58,13.00,4.73,36.07,76.28,27.51,36.06,15.41,252.00,9.88,0.25,8.10,66.65,25.70,3.29,4.34,0.00,No,No,No,Compensated Microcytosis
PID_3073,Female,63,14.20,4.68,41.47,88.63,30.30,34.27,16.68,131.00,6.52,0.09,6.60,53.68,34.53,7.81,2.94,0.98,No,No,No,Compensated Microcytosis
PID_3074,Female,40,11.50,3.48,31.98,91.87,33.05,35.93,14.50,246.00,16.91,0.42,7.20,42.24,46.56,7.80,2.23,1.11,No,No,Yes,Anemic
PID_3075,Female,79,11.20,4.87,33.82,69.46,23.01,33.10,16.69,417.00,7.47,0.31,8.60,52.88,35.13,7.03,4.00,1.00,No,No,No,Anemic
PID_3076,Male,60,13.80,4.74,38.14,80.50,29.11,36.15,15.48,191.00,5.94,0.11,9.20,30.70,58.12,7.02,2.81,1.41,No,No,No,Compensated Microcytosis
PID_3077,Female,66,11.20,4.47,32.06,71.70,25.05,34.93,14.99,103.00,11.13,0.12,3.00,49.72,39.79,6.63,2.85,0.95,No,No,No,Anemic
PID_3078,Male,72,12.10,4.18,34.91,83.47,28.96,34.67,13.87,153.00,11.91,0.18,5.20,53.05,36.59,6.20,4.16,0.00,No,No,No,Anemic
PID_3079,Female,76,12.60,4.33,36.76,84.89,29.13,34.26,14.96,168.00,13.98,0.24,6.20,63.76,30.09,2.05,3.11,1.04,No,No,No,Compensated Microcytosis
PID_3080,Male,21,12.50,4.86,37.09,76.32,25.73,33.67,14.17,282.00,13.18,0.37,6.60,66.05,25.24,7.67,0.96,0.00,No,No,No,Anemic
PID_3081,Male,48,13.90,5.59,39.22,70.13,24.90,35.44,14.80,197.00,9.22,0.18,12.20,61.61,32.48,3.53,1.17,1.17,No,No,No,Compensated Microcytosis
PID_3082,Male,63,13.80,4.55,40.39,88.80,30.32,34.20,15.69,253.00,20.79,0.53,9.10,64.58,27.32,5.10,3.04,0.00,No,No,No,Compensated Microcytosis
PID_3083,Female,46,13.80,4.38,43.62,99.56,31.52,31.62,14.68,185.00,13.81,0.26,7.30,65.60,28.27,3.04,3.07,0.00,No,No,No,Compensated Microcytosis
PID_3084,Female,71,11.20,4.53,34.29,75.73,24.72,32.62,16.26,311.00,16.47,0.51,11.70,70.08,24.09,3.48,1.16,1.16,No,No,No,Anemic
PID_3085,Female,39,11.30,4.18,33.45,80.05,27.07,33.76,15.42,140.00,8.06,0.11,19.50,47.95,44.74,3.12,3.11,1.04,No,No,Yes,Anemic
PID_3086,Female,39,12.60,4.52,36.66,81.06,27.86,34.37,15.39,392.00,10.81,0.42,9.10,67.15,23.47,4.68,3.51,1.17,No,No,No,Compensated Microcytosis
PID_3087,Male,79,11.00,3.78,32.42,85.80,29.09,33.93,16.17,151.00,8.47,0.13,8.20,55.83,34.85,5.17,4.16,0.00,No,No,No,Anemic
PID_3088,Male,75,11.90,4.65,33.56,72.15,25.60,35.45,15.92,449.00,11.82,0.53,17.30,56.91,34.99,5.09,3.05,0.00,No,No,Yes,Anemic
PID_3089,Male,59,9.50,4.11,30.01,73.03,23.15,31.63,16.28,176.00,6.48,0.11,6.50,55.73,31.87,7.65,3.81,0.95,No,No,No,Anemic
PID_3090,Female,49,15.00,4.46,43.90,98.41,33.63,34.19,15.67,152.00,11.19,0.17,8.40,76.84,15.88,5.21,1.04,1.04,No,No,No,Compensated Microcytosis
PID_3091,Female,73,13.90,4.91,43.69,88.94,28.27,31.79,16.12,266.00,6.53,0.17,8.80,53.06,37.98,5.99,2.99,0.00,No,No,No,Compensated Microcytosis
PID_3092,Female,79,13.10,4.40,37.52,85.27,29.74,34.87,15.64,105.00,16.97,0.18,5.70,64.55,23.72,7.83,2.93,0.98,No,No,No,Compensated Microcytosis
PID_3093,Female,30,10.90,4.03,32.17,79.79,27.06,33.86,16.13,289.00,11.71,0.34,10.80,83.46,6.19,7.52,2.82,0.00,Yes,Yes,No,Anemic
PID_3094,Male,49,13.60,5.04,39.42,78.20,27.02,34.49,16.29,150.00,17.35,0.26,7.10,52.22,39.73,5.99,1.00,1.00,No,No,No,Compensated Microcytosis
PID_3095,Male,34,12.10,4.16,36.71,88.26,29.06,32.94,16.11,166.00,7.22,0.12,10.30,52.85,40.99,2.02,3.09,1.03,No,No,No,Anemic
PID_3096,Female,79,12.30,4.61,34.61,75.10,26.71,35.54,15.90,195.00,16.05,0.31,9.30,57.33,30.03,7.81,3.89,0.97,No,No,No,Compensated Microcytosis
PID_3097,Female,43,13.90,5.31,39.43,74.30,26.18,35.22,16.21,275.00,18.57,0.51,12.10,57.82,36.96,2.05,2.07,1.04,No,No,No,Compensated Microcytosis
PID_3098,Male,80,14.20,5.13,40.92,79.80,27.65,34.67,15.99,499.00,16.78,0.84,10.60,70.51,20.50,4.02,4.00,1.00,No,No,No,Compensated Microcytosis
PID_3099,Male,70,12.50,4.33,36.93,85.28,28.84,33.88,16.24,352.00,14.30,0.50,13.50,58.19,36.78,3.06,1.02,1.02,No,Yes,No,Anemic
PID_3100,Male,36,13.10,4.55,37.76,82.99,28.82,34.71,15.68,153.00,13.90,0.21,4.50,62.36,27.84,6.87,2.94,0.00,No,No,No,Compensated Microcytosis
PID_3101,Female,61,13.70,4.62,41.33,89.44,29.69,33.17,16.27,152.00,18.55,0.28,4.30,61.48,30.58,3.93,2.97,0.99,Yes,No,No,Compensated Microcytosis
PID_3102,Female,29,11.40,4.54,32.55,71.71,25.15,35.06,15.97,154.00,6.93,0.11,7.10,59.97,29.37,5.28,4.26,1.06,No,No,No,Anemic
PID_3103,Male,70,15.20,5.89,42.25,71.74,25.83,36.01,15.72,240.00,28.94,0.69,26.90,49.06,42.88,6.04,2.02,0.00,No,No,No,Compensated Microcytosis
PID_3104,Male,52,13.10,4.78,37.13,77.68,27.43,35.31,16.12,170.00,17.39,0.29,6.40,34.73,57.97,3.11,3.14,1.05,No,No,No,Compensated Microcytosis
PID_3105,Female,65,10.90,4.15,32.91,79.25,26.30,33.08,16.36,230.00,16.35,0.38,9.10,62.23,26.86,6.98,3.97,0.00,No,No,No,Anemic
PID_3106,Male,50,12.40,4.57,36.01,78.78,27.09,34.43,14.96,257.00,10.92,0.28,7.00,60.12,28.12,7.81,2.94,0.98,No,No,No,Anemic
PID_3107,Male,32,13.50,4.76,41.60,87.38,28.35,32.41,16.88,242.00,10.82,0.26,8.70,63.09,26.89,8.03,2.00,0.00,Yes,No,No,Compensated Microcytosis
PID_3108,Male,73,13.30,4.93,38.34,77.74,26.96,34.67,15.48,157.00,17.32,0.27,6.00,47.12,44.53,6.27,1.05,1.05,No,No,No,Compensated Microcytosis
PID_3109,Female,23,9.40,2.97,27.21,91.59,31.61,34.51,14.67,179.00,7.85,0.14,10.30,72.23,23.59,3.20,1.06,0.00,No,No,No,Anemic
PID_3110,Male,71,10.40,4.58,32.75,71.48,22.70,31.77,17.81,193.00,7.27,0.14,7.10,58.17,36.12,3.39,2.28,0.00,No,No,No,Anemic
PID_3111,Male,36,12.30,4.61,37.72,81.83,26.67,32.58,14.67,196.00,16.31,0.32,9.30,66.92,26.60,4.31,1.07,1.07,Yes,No,Yes,Anemic
PID_3112,Male,46,13.60,5.04,40.40,80.18,26.98,33.67,14.10,150.00,12.65,0.19,7.10,67.87,22.88,8.19,1.02,0.00,No,No,No,Compensated Microcytosis
PID_3113,Male,36,8.40,2.26,24.97,110.50,37.14,33.65,14.23,181.00,4.89,0.09,16.20,67.42,25.15,3.19,3.18,1.06,No,Yes,No,Anemic
PID_3114,Female,46,12.00,3.78,36.87,97.49,31.77,32.58,14.59,178.00,10.09,0.18,4.70,58.48,29.70,7.47,3.21,1.07,No,No,No,Compensated Microcytosis
PID_3115,Male,25,12.70,4.05,36.85,90.96,31.36,34.49,14.21,433.00,9.92,0.43,13.00,56.09,34.85,5.99,3.01,0.00,No,No,No,Anemic
PID_3116,Female,51,4.20,1.91,12.24,64.14,21.96,34.29,13.33,216.00,17.03,0.37,7.80,57.64,34.26,7.04,1.00,0.00,No,No,No,Anemic
PID_3117,Female,28,11.30,3.96,33.46,84.51,28.52,33.73,12.91,301.00,13.12,0.40,5.40,50.04,39.59,5.16,4.14,1.03,No,No,No,Anemic
PID_3118,Female,30,12.40,3.94,37.47,95.10,31.50,33.11,15.57,247.00,10.13,0.25,15.30,57.09,37.00,3.53,1.18,1.18,Yes,No,Yes,Compensated Microcytosis
PID_3119,Male,59,12.90,6.05,36.59,60.49,21.33,35.24,13.56,169.00,5.89,0.10,10.20,60.78,32.90,2.09,4.26,0.00,Yes,No,No,Anemic
PID_3120,Male,20,13.30,4.09,36.96,90.36,32.49,36.03,15.41,242.00,10.15,0.25,4.50,72.52,20.07,4.23,3.20,0.00,No,No,No,Compensated Microcytosis
PID_3121,Female,26,13.00,4.14,38.90,93.92,31.38,33.42,13.87,100.00,15.31,0.15,3.50,58.87,29.61,8.43,3.16,0.00,No,No,No,Non-Anemic
PID_3122,Male,45,12.20,3.65,36.67,100.47,33.43,33.30,15.87,261.00,17.32,0.45,5.20,57.42,32.33,8.25,1.03,1.03,No,No,No,Anemic
PID_3123,Male,52,12.80,3.84,37.01,96.38,33.34,34.55,16.37,202.00,10.74,0.22,4.30,61.57,27.47,6.94,2.99,1.00,No,No,Yes,Anemic
PID_3124,Male,34,11.90,4.29,35.45,82.61,27.74,33.58,15.70,80.00,17.32,0.14,5.70,61.93,27.96,5.07,4.03,1.01,No,No,No,Anemic
PID_3125,Female,18,15.10,4.80,44.63,92.97,31.48,33.83,14.27,70.00,11.18,0.08,5.30,64.87,27.80,5.26,1.04,1.04,No,No,No,Non-Anemic
PID_3126,Male,19,4.20,1.91,12.04,62.99,21.99,34.87,15.19,216.00,13.72,0.30,7.80,44.29,48.34,6.35,1.06,0.00,No,No,No,Anemic
PID_3127,Male,21,12.30,3.92,38.79,98.94,31.40,31.70,14.22,191.00,9.79,0.19,4.50,75.28,19.15,4.44,1.11,0.00,No,No,No,Anemic
PID_3128,Male,21,12.30,4.33,34.57,79.83,28.40,35.58,12.12,461.00,13.58,0.63,8.90,59.57,31.29,8.04,1.15,0.00,No,No,No,Anemic
PID_3129,Male,56,9.70,2.83,28.46,100.53,34.27,34.11,13.97,280.00,17.34,0.49,13.00,66.25,22.25,8.37,3.14,0.00,No,No,No,Anemic
PID_3130,Female,52,13.90,4.30,41.48,96.50,32.33,33.51,21.29,385.00,13.17,0.51,19.30,52.42,42.66,3.69,1.22,0.00,No,No,Yes,Compensated Microcytosis
PID_3131,Female,80,12.90,4.70,38.06,80.96,27.43,33.89,16.10,281.00,15.57,0.44,9.90,59.55,32.77,4.34,2.18,1.09,No,No,No,Compensated Microcytosis
PID_3132,Female,63,14.80,5.81,43.59,74.99,25.47,33.98,12.92,212.00,7.42,0.16,8.40,76.26,16.31,5.28,1.05,1.05,No,No,No,Compensated Microcytosis
PID_3133,Female,33,12.60,4.13,39.47,95.59,30.50,31.95,14.17,276.00,7.66,0.21,8.50,68.12,22.93,4.97,3.96,0.00,No,No,No,Non-Anemic
PID_3134,Female,65,14.30,5.55,39.95,72.00,25.78,35.83,15.58,151.00,18.76,0.28,22.90,66.98,22.19,7.90,1.98,0.99,No,No,No,Compensated Microcytosis
PID_3135,Female,66,15.90,5.50,46.70,84.91,28.93,34.04,13.84,373.00,6.81,0.25,13.30,59.91,32.79,4.16,3.13,0.00,No,No,No,Non-Anemic
PID_3136,Female,40,13.40,4.76,38.81,81.49,28.18,34.57,13.93,276.00,17.10,0.47,7.60,64.69,28.90,2.14,3.21,1.07,No,No,No,Non-Anemic
PID_3137,Male,23,13.10,5.34,37.28,69.82,24.50,35.15,18.18,233.00,5.77,0.13,7.20,58.72,34.83,4.33,2.16,0.00,No,No,No,Compensated Microcytosis
PID_3138,Male,21,14.80,5.44,45.16,82.98,27.17,32.79,16.07,303.00,260.31,7.89,13.80,61.44,30.83,5.11,2.57,0.00,No,No,No,Compensated Microcytosis
PID_3139,Female,40,14.40,4.34,41.66,95.95,33.18,34.58,13.63,153.00,11.18,0.17,14.80,64.30,30.03,2.29,2.27,1.13,No,No,No,Non-Anemic
PID_3140,Male,22,15.90,5.50,47.21,85.81,28.92,33.68,17.43,373.00,10.30,0.39,13.30,49.20,40.55,8.11,1.02,1.02,No,No,No,Compensated Microcytosis
PID_3141,Female,37,14.30,5.55,40.84,73.60,25.77,35.02,12.29,151.00,12.33,0.19,22.90,56.52,38.11,3.21,2.13,0.00,No,No,Yes,Compensated Microcytosis
PID_3142,Female,77,9.00,3.17,28.62,90.28,28.41,31.41,12.99,166.00,13.10,0.22,9.60,62.61,30.20,4.14,2.05,1.03,No,No,No,Anemic
PID_3143,Male,34,8.40,3.12,24.79,79.43,26.96,33.89,18.00,130.00,7.12,0.09,3.60,53.50,39.26,2.08,4.10,1.03,No,No,No,Anemic
PID_3144,Male,22,7.80,3.94,23.44,59.47,19.80,33.30,12.03,152.00,12.01,0.18,7.20,45.45,46.38,6.12,1.02,1.02,No,No,Yes,Anemic
PID_3145,Male,70,9.20,3.75,26.65,71.09,24.51,34.53,15.03,392.00,8.47,0.33,9.00,64.97,26.89,4.60,3.48,0.00,No,No,No,Anemic
PID_3146,Female,46,13.40,3.24,38.77,119.69,41.34,34.58,18.96,237.00,10.64,0.25,10.10,46.46,43.59,6.98,1.99,0.99,No,No,No,Compensated Microcytosis
PID_3147,Male,67,8.40,5.33,25.34,47.53,15.75,33.18,17.03,248.00,12.67,0.31,5.90,64.47,28.32,5.13,2.05,0.00,No,No,No,Anemic
PID_3148,Male,29,9.50,3.41,28.66,84.08,27.87,33.19,15.03,153.00,13.79,0.21,8.20,71.84,19.74,6.28,2.10,0.00,No,No,No,Anemic
PID_3149,Male,32,11.50,4.77,33.96,71.21,24.14,33.86,16.03,238.00,7.99,0.19,8.10,59.71,32.37,4.52,2.26,1.13,Yes,Yes,No,Anemic
PID_3150,Female,53,11.00,4.11,33.41,81.31,26.75,32.94,10.96,130.00,12.79,0.17,5.80,80.64,7.85,7.69,2.88,0.96,No,No,No,Anemic
PID_3151,Female,32,13.40,4.35,38.27,88.01,30.84,35.01,17.01,158.00,11.70,0.18,11.20,47.06,47.86,2.06,2.05,1.03,No,No,No,Compensated Microcytosis
PID_3152,Female,51,11.60,3.70,34.57,93.46,31.36,33.58,11.99,285.00,11.77,0.34,28.00,47.38,40.47,7.72,3.31,1.10,No,No,No,Anemic
PID_3153,Male,23,11.00,4.41,36.05,81.77,24.93,30.48,18.99,298.00,11.82,0.35,8.60,58.86,33.13,5.03,2.00,1.00,No,No,No,Anemic
PID_3154,Male,62,13.30,4.92,39.64,80.53,27.06,33.54,10.96,125.00,9.90,0.12,11.10,57.87,33.10,6.97,2.00,0.00,No,No,No,Compensated Microcytosis
PID_3155,Female,41,14.80,4.92,45.19,91.83,30.09,32.74,18.00,152.00,5.77,0.09,13.40,49.34,40.42,6.85,3.41,0.00,No,Yes,No,Compensated Microcytosis
PID_3156,Female,39,13.00,4.54,40.57,89.38,28.63,32.04,14.96,239.00,13.45,0.32,23.60,62.74,27.25,7.98,1.99,0.00,No,No,No,Compensated Microcytosis
PID_3157,Female,33,14.40,5.39,44.29,82.14,26.75,32.53,16.99,377.00,11.22,0.42,13.10,46.95,45.23,5.60,2.24,0.00,Yes,No,No,Compensated Microcytosis
PID_3158,Male,31,10.80,3.95,31.64,80.09,27.31,34.15,18.01,532.00,12.08,0.64,11.00,69.45,20.37,6.10,4.06,0.00,No,No,No,Anemic
PID_3159,Male,69,9.00,3.34,25.28,75.73,26.97,35.61,16.03,153.00,13.06,0.20,6.50,57.29,38.32,3.32,1.11,0.00,No,No,No,Anemic
PID_3160,Male,60,12.90,5.03,37.53,74.60,25.64,34.35,20.01,230.00,10.21,0.23,6.00,57.49,34.68,3.94,3.91,0.00,No,No,No,Anemic
PID_3161,Female,18,15.50,5.55,46.59,83.98,27.96,33.24,19.97,188.00,12.33,0.23,12.80,55.25,34.78,6.60,3.31,0.00,No,No,No,Compensated Microcytosis
PID_3162,Male,23,12.80,5.46,37.05,67.90,23.44,34.58,11.01,332.00,11.78,0.39,11.60,49.98,41.63,3.15,4.20,1.05,No,No,No,Anemic
PID_3163,Female,45,13.40,4.65,40.06,86.11,28.79,33.45,13.98,272.00,7.81,0.21,23.40,62.19,31.65,5.14,1.03,0.00,No,No,Yes,Non-Anemic
PID_3164,Male,36,12.90,4.48,38.89,86.80,28.77,33.14,10.96,247.00,12.70,0.31,7.10,47.20,43.00,7.83,1.96,0.00,No,No,No,Anemic
PID_3165,Male,22,12.10,4.71,37.10,78.75,25.66,32.61,17.97,321.00,6.21,0.20,5.00,72.28,22.32,2.12,3.23,0.00,Yes,No,No,Anemic
PID_3166,Female,79,10.50,3.68,32.92,89.47,28.57,31.91,18.02,154.00,14.08,0.22,8.10,39.12,53.75,4.11,3.07,0.00,No,No,No,Anemic
PID_3167,Male,50,11.80,4.34,35.19,81.05,27.19,33.53,12.98,367.00,13.01,0.48,12.50,60.32,32.32,4.22,3.16,0.00,No,Yes,No,Anemic
PID_3168,Female,42,10.20,3.67,29.83,81.28,27.79,34.18,17.03,298.00,12.08,0.36,7.80,58.26,33.61,5.03,3.03,0.00,No,No,No,Anemic
PID_3169,Female,78,11.90,3.92,35.12,89.59,30.32,33.87,16.03,235.00,9.45,0.22,13.00,71.27,22.04,5.62,1.12,0.00,No,Yes,No,Anemic
PID_3170,Male,27,13.90,5.53,41.49,75.05,25.13,33.53,17.97,186.00,12.60,0.23,8.00,56.45,38.33,3.16,1.05,1.05,No,No,No,Compensated Microcytosis
PID_3171,Female,60,8.50,4.05,25.86,63.90,20.99,32.88,12.02,534.00,12.19,0.65,12.70,45.08,44.94,7.01,2.00,1.00,No,No,No,Anemic
PID_3172,Female,77,12.90,4.86,37.14,76.42,26.54,34.74,19.99,353.00,12.37,0.44,8.10,40.82,49.53,7.67,0.96,0.96,No,No,No,Compensated Microcytosis
PID_3173,Male,72,11.40,4.36,35.16,80.62,26.13,32.44,11.01,167.00,14.07,0.24,42.40,59.80,35.09,3.12,1.03,1.03,No,Yes,No,Anemic
PID_3174,Male,57,14.60,5.17,41.80,80.83,28.24,34.94,12.03,251.00,11.73,0.29,8.30,14.37,73.70,7.62,4.33,0.00,No,No,No,Non-Anemic
PID_3175,Male,25,10.80,3.34,32.93,98.61,32.30,32.81,15.01,105.00,12.07,0.13,6.90,54.51,34.59,7.87,2.96,0.00,No,No,No,Anemic
PID_3176,Female,38,12.80,4.19,38.67,92.30,30.54,33.14,11.01,271.00,9.56,0.26,7.00,70.32,18.46,7.13,3.06,1.02,No,No,No,Non-Anemic
PID_3177,Female,26,12.90,3.68,40.01,108.73,35.02,32.24,11.97,183.00,9.78,0.18,5.90,63.45,25.58,6.98,4.00,0.00,No,No,No,Non-Anemic
PID_3178,Female,27,10.50,3.51,31.44,89.60,29.95,33.38,19.96,291.00,11.75,0.34,12.70,66.94,23.61,7.37,2.10,0.00,No,Yes,No,Anemic
PID_3179,Male,27,13.00,4.12,36.96,89.72,31.53,35.21,13.97,172.00,16.89,0.29,11.60,73.67,19.21,5.10,1.03,1.03,Yes,Yes,No,Non-Anemic
PID_3180,Male,69,13.60,4.14,39.29,94.93,32.89,34.58,16.98,262.00,9.73,0.25,5.70,83.86,10.11,4.04,2.00,0.00,No,No,No,Compensated Microcytosis
PID_3181,Female,56,15.10,5.80,42.93,74.05,26.00,35.15,11.03,282.00,12.14,0.34,11.30,63.45,27.46,4.01,4.04,1.01,Yes,No,No,Compensated Microcytosis
PID_3182,Male,41,13.80,4.80,39.85,83.06,28.78,34.63,14.97,200.00,10.85,0.22,6.10,53.37,37.25,5.20,3.13,1.04,No,No,No,Compensated Microcytosis
PID_3183,Male,46,11.10,4.10,33.97,82.83,27.07,32.67,16.98,267.00,10.46,0.28,14.80,67.25,21.98,8.61,2.15,0.00,No,No,No,Anemic
PID_3184,Male,43,9.80,4.03,29.16,72.40,24.29,33.63,12.03,150.00,9.29,0.14,9.70,43.46,50.12,5.34,1.07,0.00,No,No,No,Anemic
PID_3185,Female,32,12.00,4.01,36.29,90.53,29.89,33.10,13.01,130.00,11.71,0.15,4.80,70.93,23.66,2.15,2.17,1.09,No,No,Yes,Non-Anemic
PID_3186,Male,40,10.30,4.11,28.94,70.43,25.03,35.57,11.00,253.00,10.77,0.27,8.40,58.49,34.35,4.07,2.04,1.02,No,No,No,Anemic
PID_3187,Female,18,11.00,4.21,33.78,80.26,26.13,32.59,11.98,257.00,14.22,0.37,7.50,51.70,41.12,4.10,3.06,0.00,No,No,No,Anemic
PID_3188,Male,47,11.60,4.03,33.07,82.05,28.82,35.09,16.02,336.00,13.82,0.47,10.60,73.80,22.14,2.09,2.07,0.00,No,No,No,Anemic
PID_3189,Female,52,12.10,5.00,34.50,68.96,24.21,35.05,18.01,320.00,11.49,0.37,8.20,52.76,37.85,7.29,2.08,0.00,No,No,No,Compensated Microcytosis
PID_3190,Female,46,12.10,4.79,33.43,69.79,25.29,36.23,15.02,265.00,12.19,0.32,8.90,55.20,35.92,5.95,1.97,0.99,No,No,No,Compensated Microcytosis
PID_3191,Female,80,12.60,4.98,37.60,75.51,25.29,33.50,17.03,244.00,10.08,0.25,12.90,60.12,32.35,5.05,1.25,1.25,No,No,No,Compensated Microcytosis
PID_3192,Female,71,9.80,4.02,28.12,69.97,24.37,34.86,17.01,176.00,7.28,0.13,4.30,62.59,26.52,5.94,3.95,0.99,Yes,Yes,No,Anemic
PID_3193,Male,26,11.80,2.94,32.12,109.24,40.13,36.70,14.01,188.00,7.52,0.14,9.90,61.60,27.88,7.32,2.10,1.05,No,Yes,No,Anemic
PID_3194,Male,55,10.60,3.71,31.87,85.88,28.60,33.23,19.02,249.00,12.16,0.30,11.10,59.84,32.62,6.43,1.07,0.00,No,No,No,Anemic
PID_3195,Male,72,16.00,5.33,49.75,93.32,30.01,32.18,19.00,87.00,11.75,0.10,5.10,43.39,47.48,7.09,1.02,1.02,No,No,No,Compensated Microcytosis
PID_3196,Male,69,7.40,3.66,23.31,63.71,20.24,31.72,12.98,434.00,12.51,0.54,10.80,50.42,42.13,5.32,1.07,1.07,No,No,No,Anemic
PID_3197,Female,42,13.50,5.00,38.73,77.44,27.00,34.86,16.00,313.00,5.24,0.16,17.70,59.26,33.63,5.07,2.04,0.00,No,No,No,Compensated Microcytosis
PID_3198,Female,25,11.10,3.51,34.97,99.60,31.60,31.73,16.97,290.00,8.18,0.24,6.50,53.26,35.55,8.12,3.05,0.00,No,Yes,No,Anemic
PID_3199,Female,27,8.10,2.25,24.14,107.28,35.97,33.54,20.00,140.00,7.11,0.10,9.20,67.22,21.71,8.00,3.02,0.00,No,No,No,Anemic
PID_3200,Male,35,12.10,4.82,35.05,72.73,25.07,34.55,19.97,159.00,12.09,0.19,21.10,57.36,32.82,4.89,3.91,0.98,No,No,No,Anemic
PID_3201,Male,18,10.30,3.77,30.10,79.87,27.33,34.26,18.98,140.00,11.16,0.16,7.80,37.50,55.02,3.16,4.26,0.00,No,No,No,Anemic
PID_3202,Female,43,11.20,3.94,32.45,82.38,28.39,34.51,17.98,100.00,14.19,0.14,11.20,54.02,37.54,6.30,1.05,1.05,No,No,No,Anemic
PID_3203,Female,79,14.60,4.73,42.61,90.09,30.85,34.28,15.00,341.00,13.13,0.45,8.00,60.83,28.78,7.31,2.09,1.04,No,No,No,Compensated Microcytosis
PID_3204,Male,24,9.30,2.96,26.17,88.38,31.43,35.55,12.03,283.00,14.48,0.41,8.20,70.49,22.57,6.02,1.00,0.00,No,No,No,Anemic
PID_3205,Female,70,6.90,1.92,21.00,109.39,35.93,32.84,15.02,273.00,11.75,0.32,13.70,66.20,23.79,5.58,4.46,0.00,Yes,No,No,Anemic
PID_3206,Female,52,8.50,3.16,25.61,81.04,26.93,33.16,14.03,213.00,11.35,0.24,8.70,62.73,26.06,8.15,3.05,0.00,No,Yes,No,Anemic
PID_3207,Female,64,14.30,5.08,43.24,85.13,28.12,33.07,12.04,207.00,12.56,0.26,4.60,52.68,38.98,5.20,3.12,0.00,No,No,Yes,Non-Anemic
PID_3208,Male,25,14.30,5.57,40.86,73.36,25.71,34.96,19.98,195.00,12.18,0.24,7.80,64.41,27.47,4.04,3.04,1.01,No,No,No,Compensated Microcytosis
PID_3209,Male,80,8.30,3.43,23.66,68.95,24.20,35.11,19.96,303.00,11.54,0.35,14.60,57.63,34.47,3.98,2.98,0.99,No,No,No,Anemic
PID_3210,Female,25,10.50,3.75,30.40,81.08,28.01,34.52,17.99,201.00,10.83,0.22,16.60,52.18,39.51,3.12,4.13,1.03,Yes,No,No,Anemic
PID_3211,Female,73,13.10,4.51,36.98,82.04,29.06,35.39,14.02,267.00,12.21,0.33,8.00,53.03,35.17,7.84,2.95,0.98,No,Yes,No,Non-Anemic
PID_3212,Female,36,11.30,4.16,34.68,83.35,27.19,32.60,12.00,167.00,13.47,0.23,14.80,60.60,30.14,6.10,3.07,0.00,No,No,No,Anemic
PID_3213,Male,54,11.30,4.85,31.39,64.69,23.26,35.99,17.02,510.00,10.74,0.55,5.80,58.34,31.65,8.04,2.01,0.00,No,No,No,Anemic
PID_3214,Female,64,9.90,4.41,27.63,62.69,22.46,35.87,17.99,294.00,11.19,0.33,6.80,55.44,37.04,5.31,2.14,0.00,No,No,No,Anemic
PID_3215,Male,36,5.20,1.36,14.91,109.57,38.23,34.92,16.97,139.00,11.92,0.17,7.60,56.66,33.18,6.12,4.08,0.00,No,No,No,Anemic
PID_3216,Female,43,11.10,3.85,30.72,79.74,28.87,36.11,15.01,60.00,10.53,0.06,3.00,67.22,28.36,3.29,1.10,0.00,No,No,No,Anemic
PID_3217,Male,62,11.20,4.12,34.99,84.91,27.22,32.01,14.00,204.00,12.25,0.25,8.10,54.06,37.88,4.00,4.02,0.00,No,No,No,Anemic
PID_3218,Female,47,10.80,3.82,32.36,84.69,28.29,33.38,16.02,158.00,11.75,0.19,7.90,55.29,35.89,5.87,2.94,0.00,No,No,No,Anemic
PID_3219,Female,37,8.40,3.24,25.36,78.25,25.96,33.09,18.04,208.00,12.42,0.26,10.00,56.37,35.75,2.95,3.97,0.99,No,No,No,Anemic
PID_3220,Female,31,11.00,3.59,31.55,87.88,30.63,34.87,20.03,156.00,12.11,0.19,7.60,60.80,33.06,5.08,1.02,0.00,No,No,No,Anemic
PID_3221,Female,68,14.80,5.08,45.20,88.99,29.13,32.77,14.99,356.00,10.35,0.37,10.50,55.56,34.27,8.18,2.04,0.00,No,No,No,Compensated Microcytosis
PID_3222,Female,41,11.30,3.96,32.37,81.74,28.51,34.93,10.97,184.00,11.64,0.21,9.10,60.56,33.99,2.20,3.27,0.00,No,No,No,Anemic
PID_3223,Male,49,12.00,5.17,33.67,65.12,23.20,35.61,12.99,660.00,11.64,0.77,6.60,64.07,28.64,4.21,3.14,0.00,No,No,No,Anemic
PID_3224,Male,73,13.80,5.03,39.62,78.77,27.44,34.86,19.03,226.00,12.08,0.27,5.30,59.44,33.18,4.26,3.17,0.00,No,Yes,No,Compensated Microcytosis
PID_3225,Female,74,11.20,4.22,32.61,77.30,26.54,34.30,14.00,35.00,12.73,0.04,5.90,30.16,61.38,5.30,3.16,0.00,No,No,No,Anemic
PID_3226,Male,74,13.40,4.61,40.84,88.54,29.07,32.83,10.96,211.00,12.49,0.26,6.30,75.40,18.15,5.40,1.08,0.00,No,No,No,Non-Anemic
PID_3227,Male,59,11.70,4.06,35.47,87.36,28.80,32.95,14.04,191.00,11.27,0.22,10.90,40.11,54.44,3.26,1.09,1.09,No,No,No,Anemic
PID_3228,Female,19,15.60,5.27,43.94,83.39,29.57,35.50,12.99,234.00,10.33,0.24,8.30,66.58,23.39,7.00,2.01,1.00,No,No,No,Non-Anemic
PID_3229,Male,34,12.90,4.36,36.93,84.65,29.62,34.94,18.03,278.00,10.09,0.28,6.20,64.48,24.98,8.40,1.05,1.05,Yes,No,No,Anemic
PID_3230,Male,59,16.20,5.94,47.71,80.34,27.26,33.94,19.01,160.00,16.57,0.27,5.30,68.32,26.58,3.10,1.03,1.03,No,No,No,Compensated Microcytosis
PID_3231,Female,60,12.60,4.08,37.61,92.20,30.86,33.51,17.97,183.00,10.36,0.19,7.10,70.33,18.76,6.93,3.96,0.00,No,No,No,Compensated Microcytosis
PID_3232,Male,69,13.20,4.47,41.81,93.54,29.51,31.58,20.00,90.00,19.86,0.18,9.20,58.78,29.79,8.34,3.12,0.00,No,No,No,Compensated Microcytosis
PID_3233,Male,68,13.70,5.11,41.88,81.94,26.82,32.67,11.03,192.00,10.60,0.20,4.50,48.82,40.03,7.09,3.03,1.01,No,No,No,Compensated Microcytosis
PID_3234,Male,34,13.10,4.24,36.09,85.16,30.94,36.31,11.99,217.00,6.20,0.14,6.70,37.67,51.14,7.12,4.07,0.00,No,Yes,No,Non-Anemic
PID_3235,Female,67,13.90,4.33,42.82,98.87,32.11,32.43,16.98,151.00,13.64,0.21,3.50,60.33,30.40,7.16,2.04,0.00,No,No,No,Compensated Microcytosis
PID_3236,Male,38,14.70,4.62,42.95,92.95,31.80,34.25,16.01,150.00,12.33,0.18,2.60,76.71,16.33,5.00,1.00,1.00,No,No,No,Compensated Microcytosis
PID_3237,Male,64,13.20,4.47,37.49,83.85,29.57,35.18,12.97,90.00,11.20,0.10,9.20,68.58,25.36,4.06,2.02,0.00,No,No,No,Non-Anemic
PID_3238,Male,74,12.70,4.90,39.08,79.75,25.95,32.50,13.03,210.00,11.12,0.23,4.70,53.46,37.37,4.08,4.09,1.02,No,No,No,Anemic
PID_3239,Female,57,13.30,4.63,38.86,83.93,28.73,34.21,12.03,271.00,9.08,0.25,10.00,60.08,30.32,5.35,3.21,1.07,No,No,No,Non-Anemic
PID_3240,Male,40,11.10,3.50,31.60,90.33,31.71,35.14,18.00,283.00,13.25,0.37,8.10,60.82,28.59,8.48,2.13,0.00,No,No,No,Anemic
PID_3241,Male,69,12.10,3.79,35.57,93.85,31.92,33.98,11.97,390.00,10.31,0.40,5.80,49.30,44.26,5.36,1.07,0.00,Yes,No,No,Anemic
PID_3242,Female,56,14.70,4.62,39.26,85.00,31.83,37.44,13.96,170.00,14.08,0.24,11.10,44.47,50.29,2.11,2.11,1.06,No,No,No,Non-Anemic
PID_3243,Male,25,13.10,4.10,40.94,99.84,31.91,32.02,15.99,265.00,8.35,0.22,9.80,53.38,39.34,4.14,2.07,1.04,No,No,No,Compensated Microcytosis
PID_3244,Female,58,9.70,3.17,27.50,86.74,30.61,35.28,19.01,178.00,11.27,0.20,7.60,63.79,28.81,4.21,3.16,0.00,No,No,No,Anemic
PID_3245,Female,26,12.10,3.47,35.81,103.20,34.84,33.82,17.96,180.00,6.65,0.12,4.20,57.43,38.22,2.16,2.16,0.00,Yes,No,Yes,Compensated Microcytosis
PID_3246,Female,75,14.70,4.52,42.09,93.15,32.49,34.93,16.97,149.00,7.92,0.12,2.40,61.52,28.79,7.55,2.16,0.00,No,No,No,Compensated Microcytosis
PID_3247,Male,42,13.20,4.53,38.23,84.40,29.12,34.56,16.98,269.00,7.11,0.19,10.20,47.56,43.15,6.19,2.07,1.03,No,Yes,No,Compensated Microcytosis
PID_3248,Male,26,12.50,3.45,37.74,109.37,36.23,33.14,14.02,264.00,11.23,0.30,11.50,64.54,28.70,4.47,1.12,1.12,No,No,No,Anemic
PID_3249,Male,60,11.90,3.54,34.72,98.11,33.63,34.24,14.97,179.00,12.17,0.22,4.50,51.63,37.32,6.05,4.02,1.00,No,No,No,Anemic
PID_3250,Male,74,14.40,4.76,45.33,95.19,30.21,31.79,11.00,244.00,9.77,0.24,7.20,41.88,48.06,7.03,2.00,1.00,No,No,No,Non-Anemic
PID_3251,Female,63,12.90,4.00,37.15,92.84,32.22,34.75,14.99,312.00,11.26,0.35,6.70,65.16,27.86,6.02,1.00,0.00,No,No,No,Compensated Microcytosis
PID_3252,Female,67,12.20,4.66,35.51,76.19,26.17,34.34,15.97,266.00,8.98,0.24,8.70,51.11,39.68,7.14,1.02,1.02,Yes,No,Yes,Compensated Microcytosis
PID_3253,Male,43,9.80,3.42,28.19,82.40,28.67,34.79,12.03,457.00,12.36,0.57,7.70,42.08,50.51,5.35,1.07,1.07,Yes,No,No,Anemic
PID_3254,Male,39,9.50,4.65,26.94,57.94,20.42,35.23,16.96,200.00,12.45,0.25,6.70,60.71,31.99,5.22,2.08,0.00,No,No,No,Anemic
PID_3255,Male,76,13.50,4.86,39.20,80.66,27.76,34.46,10.99,180.00,13.38,0.24,4.40,48.41,40.73,7.90,2.96,0.00,No,No,No,Non-Anemic
PID_3256,Female,47,15.00,4.85,43.89,90.51,30.95,34.19,17.03,215.00,9.42,0.20,5.60,45.13,43.70,8.10,3.05,0.00,No,No,No,Compensated Microcytosis
PID_3257,Female,36,13.10,4.47,39.77,88.96,29.31,32.94,13.46,329.00,13.50,0.44,9.20,39.92,49.50,5.25,4.21,1.05,No,No,Yes,Non-Anemic
PID_3258,Female,50,13.20,4.75,39.82,83.86,27.79,33.17,18.19,174.00,7.41,0.13,6.50,64.09,28.79,3.06,4.07,0.00,No,No,No,Compensated Microcytosis
PID_3259,Female,63,15.20,4.95,42.91,86.70,30.70,35.42,11.53,279.00,13.18,0.37,8.80,58.84,33.06,6.08,1.02,1.02,No,No,No,Non-Anemic
PID_3260,Male,58,13.20,4.90,36.95,75.43,26.93,35.75,12.01,305.00,9.28,0.28,10.50,45.01,43.94,7.75,2.21,1.10,No,No,No,Compensated Microcytosis
PID_3261,Female,69,14.20,5.15,42.12,81.77,27.61,33.73,13.78,275.00,8.33,0.23,8.00,63.42,29.33,6.16,1.03,0.00,No,No,No,Non-Anemic
PID_3262,Male,47,9.60,5.66,28.19,49.83,16.95,34.09,19.98,128.00,9.96,0.13,11.10,51.30,39.27,5.26,4.20,0.00,No,No,No,Anemic
PID_3263,Male,40,13.80,4.78,41.93,87.71,28.88,32.93,13.03,419.00,9.44,0.39,7.00,70.88,17.42,8.50,3.20,0.00,No,No,No,Non-Anemic
PID_3264,Male,71,13.40,4.65,37.85,81.38,28.81,35.44,12.96,325.00,8.35,0.27,8.10,51.15,40.18,5.41,3.23,0.00,No,No,Yes,Non-Anemic
PID_3265,Male,67,11.30,4.24,32.47,76.57,26.65,34.77,14.93,264.00,9.38,0.25,13.40,51.98,39.74,4.11,3.08,1.03,No,No,No,Anemic
PID_3266,Female,38,11.50,4.14,31.65,76.42,27.75,36.37,13.20,196.00,8.42,0.17,4.80,52.26,39.06,4.31,3.25,1.08,No,No,No,Anemic
PID_3267,Female,67,12.70,4.29,38.55,89.87,29.60,32.97,14.49,233.00,8.53,0.20,14.00,30.50,61.00,3.19,4.24,1.06,No,No,No,Non-Anemic
PID_3268,Male,38,12.40,4.98,36.96,74.22,24.87,33.57,16.21,213.00,8.69,0.19,9.30,61.53,27.10,7.63,2.85,0.95,No,No,No,Anemic
PID_3269,Male,52,13.90,4.97,40.55,81.59,28.01,34.25,15.17,229.00,7.77,0.18,3.90,57.09,33.52,6.30,3.13,0.00,No,No,No,Compensated Microcytosis
PID_3270,Female,58,12.00,4.16,34.51,82.95,28.87,34.81,17.86,211.00,9.39,0.20,5.80,65.64,27.29,5.06,2.03,0.00,No,No,No,Compensated Microcytosis
PID_3271,Male,46,13.30,5.25,39.42,75.10,25.37,33.71,15.59,151.00,7.47,0.11,10.70,53.08,37.81,4.07,5.08,0.00,No,No,No,Compensated Microcytosis
PID_3272,Female,19,6.10,2.17,18.51,85.31,28.11,32.96,24.61,92.00,8.10,0.07,3.50,73.78,19.94,4.17,2.09,0.00,No,No,No,Anemic
PID_3273,Male,29,13.40,4.81,38.22,79.48,27.87,35.08,14.29,150.00,8.81,0.13,6.20,65.73,24.23,5.98,4.01,0.00,No,No,No,Non-Anemic
PID_3274,Male,60,10.20,3.41,29.26,85.81,29.92,34.90,16.77,132.00,7.99,0.11,6.60,60.74,31.94,6.27,1.05,0.00,No,No,No,Anemic
PID_3275,Female,25,9.30,2.26,28.27,125.11,41.15,32.91,15.57,222.00,9.00,0.20,5.30,58.03,29.89,8.14,4.05,0.00,No,No,Yes,Anemic
PID_3276,Male,61,12.00,4.52,33.68,74.54,26.55,35.62,14.67,589.00,9.53,0.56,10.50,43.77,47.19,4.05,5.02,0.00,No,No,No,Anemic
PID_3277,Female,38,14.30,5.17,40.39,78.13,27.66,35.43,13.21,268.00,9.25,0.25,10.70,59.68,28.71,7.75,3.88,0.00,No,No,No,Non-Anemic
PID_3278,Male,37,13.10,4.60,38.35,83.38,28.46,34.12,14.36,150.00,6.84,0.10,9.70,68.39,18.83,8.86,3.93,0.00,No,No,Yes,Non-Anemic
PID_3279,Female,77,11.30,4.24,33.14,78.14,26.66,34.06,14.88,264.00,8.51,0.22,13.40,65.72,21.97,8.21,4.12,0.00,No,No,No,Anemic
PID_3280,Male,45,9.00,3.01,25.96,86.26,29.93,34.63,25.03,400.00,9.21,0.37,2.90,66.08,23.15,5.88,4.91,0.00,No,No,No,Anemic
PID_3281,Male,37,15.60,6.60,47.32,71.72,23.60,32.99,13.31,154.00,7.35,0.11,9.60,53.71,37.05,5.11,4.12,0.00,No,No,No,Compensated Microcytosis
PID_3282,Female,43,12.70,5.46,37.31,68.33,23.24,34.08,17.19,350.00,8.98,0.31,12.10,49.30,39.68,8.84,2.20,0.00,No,No,No,Compensated Microcytosis
PID_3283,Female,76,9.30,4.36,29.60,67.86,21.31,31.39,15.98,438.00,8.97,0.39,10.80,66.70,25.80,2.18,5.35,0.00,Yes,Yes,No,Anemic
PID_3284,Female,40,10.70,4.56,30.53,66.96,23.48,35.07,15.80,233.00,7.48,0.17,6.20,35.27,55.36,5.22,4.18,0.00,No,No,No,Anemic
PID_3285,Male,53,11.70,3.81,36.42,95.56,30.67,32.14,14.31,219.00,9.08,0.20,5.40,46.89,44.02,4.08,5.08,0.00,No,No,No,Anemic
PID_3286,Female,55,11.60,4.11,32.40,78.83,28.20,35.81,16.08,186.00,8.65,0.16,5.80,54.75,37.91,4.16,3.15,0.00,No,No,No,Anemic
PID_3287,Male,57,10.60,3.54,31.54,89.09,29.93,33.60,22.50,198.00,8.92,0.18,6.20,77.15,12.74,8.08,2.02,0.00,No,No,No,Anemic
PID_3288,Female,36,12.70,4.83,37.63,77.92,26.32,33.72,13.52,283.00,7.66,0.22,13.90,62.95,27.68,5.20,4.19,0.00,No,No,No,Compensated Microcytosis
PID_3289,Female,25,11.30,5.65,33.99,60.18,19.96,33.29,17.71,125.00,8.51,0.11,5.80,62.18,28.34,6.33,3.16,0.00,No,Yes,No,Anemic
PID_3290,Female,80,10.10,3.81,30.01,78.78,26.52,33.65,16.30,188.00,7.05,0.13,9.10,56.83,33.91,6.20,3.08,0.00,No,No,No,Anemic
PID_3291,Male,28,12.40,4.98,34.73,69.74,24.92,35.72,16.18,158.00,6.59,0.10,9.30,49.18,38.73,7.10,5.05,0.00,Yes,No,No,Anemic
PID_3292,Female,30,10.90,4.36,35.14,80.64,25.02,31.01,17.92,324.00,8.49,0.28,9.40,48.13,44.35,4.28,3.23,0.00,No,No,No,Anemic
PID_3293,Female,25,9.10,3.04,25.61,84.24,29.90,35.50,17.40,241.00,9.29,0.22,4.60,87.70,7.16,3.08,2.05,0.00,No,Yes,No,Anemic
PID_3294,Female,35,9.90,4.12,28.77,69.83,24.01,34.39,17.33,306.00,8.64,0.26,8.60,38.47,52.36,7.12,2.04,0.00,Yes,Yes,No,Anemic
PID_3295,Female,56,10.30,4.87,31.64,64.97,21.11,32.56,14.99,221.00,8.35,0.18,5.80,67.21,25.84,5.91,0.99,0.00,No,No,No,Anemic
PID_3296,Female,57,9.00,3.01,27.51,91.42,29.91,32.71,25.02,400.00,8.21,0.33,2.90,59.37,33.60,5.03,2.02,0.00,Yes,No,No,Anemic
PID_3297,Male,40,10.70,4.56,29.71,65.16,23.50,35.97,15.80,233.00,7.63,0.18,6.20,65.67,21.97,9.22,3.07,0.00,No,No,No,Anemic
PID_3298,Female,70,7.80,3.15,23.73,75.30,24.79,32.89,16.54,398.00,8.23,0.33,13.20,57.52,34.33,6.16,2.04,0.00,No,No,No,Anemic
PID_3299,Male,42,11.40,3.91,34.95,89.38,29.19,32.59,15.13,153.00,8.71,0.13,9.10,55.07,34.68,5.08,5.10,0.00,No,No,No,Anemic
PID_3300,Female,14,7.80,2.83,22.06,77.95,27.52,35.37,13.32,222.00,8.04,0.18,6.20,65.04,26.36,7.47,1.07,0.00,No,No,Yes,Anemic
PID_3301,Female,79,7.10,1.96,20.64,105.26,36.19,34.38,14.79,150.00,9.01,0.14,7.60,73.91,18.93,4.09,3.05,0.00,No,No,No,Anemic
PID_3302,Male,65,14.30,4.68,43.50,92.93,30.55,32.90,13.26,362.00,8.55,0.31,20.30,59.80,32.94,6.23,1.03,0.00,No,No,No,Non-Anemic
PID_3303,Female,63,14.80,4.67,43.20,92.50,31.69,34.25,13.52,162.00,8.64,0.14,9.80,44.54,44.68,7.86,2.94,0.00,No,No,No,Non-Anemic
PID_3304,Male,29,13.10,4.13,39.98,96.82,31.74,32.76,16.26,140.00,9.09,0.13,6.00,74.90,15.41,4.84,4.85,0.00,No,No,No,Compensated Microcytosis
PID_3305,Female,68,12.60,4.57,35.67,78.06,27.54,35.36,13.92,155.00,7.98,0.12,6.60,52.45,41.94,4.50,1.12,0.00,No,No,No,Non-Anemic
PID_3306,Female,55,8.50,4.80,24.10,50.16,17.72,35.31,17.90,182.00,8.90,0.16,23.10,62.60,24.22,9.12,4.07,0.00,No,No,No,Anemic
PID_3307,Male,89,6.90,2.99,19.92,66.60,23.04,34.68,18.33,187.00,8.06,0.15,6.40,49.25,38.07,8.81,2.94,0.98,Yes,Yes,No,Anemic
PID_3308,Male,66,10.40,3.70,30.20,81.63,28.07,34.46,16.53,140.00,8.67,0.12,13.40,64.89,28.13,2.99,4.00,0.00,No,Yes,No,Anemic
PID_3309,Male,56,11.60,4.32,32.12,74.35,26.86,36.08,13.70,378.00,7.88,0.30,8.20,38.47,55.22,5.29,1.05,0.00,No,No,No,Anemic
PID_3310,Male,30,14.10,4.33,41.47,95.78,32.55,34.03,15.53,90.00,7.67,0.07,7.00,65.85,22.90,7.19,4.09,0.00,No,No,No,Compensated Microcytosis
PID_3311,Female,44,15.10,5.25,46.34,88.29,28.72,32.55,14.49,150.00,8.51,0.13,9.60,63.47,29.32,3.04,4.09,0.00,No,No,No,Non-Anemic
PID_3312,Male,42,14.10,4.99,40.82,81.81,28.23,34.58,13.91,159.00,6.88,0.11,6.10,57.95,37.70,3.21,1.08,0.00,No,No,No,Non-Anemic
PID_3313,Male,58,11.00,4.18,30.13,72.11,26.34,36.48,13.58,238.00,8.20,0.19,9.70,52.46,40.37,2.04,5.13,0.00,No,Yes,No,Anemic
PID_3314,Male,60,13.40,4.74,40.88,86.28,28.28,32.76,13.29,241.00,7.15,0.17,9.10,72.80,17.32,5.90,3.95,0.00,No,No,No,Non-Anemic
PID_3315,Female,40,12.00,4.59,35.75,77.90,26.15,33.56,14.93,150.00,9.00,0.14,7.50,60.49,29.49,5.02,4.02,1.01,No,No,No,Compensated Microcytosis
PID_3316,Female,40,9.20,3.49,26.67,76.40,26.34,34.48,18.53,333.00,9.21,0.31,15.70,68.53,23.09,3.12,5.27,0.00,No,No,No,Anemic
PID_3317,Male,20,9.80,4.35,28.88,66.37,22.56,33.97,19.24,359.00,7.66,0.28,5.70,68.99,24.66,2.09,4.23,0.00,No,No,No,Anemic
PID_3318,Male,15,14.90,5.84,45.40,77.76,25.52,32.79,12.40,160.00,8.74,0.14,2.60,56.90,31.19,6.96,3.98,1.00,No,No,No,Compensated Microcytosis
PID_3319,Female,13,11.00,5.08,31.12,61.24,21.63,35.34,15.79,206.00,9.10,0.19,10.50,49.03,41.69,4.10,4.11,1.03,No,No,No,Anemic
PID_3320,Female,52,10.20,4.68,27.73,59.27,21.82,36.78,17.10,534.00,9.10,0.49,12.80,67.19,23.01,7.91,1.97,0.00,Yes,No,No,Anemic
PID_3321,Male,30,11.90,4.61,34.76,75.40,25.85,34.25,13.20,259.00,8.61,0.22,10.20,50.12,36.90,8.00,5.00,0.00,No,Yes,No,Anemic
PID_3322,Male,15,10.00,4.71,30.38,64.49,21.21,32.88,16.37,263.00,8.96,0.24,12.70,58.85,30.95,5.12,4.07,1.02,No,No,Yes,Anemic
PID_3323,Female,13,14.20,5.82,44.18,75.94,24.37,32.18,17.23,153.00,7.92,0.12,6.40,54.68,36.16,3.06,5.11,1.02,No,No,No,Compensated Microcytosis
PID_3324,Female,35,13.20,4.30,38.47,89.47,30.71,34.33,13.63,198.00,8.45,0.17,6.50,51.75,37.34,7.94,2.97,0.00,No,No,No,Non-Anemic
PID_3325,Male,81,9.70,3.52,27.46,78.00,27.57,35.33,13.46,256.00,8.02,0.21,15.50,64.56,26.69,5.83,2.92,0.00,Yes,No,No,Anemic
PID_3326,Female,81,9.70,3.52,28.06,79.68,27.52,34.55,13.48,256.00,8.38,0.22,15.50,56.37,29.89,8.47,5.27,0.00,No,No,No,Anemic
PID_3327,Female,14,14.40,5.09,42.36,83.23,28.32,34.02,14.53,170.00,8.70,0.15,8.40,61.71,25.75,7.70,4.84,0.00,No,No,No,Non-Anemic
PID_3328,Male,32,14.60,5.01,43.85,87.51,29.11,33.28,14.01,150.00,9.37,0.14,5.40,49.67,36.03,9.23,5.12,0.00,No,No,No,Non-Anemic
PID_3329,Female,70,14.80,5.36,45.27,84.51,27.65,32.68,13.72,242.00,8.60,0.21,5.90,70.83,24.93,2.11,2.13,0.00,No,No,No,Non-Anemic
PID_3330,Male,13,12.80,4.92,36.57,74.35,26.05,35.00,14.39,150.00,8.89,0.13,4.30,66.93,27.12,3.02,3.00,0.00,No,No,No,Anemic
PID_3331,Male,13,13.30,5.24,37.90,72.31,25.36,35.07,13.32,232.00,8.95,0.21,9.20,52.85,35.96,6.12,5.08,0.00,No,No,No,Compensated Microcytosis
PID_3332,Male,45,13.50,4.81,42.00,87.34,28.07,32.16,14.27,190.00,10.56,0.20,14.00,36.36,54.81,3.33,5.49,0.00,No,No,No,Non-Anemic
PID_3333,Female,17,10.20,3.84,28.41,74.00,26.60,35.91,14.22,266.00,6.99,0.19,7.70,42.76,46.72,8.58,1.91,0.00,No,No,No,Anemic
PID_3334,Female,44,12.70,4.90,36.61,74.69,25.91,34.73,13.57,192.00,7.87,0.15,9.10,35.93,55.81,5.89,2.36,0.00,No,No,No,Compensated Microcytosis
PID_3335,Female,27,14.40,4.82,40.36,83.74,29.90,35.65,12.24,150.00,9.61,0.14,7.40,60.19,28.38,5.14,5.17,1.03,No,No,No,Non-Anemic
PID_3336,Female,24,11.20,4.47,34.58,77.40,25.07,32.42,14.78,198.00,8.09,0.16,8.00,59.63,34.25,5.12,1.02,0.00,No,No,No,Anemic
PID_3337,Male,59,12.30,4.89,38.01,77.74,25.13,32.32,13.74,167.00,9.06,0.15,6.30,57.30,30.81,6.96,4.95,0.00,No,No,No,Anemic
PID_3338,Female,26,8.10,3.50,23.95,68.44,23.18,33.80,17.39,350.00,8.58,0.30,13.20,53.95,33.49,7.71,4.80,0.00,No,Yes,No,Anemic
PID_3339,Male,25,12.00,3.52,34.68,98.52,34.11,34.59,14.83,341.00,10.07,0.34,8.00,73.80,17.13,7.04,2.02,0.00,No,No,No,Anemic
PID_3340,Female,65,12.70,4.32,35.13,81.32,29.40,36.12,13.01,139.00,7.53,0.10,6.70,75.00,20.63,2.22,2.19,0.00,No,No,No,Non-Anemic
PID_3341,Male,20,11.90,4.87,34.15,70.09,24.40,34.82,17.07,384.00,9.36,0.36,4.50,67.11,22.73,5.08,5.06,0.00,No,No,No,Anemic
PID_3342,Male,32,10.00,5.64,29.67,52.57,17.75,33.67,18.04,152.00,9.82,0.15,7.80,23.18,62.98,8.89,4.95,0.00,No,No,No,Anemic
PID_3343,Male,27,10.70,4.43,32.65,73.74,24.12,32.79,15.93,452.00,7.54,0.34,7.70,35.36,52.96,6.41,5.31,0.00,Yes,No,No,Anemic
PID_3344,Female,17,19.60,6.58,55.25,83.98,29.80,35.49,13.68,10.00,9.01,0.01,7.30,62.96,31.54,3.33,2.21,0.00,No,No,No,Non-Anemic
PID_3345,Female,55,13.40,6.90,40.80,59.12,19.43,32.83,17.81,233.00,7.65,0.18,8.40,56.25,31.24,7.64,4.79,0.00,No,No,No,Compensated Microcytosis
PID_3346,Female,35,12.00,3.50,33.38,95.38,34.32,35.97,12.93,252.00,8.45,0.21,3.70,56.94,33.75,4.16,5.16,0.00,No,No,No,Non-Anemic
PID_3347,Female,55,9.20,3.39,27.33,80.61,27.16,33.69,14.57,129.00,8.19,0.11,21.70,51.85,37.53,6.39,4.24,0.00,No,No,No,Anemic
PID_3348,Male,51,7.20,3.81,20.05,52.63,18.90,35.89,15.17,87.00,6.46,0.06,4.80,68.99,21.77,8.15,1.02,0.00,No,Yes,No,Anemic
PID_3349,Male,43,15.00,5.18,43.09,83.20,28.97,34.80,13.29,366.00,8.71,0.32,9.30,67.25,21.95,7.56,3.23,0.00,No,No,No,Non-Anemic
PID_3350,Male,33,11.90,4.24,35.17,82.93,28.03,33.84,13.59,217.00,8.49,0.18,7.60,66.60,25.29,7.09,1.02,0.00,No,No,No,Anemic
PID_3351,Female,34,16.00,4.84,47.94,99.08,33.08,33.38,12.54,306.00,9.58,0.29,7.30,67.72,22.38,5.95,3.97,0.00,No,No,No,Non-Anemic
PID_3352,Female,36,15.60,4.66,46.44,99.70,33.44,33.57,12.80,245.00,8.89,0.22,7.80,55.54,34.32,7.12,3.04,0.00,No,No,No,Non-Anemic
PID_3353,Female,35,14.10,4.57,40.85,89.37,30.86,34.50,14.07,205.00,10.22,0.21,5.50,41.27,48.26,5.28,5.25,0.00,No,No,No,Non-Anemic
PID_3354,Female,27,15.50,4.23,45.46,107.50,36.65,34.08,12.81,95.00,8.45,0.08,8.40,64.78,28.41,2.27,4.55,0.00,No,No,No,Non-Anemic
PID_3355,Male,71,8.00,2.89,24.03,83.16,27.67,33.32,14.61,327.00,8.28,0.27,4.90,65.02,27.18,2.88,4.85,0.00,Yes,No,No,Anemic
PID_3356,Male,35,11.20,3.29,33.13,100.68,34.05,33.83,15.84,150.00,8.28,0.12,5.40,67.81,27.78,2.24,2.22,0.00,No,No,No,Anemic
PID_3357,Female,35,11.80,4.10,34.61,84.43,28.79,34.10,12.69,166.00,8.06,0.13,5.80,61.55,26.89,7.66,3.85,0.00,No,No,No,Anemic
PID_3358,Female,24,13.60,4.21,43.25,102.72,32.28,31.48,15.01,150.00,6.68,0.10,7.60,65.18,29.18,3.37,2.25,0.00,No,No,No,Compensated Microcytosis
PID_3359,Male,28,10.70,4.07,30.97,76.12,26.31,34.52,12.91,220.00,8.21,0.18,7.10,60.22,27.17,8.73,3.88,0.00,Yes,No,Yes,Anemic
PID_3360,Male,52,13.00,4.58,39.60,86.45,28.41,32.81,13.38,262.00,6.75,0.18,9.00,59.30,34.24,2.79,3.70,0.00,No,No,No,Non-Anemic
PID_3361,Male,27,10.70,4.43,32.81,74.07,24.19,32.59,15.90,452.00,8.77,0.40,7.70,62.73,32.94,2.09,2.13,0.00,No,Yes,No,Anemic
PID_3362,Female,38,11.30,4.21,35.34,83.96,26.83,31.98,16.49,194.00,7.41,0.14,10.50,64.36,26.73,5.98,2.97,0.00,No,No,No,Anemic
PID_3363,Female,57,11.20,3.51,35.17,100.17,31.88,31.88,15.27,74.00,7.70,0.06,3.10,64.36,31.04,3.46,1.15,0.00,No,No,No,Anemic
PID_3364,Male,74,14.90,5.07,46.03,90.76,29.38,32.34,12.93,157.00,7.88,0.12,12.60,56.44,31.65,7.73,4.27,0.00,No,No,No,Non-Anemic
PID_3365,Male,32,13.40,4.76,40.42,84.88,28.17,33.16,12.92,140.00,8.21,0.12,4.20,51.85,36.15,8.34,3.70,0.00,No,No,No,Non-Anemic
PID_3366,Female,27,8.60,3.21,23.66,73.68,26.79,36.37,13.98,373.00,8.37,0.31,5.80,56.75,30.65,8.08,4.50,0.00,Yes,No,Yes,Anemic
PID_3367,Male,70,11.20,3.82,33.56,87.88,29.31,33.39,13.17,211.00,9.23,0.20,13.20,68.10,27.62,2.13,2.13,0.00,Yes,No,No,Anemic
PID_3368,Male,55,9.50,3.51,27.77,79.15,27.04,34.22,14.79,158.00,7.97,0.13,6.00,59.59,31.92,3.15,5.32,0.00,No,No,No,Anemic
PID_3369,Male,38,15.20,4.32,44.08,102.05,35.17,34.51,15.81,334.00,8.78,0.29,5.60,56.34,37.82,3.88,1.94,0.00,No,No,No,Compensated Microcytosis
PID_3370,Female,62,10.40,4.74,30.45,64.20,21.97,34.16,15.20,152.00,10.55,0.16,4.40,59.17,30.47,5.26,4.35,0.87,No,No,No,Anemic
PID_3371,Male,72,10.90,3.59,32.15,89.57,30.37,33.94,12.94,155.00,8.69,0.13,9.60,68.44,24.21,5.23,1.05,1.05,No,No,Yes,Anemic
PID_3372,Male,58,15.90,6.05,48.82,80.68,26.27,32.59,14.31,185.00,8.28,0.15,17.50,66.30,29.07,3.45,1.16,0.00,No,No,No,Compensated Microcytosis
PID_3373,Male,57,10.60,3.37,29.66,88.04,31.49,35.76,15.70,78.00,7.75,0.06,3.10,67.68,22.21,9.06,1.01,0.00,No,No,No,Anemic
PID_3374,Male,40,13.40,4.46,37.05,83.08,30.07,36.20,12.57,32.00,8.27,0.03,5.70,66.99,27.97,4.02,1.00,0.00,No,No,No,Non-Anemic
PID_3375,Female,65,12.00,3.90,37.52,96.24,30.74,32.00,14.50,275.00,7.69,0.21,10.60,66.34,27.90,4.78,0.96,0.00,No,No,No,Non-Anemic
PID_3376,Male,63,10.80,4.40,32.96,74.90,24.51,32.81,14.41,206.00,8.65,0.18,9.10,58.37,34.38,5.22,1.04,1.04,No,No,No,Anemic
PID_3377,Female,40,12.30,4.16,36.54,87.80,29.59,33.65,13.92,115.00,8.51,0.10,4.40,56.52,32.63,8.67,2.17,0.00,No,No,No,Non-Anemic
PID_3378,Female,43,10.30,3.17,31.36,98.94,32.48,32.80,16.37,120.00,6.67,0.08,5.90,59.84,33.05,2.65,3.57,0.89,No,No,Yes,Anemic
PID_3379,Female,65,12.20,3.92,35.25,89.93,31.16,34.60,14.31,180.00,8.36,0.15,11.70,60.79,31.97,2.03,5.15,0.00,No,No,No,Non-Anemic
PID_3380,Male,58,13.70,5.17,41.36,80.01,26.48,33.10,14.83,120.00,9.24,0.11,8.40,60.87,33.70,3.25,1.09,1.09,No,No,No,Compensated Microcytosis
PID_3381,Male,57,13.10,4.50,35.79,79.56,29.11,36.60,17.98,140.00,8.11,0.11,6.10,63.45,30.74,3.88,1.92,0.00,No,No,No,Compensated Microcytosis
PID_3382,Female,15,10.20,3.58,28.79,80.42,28.52,35.45,16.21,272.00,7.92,0.21,8.70,61.76,31.39,4.88,1.96,0.00,No,No,No,Anemic
PID_3383,Male,49,13.80,4.79,40.29,84.12,28.78,34.28,13.13,267.00,7.33,0.19,5.40,54.20,39.58,3.09,2.08,1.04,No,No,No,Non-Anemic
PID_3384,Male,42,11.50,4.22,32.64,77.32,27.29,35.26,13.13,222.00,6.89,0.15,6.50,58.06,36.18,1.94,3.81,0.00,No,No,No,Anemic
PID_3385,Male,22,15.10,5.19,42.74,82.39,29.12,35.33,20.89,154.00,9.08,0.14,10.20,57.44,30.54,7.40,4.63,0.00,No,No,No,Compensated Microcytosis
PID_3386,Female,28,7.80,3.96,23.41,59.08,19.73,33.32,20.09,268.00,8.30,0.22,8.50,62.94,28.43,3.70,4.94,0.00,No,No,No,Anemic
PID_3387,Male,52,13.50,4.54,40.88,90.07,29.73,33.00,14.69,214.00,9.00,0.19,8.70,55.89,34.38,6.48,3.23,0.00,No,No,No,Compensated Microcytosis
PID_3388,Male,22,10.30,2.77,30.21,109.05,37.21,34.11,16.73,122.00,9.65,0.12,5.50,59.37,29.69,8.82,2.20,0.00,No,No,No,Anemic
PID_3389,Male,11,13.00,4.86,37.11,76.35,26.75,35.00,13.37,249.00,9.11,0.23,5.00,58.21,36.93,1.97,2.91,0.00,No,No,Yes,Compensated Microcytosis
PID_3390,Male,48,12.90,4.74,37.76,79.62,27.23,34.19,13.11,135.00,7.99,0.11,6.80,61.29,33.30,4.31,1.08,0.00,No,No,No,Anemic
PID_3391,Female,35,11.80,4.10,36.75,89.65,28.81,32.09,12.68,165.00,8.56,0.14,5.80,58.62,35.60,4.79,0.96,0.00,No,No,No,Anemic
PID_3392,Female,60,11.90,4.56,36.02,79.00,26.09,33.04,14.89,241.00,7.91,0.19,7.70,63.62,28.44,3.39,4.55,0.00,No,No,Yes,Anemic
PID_3393,Female,30,11.10,3.87,32.73,84.57,28.67,33.94,15.53,183.00,7.81,0.14,8.90,59.26,34.22,1.82,4.63,0.00,No,No,No,Anemic
PID_3394,Female,40,10.80,4.45,31.85,71.57,24.25,33.95,17.39,188.00,8.67,0.16,9.00,57.41,33.05,6.99,2.61,0.00,No,No,No,Anemic
PID_3395,Female,35,13.30,4.64,36.57,78.82,28.70,36.39,12.84,226.00,7.71,0.17,9.00,60.25,27.28,6.84,5.68,0.00,No,No,No,Non-Anemic
PID_3396,Female,60,11.90,4.12,36.80,89.34,28.86,32.33,14.56,214.00,6.62,0.14,11.80,64.60,29.20,2.09,4.17,0.00,No,No,No,Anemic
PID_3397,Female,34,8.60,3.73,24.85,66.65,23.02,34.60,16.09,258.00,7.68,0.20,9.40,69.03,22.67,7.18,1.03,0.00,Yes,Yes,No,Anemic
PID_3398,Male,16,9.90,3.47,27.66,79.70,28.56,35.81,15.07,357.00,8.17,0.29,32.70,53.80,31.20,9.68,5.38,0.00,No,No,No,Anemic
PID_3399,Male,35,10.80,4.53,29.41,64.90,23.86,36.77,16.87,348.00,9.65,0.33,8.80,57.02,33.34,5.28,4.39,0.00,No,No,No,Anemic
PID_3400,Female,52,13.50,4.54,40.28,88.74,29.75,33.47,14.70,214.00,8.02,0.17,8.70,66.69,23.65,8.57,1.08,0.00,No,No,No,Compensated Microcytosis
PID_3401,Male,42,11.50,4.22,33.25,78.76,27.27,34.60,13.09,222.00,8.81,0.20,6.50,59.03,34.03,4.04,3.00,0.00,No,No,No,Anemic
PID_3402,Female,48,12.90,4.47,37.19,83.24,28.88,34.70,13.12,135.00,8.22,0.11,6.80,70.08,23.01,5.71,1.15,0.00,No,No,No,Non-Anemic
PID_3403,Female,50,9.10,2.88,26.58,92.31,31.62,34.26,15.31,497.00,9.35,0.47,7.90,56.63,28.88,8.88,5.56,0.00,No,Yes,No,Anemic
PID_3404,Male,38,10.90,3.96,32.17,81.25,27.50,33.88,14.69,317.00,9.28,0.30,10.20,54.71,32.62,9.48,3.16,0.00,No,No,No,Anemic
PID_3405,Male,78,7.00,4.21,20.28,48.17,16.62,34.54,21.29,365.00,9.33,0.34,5.30,57.86,35.26,3.90,2.94,0.00,Yes,No,No,Anemic
PID_3406,Male,30,11.30,4.10,36.50,89.02,27.56,30.96,13.02,134.00,7.05,0.09,5.60,54.28,41.51,3.19,1.06,0.00,No,No,No,Anemic
PID_3407,Male,60,14.10,5.39,40.50,75.11,26.18,34.79,15.22,130.00,8.57,0.11,8.30,66.65,25.78,2.18,5.38,0.00,No,No,No,Compensated Microcytosis
PID_3408,Female,35,11.80,4.10,34.55,84.27,28.75,34.16,12.72,165.00,9.00,0.15,5.80,64.55,23.96,7.26,4.17,0.00,No,No,No,Anemic
PID_3409,Male,30,13.30,4.95,39.43,79.67,26.83,33.69,14.02,198.00,8.70,0.17,7.40,61.44,28.45,5.54,4.59,0.00,No,No,No,Compensated Microcytosis
PID_3410,Male,38,13.40,3.85,36.76,95.49,34.77,36.48,18.18,140.00,8.93,0.12,7.10,52.50,39.36,6.09,2.02,0.00,No,No,No,Compensated Microcytosis
PID_3411,Male,28,9.30,2.26,28.02,123.94,41.13,33.18,15.61,222.00,8.47,0.19,5.30,56.56,37.35,2.04,4.04,0.00,No,No,Yes,Anemic
PID_3412,Male,14,13.90,4.97,41.47,83.43,27.97,33.53,15.21,229.00,7.76,0.18,3.90,57.78,33.00,6.44,2.75,0.00,No,No,No,Compensated Microcytosis
PID_3413,Male,24,9.60,2.89,26.38,91.31,33.22,36.42,16.50,207.00,7.07,0.15,7.60,61.09,33.62,1.76,3.54,0.00,Yes,No,No,Anemic
PID_3414,Male,38,13.20,3.36,40.00,119.03,39.31,33.00,16.70,150.00,7.86,0.12,7.20,65.99,28.03,2.98,3.00,0.00,No,No,No,Compensated Microcytosis
PID_3415,Female,80,8.10,2.96,24.30,82.08,27.39,33.38,17.42,127.00,10.50,0.13,16.90,63.53,23.99,9.34,3.12,0.00,No,Yes,No,Anemic
PID_3416,Female,78,10.30,3.34,30.45,91.20,30.86,33.86,15.43,24.00,8.03,0.02,4.90,69.12,22.33,4.28,4.26,0.00,No,No,No,Anemic
PID_3417,Female,54,8.10,2.55,23.14,90.75,31.78,34.97,16.70,112.00,6.83,0.08,3.40,64.19,24.24,8.42,3.16,0.00,No,Yes,No,Anemic
PID_3418,Male,26,12.70,4.19,37.08,88.47,30.28,34.28,14.54,52.00,8.98,0.05,5.20,68.08,22.33,6.38,3.19,0.00,No,No,No,Anemic
PID_3419,Female,24,11.00,3.74,33.90,90.62,29.45,32.43,16.71,36.00,9.12,0.03,5.50,60.17,34.71,3.05,2.04,0.00,No,No,No,Anemic
PID_3420,Male,57,9.70,3.18,29.08,91.40,30.47,33.35,15.52,84.00,9.41,0.08,2.00,65.12,24.43,4.67,5.81,0.00,No,No,No,Anemic
PID_3421,Female,78,8.00,2.71,24.04,88.74,29.51,33.26,15.02,32.00,8.81,0.03,4.30,68.33,22.75,2.96,4.95,0.99,No,Yes,No,Anemic
PID_3422,Male,13,12.30,4.42,36.28,82.09,27.84,33.93,13.89,47.00,9.08,0.04,8.80,61.34,28.37,7.96,2.27,0.00,No,No,No,Anemic
PID_3423,Female,65,7.70,2.53,22.31,88.16,30.41,34.48,15.00,90.00,9.91,0.09,6.50,58.15,30.20,6.95,4.65,0.00,No,No,No,Anemic
PID_3424,Female,24,10.60,3.53,30.72,87.04,30.07,34.52,14.16,221.00,7.80,0.17,6.30,63.50,27.89,7.67,0.96,0.00,No,No,No,Anemic
PID_3425,Female,27,10.20,3.41,32.01,93.90,29.95,31.91,14.80,210.00,7.63,0.16,8.10,55.88,40.89,2.13,1.08,0.00,No,Yes,No,Anemic
PID_3426,Female,23,10.30,3.54,29.20,82.49,29.07,35.29,15.71,215.00,7.53,0.16,5.10,60.23,36.86,1.97,0.97,0.00,No,No,No,Anemic
PID_3427,Female,22,9.90,3.33,28.86,86.70,29.77,34.34,14.72,252.00,8.17,0.21,6.80,63.01,30.97,3.99,2.00,0.00,No,No,No,Anemic
PID_3428,Male,28,10.20,3.44,28.60,83.15,29.63,35.65,16.29,223.00,9.55,0.21,8.90,67.71,22.24,8.09,2.02,0.00,No,No,Yes,Anemic
PID_3429,Male,47,12.40,4.18,35.91,85.89,29.67,34.53,15.39,162.00,8.85,0.14,6.30,54.63,32.97,9.31,3.09,0.00,No,No,No,Anemic
PID_3430,Male,54,12.50,3.63,35.39,97.47,34.44,35.32,15.37,216.00,8.78,0.19,5.10,60.92,33.64,4.57,0.91,0.00,No,No,No,Anemic
PID_3431,Male,65,13.60,4.71,39.35,83.53,28.83,34.53,16.16,148.00,6.95,0.10,9.60,58.72,29.31,7.63,4.35,0.00,No,No,No,Compensated Microcytosis
PID_3432,Male,50,14.60,5.50,40.99,74.49,26.56,35.64,15.90,102.00,7.80,0.08,4.70,60.77,31.77,3.73,3.74,0.00,No,No,No,Compensated Microcytosis
PID_3433,Female,17,11.20,3.70,32.34,87.42,30.27,34.64,16.28,89.00,6.92,0.06,4.70,65.79,26.34,6.54,1.32,0.00,No,Yes,No,Anemic
PID_3434,Female,24,13.90,3.48,41.02,117.88,39.97,33.90,15.72,84.00,9.31,0.08,4.40,70.81,24.75,3.38,1.12,0.00,No,No,No,Compensated Microcytosis
PID_3435,Female,46,11.00,4.86,29.95,61.62,22.63,36.72,16.07,258.00,9.65,0.25,6.30,64.63,27.24,7.07,1.01,0.00,No,No,No,Anemic
PID_3436,Male,35,13.20,4.75,37.64,79.26,27.77,35.07,15.61,157.00,8.98,0.14,8.40,67.41,26.74,3.45,2.33,0.00,No,No,No,Compensated Microcytosis
PID_3437,Male,47,13.00,4.73,37.48,79.25,27.51,34.68,16.11,252.00,7.62,0.19,8.10,58.22,31.80,8.19,1.82,0.00,No,No,Yes,Compensated Microcytosis
PID_3438,Male,62,14.20,4.68,43.73,93.44,30.33,32.45,16.33,131.00,9.58,0.13,6.60,62.87,27.63,7.62,1.90,0.00,No,No,No,Compensated Microcytosis
PID_3439,Female,40,11.50,3.48,35.43,101.81,33.03,32.46,16.13,246.00,8.18,0.20,7.20,55.77,32.59,6.34,5.26,0.00,Yes,No,No,Anemic
PID_3440,Male,37,11.20,4.87,32.60,66.94,23.02,34.35,15.93,417.00,7.45,0.31,8.60,58.08,31.39,6.69,3.81,0.00,No,No,No,Anemic
PID_3441,Male,38,13.80,4.74,40.38,85.21,29.12,34.21,16.16,191.00,7.64,0.15,9.20,56.27,34.41,5.23,4.17,0.00,No,No,No,Compensated Microcytosis
PID_3442,Male,12,11.20,4.47,33.67,75.34,25.05,33.24,16.02,103.00,8.06,0.08,3.00,62.06,24.11,10.31,3.45,0.00,No,No,No,Anemic
PID_3443,Male,29,12.10,4.18,35.41,84.71,28.93,34.16,16.17,153.00,8.44,0.13,5.20,65.22,26.09,6.51,2.17,0.00,No,No,No,Anemic
PID_3444,Female,50,12.60,4.33,35.09,81.04,29.14,35.90,15.71,168.00,8.28,0.14,6.20,63.91,27.89,2.36,5.81,0.00,No,Yes,No,Compensated Microcytosis
PID_3445,Female,27,12.50,4.86,35.88,73.81,25.72,34.80,16.28,282.00,7.29,0.20,6.60,61.50,27.45,5.46,5.49,0.00,No,No,No,Compensated Microcytosis
PID_3446,Male,62,13.90,5.59,42.60,76.23,24.83,32.65,15.98,197.00,9.40,0.18,12.20,61.14,31.08,3.91,3.88,0.00,No,No,No,Compensated Microcytosis
PID_3447,Female,36,13.80,4.55,40.75,89.53,30.30,33.86,15.68,253.00,8.28,0.21,9.10,65.18,30.40,2.14,2.17,0.00,No,No,No,Compensated Microcytosis
PID_3448,Male,28,13.80,4.38,41.78,95.41,31.52,33.06,16.13,185.00,7.85,0.14,7.30,57.42,31.51,8.30,2.78,0.00,No,No,No,Compensated Microcytosis
PID_3449,Female,60,11.20,4.53,33.40,73.77,24.70,33.54,16.39,311.00,9.32,0.29,11.70,57.93,37.51,2.30,2.27,0.00,No,No,No,Anemic
PID_3450,Male,60,11.30,4.18,33.73,80.67,27.04,33.50,14.99,140.00,7.43,0.10,19.50,64.37,29.89,4.57,1.15,0.00,No,No,No,Anemic
PID_3451,Female,48,12.60,4.52,37.69,83.41,27.86,33.46,16.87,392.00,7.08,0.28,9.10,58.98,33.30,6.02,1.71,0.00,No,No,No,Compensated Microcytosis
PID_3452,Male,80,11.00,3.78,33.85,89.53,29.07,32.48,15.52,151.00,9.39,0.14,8.20,68.86,27.30,2.62,1.30,0.00,No,No,No,Anemic
PID_3453,Female,55,11.90,4.65,35.16,75.60,25.60,33.85,14.72,449.00,9.89,0.45,17.30,61.94,28.23,8.72,1.09,0.00,No,No,No,Anemic
PID_3454,Female,25,9.50,4.11,28.51,69.33,23.13,33.35,17.78,176.00,8.07,0.14,6.50,67.62,24.54,4.88,2.94,0.00,No,No,No,Anemic
PID_3455,Male,31,15.00,4.46,49.21,110.36,33.67,30.51,14.68,152.00,8.33,0.13,8.40,59.61,31.56,5.25,3.51,0.00,No,No,No,Compensated Microcytosis
PID_3456,Male,72,13.90,4.91,38.12,77.67,28.29,36.47,14.11,266.00,7.49,0.20,8.80,71.29,24.10,2.29,2.30,0.00,No,No,No,Non-Anemic
PID_3457,Male,32,13.10,4.40,37.10,84.36,29.81,35.30,14.20,105.00,8.42,0.09,5.70,69.24,24.16,5.53,1.10,0.00,No,No,No,Non-Anemic
PID_3458,Female,21,10.90,4.03,32.49,80.61,27.03,33.59,14.61,289.00,8.05,0.23,10.80,67.03,27.29,3.43,2.27,0.00,No,No,No,Anemic
PID_3459,Male,16,13.60,5.04,39.97,79.31,27.00,34.00,14.24,150.00,8.36,0.12,7.10,64.50,25.77,5.34,4.30,0.00,No,No,No,Compensated Microcytosis
PID_3460,Male,53,12.10,4.16,37.12,89.24,29.06,32.61,13.28,166.00,8.71,0.14,10.30,62.96,24.71,7.37,4.94,0.00,No,No,No,Anemic
PID_3461,Female,38,12.30,4.61,34.13,74.06,26.71,36.02,12.92,195.00,7.56,0.15,9.30,61.02,28.44,5.28,5.26,0.00,No,No,No,Compensated Microcytosis
PID_3462,Male,30,13.90,5.31,38.32,72.13,26.19,36.26,15.56,275.00,8.15,0.22,12.10,62.88,29.53,3.84,3.81,0.00,No,No,No,Compensated Microcytosis
PID_3463,Male,60,14.20,5.13,41.54,80.94,27.66,34.20,13.60,499.00,6.96,0.35,10.60,59.12,26.10,10.23,3.41,1.14,No,No,No,Non-Anemic
PID_3464,Female,45,12.50,4.33,35.48,81.98,28.91,35.23,15.38,352.00,8.10,0.29,13.50,58.52,34.02,6.36,1.06,0.00,Yes,No,No,Compensated Microcytosis
PID_3465,Male,65,13.10,4.55,38.29,84.17,28.76,34.24,13.91,153.00,8.35,0.13,4.50,52.41,33.04,8.76,4.85,0.97,No,No,Yes,Non-Anemic
PID_3466,Male,20,13.70,4.62,42.29,91.52,29.66,32.38,15.92,152.00,8.60,0.13,4.30,56.81,31.61,7.37,3.16,1.05,No,No,No,Compensated Microcytosis
PID_3467,Female,32,11.40,4.54,34.02,74.90,25.13,33.49,16.43,154.00,8.63,0.13,7.10,61.52,27.86,8.62,1.92,0.00,No,Yes,No,Anemic
PID_3468,Male,75,15.20,5.89,44.50,75.55,25.78,34.12,15.71,240.00,9.09,0.22,26.90,70.95,23.68,3.20,1.08,1.08,No,No,No,Compensated Microcytosis
PID_3469,Male,29,13.10,4.78,39.16,81.90,27.38,33.44,14.26,170.00,7.20,0.12,6.40,57.99,32.98,4.02,4.00,1.00,No,No,No,Non-Anemic
PID_3470,Female,70,10.90,4.15,32.31,77.86,26.23,33.73,15.21,230.00,7.22,0.17,9.10,54.76,36.86,7.33,1.05,0.00,No,No,No,Anemic
PID_3471,Male,66,12.40,4.57,36.59,80.02,27.15,33.87,14.20,257.00,8.85,0.23,7.00,65.06,27.40,4.73,1.89,0.94,No,No,No,Anemic
PID_3472,Female,70,13.50,4.76,39.82,83.64,28.39,33.93,12.09,242.00,6.74,0.16,8.70,61.67,27.10,5.60,4.67,0.93,No,No,No,Non-Anemic
PID_3473,Male,16,13.30,4.93,39.05,79.23,27.01,34.07,13.97,157.00,8.57,0.13,6.00,60.22,31.64,3.08,5.10,0.00,No,No,No,Compensated Microcytosis
PID_3474,Female,40,9.40,2.97,28.72,96.72,31.68,32.74,21.33,179.00,7.47,0.13,10.30,57.80,31.13,4.45,5.56,1.11,No,No,No,Anemic
PID_3475,Female,38,10.40,4.58,31.38,68.48,22.72,33.16,16.13,193.00,9.67,0.19,7.10,68.38,20.39,7.18,4.08,0.00,Yes,No,No,Anemic
PID_3476,Female,38,12.30,4.61,37.89,82.18,26.69,32.44,12.91,196.00,8.61,0.17,9.30,65.68,23.53,6.87,2.94,0.98,No,No,No,Compensated Microcytosis
PID_3477,Male,16,13.60,5.04,38.67,76.76,26.96,35.15,14.19,150.00,8.24,0.12,7.10,59.45,35.10,2.70,2.70,0.00,No,No,No,Compensated Microcytosis
PID_3478,Male,62,8.40,2.26,26.69,118.09,37.13,31.44,15.58,181.00,9.38,0.17,16.20,59.06,30.70,9.07,1.14,0.00,No,Yes,No,Anemic
PID_3479,Male,87,12.00,3.78,33.91,89.70,31.78,35.37,13.76,178.00,7.56,0.13,4.70,57.12,32.99,5.52,4.40,0.00,No,No,No,Anemic
PID_3480,Female,54,12.70,4.05,35.61,87.95,31.39,35.66,13.89,433.00,7.70,0.33,13.00,57.88,32.62,3.12,5.26,1.05,No,No,No,Non-Anemic
PID_3481,Female,72,4.20,1.91,12.49,65.34,21.97,33.67,18.16,216.00,7.36,0.16,7.80,65.97,21.24,7.46,5.32,0.00,No,No,No,Anemic
PID_3482,Female,65,11.30,3.96,36.60,92.44,28.51,30.88,16.13,301.00,7.72,0.23,5.40,59.83,36.46,1.84,1.87,0.00,No,No,No,Anemic
PID_3483,Male,61,12.40,3.94,36.94,93.79,31.50,33.54,13.61,247.00,8.47,0.21,15.30,61.72,31.90,4.22,2.13,0.00,No,No,No,Anemic
PID_3484,Male,70,12.90,6.05,38.03,62.85,21.31,33.94,17.36,169.00,8.77,0.15,10.20,62.38,28.25,3.53,5.88,0.00,No,No,No,Anemic
PID_3485,Male,52,13.30,4.09,40.56,99.16,32.52,32.75,12.28,242.00,9.20,0.22,4.50,57.30,30.94,7.25,4.55,0.00,No,No,No,Non-Anemic
PID_3486,Female,55,13.00,4.14,38.94,94.07,31.44,33.38,13.86,100.00,6.92,0.07,3.50,60.70,26.95,7.87,4.49,0.00,No,No,No,Non-Anemic
PID_3487,Male,60,12.20,3.65,34.04,93.24,33.45,35.82,12.21,261.00,8.29,0.22,5.20,56.70,34.43,5.57,3.33,0.00,No,No,No,Anemic
PID_3488,Female,33,12.80,3.84,36.78,95.82,33.33,34.81,12.42,202.00,7.50,0.15,4.30,63.17,25.27,9.51,2.11,0.00,No,No,No,Non-Anemic
PID_3489,Female,57,11.90,4.29,36.18,84.37,27.71,32.90,13.57,80.00,8.20,0.07,5.70,55.73,34.65,6.74,2.88,0.00,No,No,No,Anemic
PID_3490,Male,35,15.10,4.80,47.07,98.05,31.42,32.11,13.80,70.00,10.25,0.07,5.30,53.59,37.10,5.17,4.12,0.00,No,No,No,Non-Anemic
PID_3491,Female,73,4.20,1.91,12.50,65.45,22.02,33.58,18.20,216.00,8.63,0.19,7.80,59.78,31.99,3.10,5.15,0.00,Yes,Yes,No,Anemic
PID_3492,Male,57,12.30,3.92,36.45,93.00,31.40,33.78,13.67,191.00,9.15,0.17,4.50,55.28,36.20,5.29,3.19,0.00,No,No,No,Anemic
PID_3493,Male,58,12.30,4.33,35.55,82.09,28.44,34.56,15.32,461.00,9.97,0.46,8.90,53.15,35.39,6.26,5.21,0.00,No,No,No,Anemic
PID_3494,Male,71,9.70,2.83,29.08,102.78,34.30,33.34,15.86,280.00,9.31,0.26,13.00,62.90,25.76,6.17,5.15,0.00,No,No,No,Anemic
PID_3495,Male,62,13.90,4.30,40.16,93.40,32.34,34.61,12.93,385.00,8.00,0.31,19.30,60.86,31.98,6.21,1.03,0.00,No,No,No,Non-Anemic
PID_3496,Male,65,12.90,4.70,35.52,75.53,27.48,36.28,14.13,281.00,7.37,0.21,9.90,53.72,36.07,7.41,2.78,0.00,No,No,No,Anemic
PID_3497,Male,65,14.80,5.81,42.31,72.84,25.48,35.01,15.33,212.00,8.38,0.18,8.40,57.18,33.01,7.16,2.68,0.00,No,No,Yes,Compensated Microcytosis
PID_3498,Male,74,12.60,4.13,37.12,89.87,30.50,33.92,15.27,276.00,7.91,0.22,8.50,58.78,34.04,2.07,5.15,0.00,No,No,No,Anemic
PID_3499,Male,75,14.30,5.55,42.33,76.29,25.73,33.74,14.89,151.00,7.17,0.11,22.90,62.09,24.13,9.20,4.60,0.00,No,No,No,Compensated Microcytosis
PID_3500,Male,57,15.90,5.50,47.36,86.13,28.92,33.60,13.78,373.00,8.63,0.32,13.30,61.26,28.55,9.17,1.02,0.00,No,No,No,Non-Anemic
PID_3501,Male,65,13.40,4.76,37.84,79.52,28.18,35.41,12.58,276.00,8.63,0.24,7.60,61.44,28.91,3.63,6.02,0.00,No,No,No,Non-Anemic
PID_3502,Female,69,13.10,5.34,39.40,73.80,24.55,33.28,14.81,233.00,9.80,0.23,7.20,57.13,34.82,6.26,1.79,0.00,No,No,No,Compensated Microcytosis
PID_3503,Male,48,14.80,5.44,43.46,79.92,27.19,34.05,14.83,303.00,8.15,0.25,13.80,65.49,23.80,8.34,2.38,0.00,No,No,No,Compensated Microcytosis
PID_3504,Male,69,14.40,4.34,42.28,97.43,33.18,34.09,16.22,153.00,8.63,0.13,14.80,69.52,26.86,2.46,1.22,0.00,No,No,No,Compensated Microcytosis
PID_3505,Male,57,15.90,5.50,47.61,86.55,28.89,33.36,13.83,373.00,7.83,0.29,13.30,59.34,27.45,8.83,4.40,0.00,No,No,No,Non-Anemic
PID_3506,Male,75,14.30,5.55,44.20,79.64,25.79,32.39,14.87,151.00,9.12,0.14,22.90,63.07,23.28,8.73,4.85,0.00,No,No,No,Compensated Microcytosis
PID_3507,Female,65,9.00,3.17,26.17,82.56,28.41,34.42,13.89,166.00,8.29,0.14,9.60,67.70,24.27,5.02,3.03,0.00,No,Yes,No,Anemic
PID_3508,Female,22,8.40,3.12,24.76,79.36,26.96,33.93,20.96,130.00,7.49,0.10,3.60,70.55,25.65,2.53,1.28,0.00,Yes,No,No,Anemic
PID_3509,Female,35,7.80,3.94,22.54,57.20,19.82,34.64,18.70,152.00,8.36,0.13,7.20,52.43,34.95,8.76,3.88,0.00,No,No,No,Anemic
PID_3510,Male,47,9.20,3.75,27.58,73.52,24.56,33.33,16.49,392.00,8.73,0.34,9.00,58.54,34.23,4.54,2.70,0.00,No,No,Yes,Anemic
PID_3511,Male,49,13.40,3.24,37.78,116.65,41.38,35.42,15.22,237.00,8.62,0.20,10.10,58.51,31.12,8.51,1.89,0.00,No,No,No,Compensated Microcytosis
PID_3512,Female,35,8.40,5.33,25.49,47.80,15.77,32.91,19.07,248.00,9.21,0.23,5.90,58.68,33.69,5.40,2.17,0.00,No,Yes,No,Anemic
PID_3513,Female,30,9.50,3.41,26.35,77.30,27.87,36.02,14.57,153.00,7.21,0.11,8.20,63.28,29.59,4.07,3.06,0.00,Yes,No,No,Anemic
PID_3514,Female,55,11.50,4.77,36.05,75.57,24.12,31.92,15.89,238.00,7.74,0.18,8.10,57.36,33.92,7.85,0.87,0.00,No,No,No,Anemic
PID_3515,Female,50,11.00,4.11,31.86,77.49,26.73,34.52,15.88,130.00,8.92,0.12,5.80,59.32,32.76,6.22,1.77,0.00,No,Yes,No,Anemic
PID_3516,Male,72,13.40,4.35,38.76,89.10,30.78,34.55,13.11,158.00,7.80,0.12,11.20,58.19,30.63,6.11,5.10,0.00,Yes,No,No,Non-Anemic
PID_3517,Female,70,11.60,3.70,35.10,94.90,31.36,33.09,12.60,285.00,8.62,0.25,28.00,65.92,22.36,8.48,3.19,0.00,No,No,No,Anemic
PID_3518,Female,27,11.00,4.41,31.88,72.31,24.91,34.55,16.29,298.00,6.45,0.19,8.60,60.20,32.72,4.39,2.65,0.00,No,Yes,No,Anemic
PID_3519,Male,58,13.30,4.92,37.43,76.11,27.03,35.55,17.33,125.00,10.62,0.13,11.10,61.91,30.93,4.74,2.38,0.00,No,No,No,Compensated Microcytosis
PID_3520,Male,80,14.80,4.92,47.22,95.96,30.09,31.31,13.90,152.00,8.19,0.12,13.40,56.43,33.65,8.91,0.99,0.00,No,No,No,Non-Anemic
PID_3521,Male,50,13.00,4.54,37.57,82.73,28.60,34.63,12.93,239.00,9.34,0.22,23.60,54.81,32.26,7.54,5.38,0.00,No,No,No,Non-Anemic
PID_3522,Male,45,14.40,5.39,46.44,86.13,26.73,31.01,14.88,377.00,8.14,0.31,13.10,56.41,36.67,5.97,0.99,0.00,No,No,No,Compensated Microcytosis
PID_3523,Female,65,10.80,3.95,32.89,83.28,27.31,32.83,13.07,532.00,8.73,0.46,11.00,60.23,30.13,4.82,3.88,0.97,No,Yes,No,Anemic
PID_3524,Female,65,9.00,3.34,25.03,74.92,26.96,35.94,14.63,153.00,9.56,0.15,6.50,62.01,25.02,9.03,4.00,0.00,No,No,No,Anemic
PID_3525,Male,33,12.90,5.03,38.74,77.03,25.65,33.29,14.57,230.00,9.36,0.21,6.00,49.99,38.98,8.98,2.00,0.00,No,No,No,Anemic
PID_3526,Male,65,15.50,5.55,47.56,85.65,27.92,32.60,15.84,188.00,8.27,0.15,12.80,58.53,34.04,5.31,2.13,0.00,Yes,No,No,Compensated Microcytosis
PID_3527,Female,50,12.80,5.46,37.91,69.47,23.45,33.78,18.62,332.00,8.26,0.28,11.60,61.24,35.17,1.84,1.80,0.00,No,No,No,Compensated Microcytosis
PID_3528,Male,60,13.40,4.65,36.73,79.03,28.79,36.48,13.09,272.00,9.17,0.25,23.40,61.29,32.99,1.88,3.77,0.00,No,No,Yes,Non-Anemic
PID_3529,Female,30,12.90,4.48,40.56,90.52,28.83,31.84,14.58,247.00,10.27,0.25,7.10,55.89,36.29,6.88,0.98,0.00,No,No,No,Compensated Microcytosis
PID_3530,Male,36,12.10,4.71,36.96,78.48,25.68,32.71,14.89,321.00,8.55,0.27,5.00,58.18,33.72,6.96,1.16,0.00,No,No,No,Anemic
PID_3531,Female,42,10.50,3.68,29.33,79.73,28.53,35.83,14.17,154.00,9.92,0.15,8.10,65.65,27.25,5.02,2.02,0.00,No,No,No,Anemic
PID_3532,Male,68,11.80,4.34,32.57,75.08,27.16,36.24,13.60,367.00,8.16,0.30,12.50,54.18,34.57,6.51,4.67,0.00,No,No,Yes,Anemic
PID_3533,Female,65,10.20,3.67,30.11,82.05,27.81,33.89,16.82,298.00,9.15,0.27,7.80,68.90,22.18,7.76,1.11,0.00,No,Yes,No,Anemic
PID_3534,Male,57,11.90,3.92,36.60,93.41,30.37,32.51,11.79,235.00,9.28,0.22,13.00,63.84,28.69,3.23,4.26,0.00,No,No,No,Anemic
PID_3535,Male,63,13.90,5.53,38.07,68.86,25.17,36.51,15.28,186.00,8.05,0.15,8.00,62.65,25.26,9.12,3.03,0.00,No,No,No,Compensated Microcytosis
PID_3536,Female,18,8.50,4.05,23.67,58.42,20.96,35.94,21.18,534.00,7.82,0.42,12.70,62.78,25.54,8.53,3.19,0.00,Yes,No,No,Anemic
PID_3537,Female,25,12.90,4.86,37.05,76.24,26.51,34.80,13.71,353.00,9.28,0.33,8.10,53.53,34.36,9.10,3.03,0.00,No,No,No,Compensated Microcytosis
PID_3538,Female,65,11.40,4.36,34.52,79.15,26.13,33.00,13.92,167.00,7.96,0.13,42.40,57.29,35.41,2.10,5.21,0.00,No,No,No,Anemic
PID_3539,Male,24,14.60,5.17,43.02,83.24,28.27,33.91,13.22,251.00,7.71,0.19,8.30,65.88,24.67,7.08,2.35,0.00,No,No,No,Non-Anemic
PID_3540,Male,62,10.80,3.34,31.95,95.67,32.31,33.84,13.61,105.00,7.89,0.08,6.90,62.03,22.96,10.36,4.60,0.00,Yes,No,No,Anemic
PID_3541,Female,14,12.80,4.19,37.21,88.82,30.51,34.40,14.17,271.00,8.02,0.22,7.00,60.03,29.96,5.02,5.00,0.00,No,No,No,Non-Anemic
PID_3542,Male,46,12.90,3.68,36.09,98.08,35.09,35.75,11.27,183.00,9.11,0.17,5.90,60.76,28.44,6.82,3.92,0.00,No,Yes,No,Anemic
PID_3543,Male,72,10.50,3.51,29.95,85.32,29.95,35.04,15.12,291.00,8.80,0.26,12.70,59.63,32.42,4.39,3.51,0.00,No,No,No,Anemic
PID_3544,Male,66,13.00,4.12,39.75,96.43,31.59,32.70,13.57,172.00,8.98,0.15,11.60,58.44,36.62,2.93,1.98,0.00,No,No,No,Non-Anemic
PID_3545,Male,62,13.60,4.14,38.15,92.10,32.85,35.63,16.79,262.00,8.78,0.23,5.70,56.76,34.62,5.81,2.88,0.00,No,No,No,Compensated Microcytosis
PID_3546,Male,48,15.10,5.80,43.93,75.73,26.02,34.39,15.13,282.00,7.94,0.22,11.30,62.51,28.13,7.31,2.08,0.00,No,No,No,Compensated Microcytosis
PID_3547,Male,30,13.80,4.80,39.63,82.57,28.79,34.84,12.72,200.00,8.96,0.18,6.10,55.97,33.97,5.03,5.00,0.00,No,No,Yes,Non-Anemic
PID_3548,Female,45,11.10,4.10,31.04,75.69,27.04,35.72,14.61,267.00,9.34,0.25,14.80,66.37,26.75,1.97,4.95,0.00,No,Yes,No,Anemic
PID_3549,Male,58,9.80,4.03,30.00,74.47,24.32,32.66,10.58,150.00,8.85,0.13,9.70,51.93,35.32,7.81,4.90,0.00,No,No,No,Anemic
PID_3550,Male,58,12.00,4.01,35.34,88.17,29.94,33.92,12.74,130.00,8.75,0.11,4.80,58.62,35.63,3.44,2.30,0.00,No,No,No,Anemic
PID_3551,Female,47,10.30,4.11,30.87,75.14,25.04,33.37,17.98,253.00,7.77,0.20,8.40,63.00,27.02,6.00,4.00,0.00,No,Yes,No,Anemic
PID_3552,Female,60,11.00,4.21,34.25,81.36,26.10,32.12,18.32,257.00,8.55,0.22,7.50,60.81,32.37,2.95,3.92,0.00,Yes,No,No,Anemic
PID_3553,Female,73,11.60,4.03,33.71,83.67,28.80,34.40,14.89,336.00,7.75,0.26,10.60,70.14,26.48,2.28,1.15,0.00,No,No,No,Anemic
PID_3554,Male,44,12.10,5.00,32.69,65.39,24.21,37.03,15.04,320.00,8.39,0.27,8.20,64.36,22.98,6.87,5.75,0.00,No,No,No,Anemic
PID_3555,Male,14,12.10,4.79,38.06,79.44,25.27,31.81,13.21,265.00,7.06,0.19,8.90,65.36,25.62,3.87,5.13,0.00,No,No,No,Anemic
PID_3556,Female,50,12.60,4.98,37.10,74.54,25.31,33.99,19.93,244.00,7.13,0.17,12.90,59.05,36.16,3.82,0.95,0.00,No,No,No,Compensated Microcytosis
PID_3557,Female,55,9.80,4.02,28.19,70.15,24.38,34.79,15.49,176.00,8.21,0.15,4.30,60.60,33.64,1.90,3.85,0.00,No,No,No,Anemic
PID_3558,Female,83,11.80,2.94,34.56,117.58,40.16,34.16,16.03,188.00,7.95,0.15,9.90,62.24,31.13,1.86,4.72,0.00,Yes,No,No,Anemic
PID_3559,Female,34,10.60,3.71,31.30,84.33,28.54,33.89,14.71,249.00,8.50,0.21,11.10,59.15,35.69,2.01,3.06,0.00,No,No,No,Anemic
PID_3560,Male,48,16.00,5.33,49.32,92.57,30.00,32.48,13.28,87.00,8.30,0.07,5.10,66.65,24.27,4.04,5.05,0.00,No,No,Yes,Non-Anemic
PID_3561,Female,42,7.40,3.66,21.59,58.99,20.19,34.28,18.30,434.00,8.41,0.37,10.80,62.62,30.79,4.37,2.20,0.00,No,Yes,No,Anemic
PID_3562,Female,52,13.50,5.00,40.80,81.57,27.03,33.09,14.42,313.00,8.88,0.28,17.70,62.95,25.90,6.15,4.94,0.00,No,No,No,Compensated Microcytosis
PID_3563,Male,80,11.10,3.51,35.38,100.77,31.60,31.33,13.79,290.00,8.05,0.23,6.50,56.40,33.61,6.35,3.64,0.00,No,No,No,Anemic
PID_3564,Male,57,8.10,2.25,22.86,101.62,36.00,35.45,14.10,140.00,8.20,0.12,9.20,59.80,28.77,9.17,2.30,0.00,No,No,No,Anemic
PID_3565,Female,62,12.10,4.82,34.42,71.44,25.13,35.18,14.70,159.00,9.58,0.15,21.10,66.31,28.61,3.06,2.04,0.00,No,No,No,Compensated Microcytosis
PID_3566,Female,26,10.30,3.77,30.24,80.21,27.34,34.09,14.19,140.00,8.38,0.12,7.80,66.29,24.12,6.03,3.61,0.00,No,No,No,Anemic
PID_3567,Male,83,11.20,3.94,32.68,82.92,28.42,34.29,15.11,100.00,8.24,0.08,11.20,66.06,27.20,2.92,3.88,0.00,No,Yes,No,Anemic
PID_3568,Male,35,14.60,4.73,41.37,87.44,30.85,35.31,13.36,341.00,8.46,0.29,8.00,54.34,33.98,7.78,3.88,0.00,No,No,No,Non-Anemic
PID_3569,Female,54,9.30,2.96,27.14,91.66,31.39,34.30,15.49,283.00,8.29,0.23,8.20,58.39,31.70,6.91,2.97,0.00,No,No,No,Anemic
PID_3570,Male,57,6.90,1.92,19.67,102.39,35.92,35.10,14.34,273.00,7.80,0.21,13.70,63.71,30.80,4.37,1.10,0.00,No,No,No,Anemic
PID_3571,Female,55,8.50,3.16,25.27,79.98,26.92,33.65,14.88,213.00,7.62,0.16,8.70,54.84,34.39,7.51,3.23,0.00,No,Yes,No,Anemic
PID_3572,Male,19,14.30,5.08,40.20,79.15,28.13,35.53,14.68,207.00,7.81,0.16,4.60,63.35,27.69,3.97,4.95,0.00,No,No,No,Compensated Microcytosis
PID_3573,Male,45,14.30,5.57,41.59,74.62,25.64,34.37,13.32,195.00,9.07,0.18,7.80,56.26,31.29,8.33,4.17,0.00,No,No,No,Compensated Microcytosis
PID_3574,Female,80,8.30,3.43,24.25,70.66,24.22,34.21,17.88,303.00,7.92,0.24,14.60,62.36,27.06,8.27,2.35,0.00,Yes,Yes,No,Anemic
PID_3575,Male,49,10.50,3.75,32.33,86.26,28.02,32.50,19.48,201.00,8.27,0.17,16.60,68.99,20.98,4.97,5.00,0.00,No,No,No,Anemic
PID_3576,Female,60,13.10,4.51,38.14,84.57,29.03,34.32,12.41,267.00,8.95,0.24,8.00,60.24,28.43,6.79,4.55,0.00,No,No,No,Non-Anemic
PID_3577,Female,52,11.30,4.16,34.24,82.33,27.13,32.98,13.51,167.00,8.16,0.14,14.80,62.03,30.53,4.60,2.78,0.00,Yes,No,No,Anemic
PID_3578,Female,46,11.30,4.85,34.00,70.13,23.33,33.21,17.00,510.00,8.92,0.45,5.80,63.08,27.38,3.54,5.95,0.00,No,No,No,Anemic
PID_3579,Female,22,9.90,4.41,29.98,68.00,22.43,33.04,15.96,294.00,7.19,0.21,6.80,65.37,24.77,4.99,3.96,0.99,No,Yes,No,Anemic
PID_3580,Male,32,5.20,1.36,15.89,116.87,38.27,32.74,15.24,139.00,8.29,0.12,7.60,56.46,35.16,7.37,0.93,0.00,No,No,No,Anemic
PID_3581,Female,56,11.10,3.85,30.37,78.84,28.82,36.56,16.02,60.00,8.43,0.05,3.00,70.24,26.62,2.09,1.06,0.00,No,No,No,Anemic
PID_3582,Female,31,11.20,4.12,31.46,76.40,27.17,35.62,16.21,204.00,8.46,0.17,8.10,69.45,24.67,3.57,2.35,0.00,Yes,No,No,Anemic
PID_3583,Female,34,10.80,3.82,29.75,77.86,28.26,36.31,13.33,158.00,7.08,0.11,7.90,51.01,37.72,7.11,4.08,0.00,No,Yes,No,Anemic
PID_3584,Female,21,8.40,3.24,25.82,79.67,25.92,32.54,16.11,208.00,9.35,0.19,10.00,65.08,31.04,2.95,0.97,0.00,No,Yes,No,Anemic
PID_3585,Female,28,11.00,3.59,32.27,89.91,30.62,34.11,14.29,156.00,7.73,0.12,7.60,64.45,26.95,5.77,2.88,0.00,Yes,No,No,Anemic
PID_3586,Female,32,14.80,5.08,45.61,89.80,29.17,32.41,14.53,356.00,8.69,0.31,10.50,57.76,34.86,3.66,3.67,0.00,No,No,No,Non-Anemic
PID_3587,Female,29,11.30,3.96,34.07,86.02,28.50,33.21,14.81,184.00,8.38,0.15,9.10,60.41,30.17,6.64,2.83,0.00,No,No,No,Anemic
PID_3588,Female,14,12.00,5.17,36.48,70.52,23.19,32.88,12.30,660.00,9.22,0.61,6.60,59.21,29.10,8.73,2.91,0.00,No,No,No,Compensated Microcytosis
PID_3589,Male,39,13.80,5.03,38.89,77.27,27.42,35.47,16.72,226.00,10.14,0.23,5.30,68.80,25.93,3.86,1.30,0.00,No,No,No,Compensated Microcytosis
PID_3590,Female,55,11.20,4.22,33.41,79.18,26.52,33.56,16.66,35.00,7.37,0.03,5.90,58.41,29.21,7.87,4.49,0.00,No,No,No,Anemic
PID_3591,Male,47,13.40,4.61,37.98,82.39,29.05,35.31,13.96,211.00,7.92,0.17,6.30,60.04,29.58,6.09,4.35,0.00,No,No,Yes,Non-Anemic
PID_3592,Female,27,11.70,4.06,33.69,82.99,28.80,34.69,15.00,191.00,8.57,0.16,10.90,68.54,22.44,7.84,1.12,0.00,No,Yes,No,Anemic
PID_3593,Male,25,15.60,5.27,42.43,80.54,29.62,36.77,14.18,234.00,7.52,0.18,8.30,60.90,33.71,4.34,1.09,0.00,No,No,No,Non-Anemic
PID_3594,Female,26,12.90,4.36,40.03,91.84,29.57,32.23,13.78,278.00,8.99,0.25,6.20,60.63,26.27,9.10,4.04,0.00,Yes,No,No,Non-Anemic
PID_3595,Male,38,16.20,5.94,45.62,76.83,27.28,35.50,13.98,160.00,9.06,0.15,5.30,52.07,35.38,8.34,4.17,0.00,No,No,No,Non-Anemic
PID_3596,Female,60,12.60,4.08,35.62,87.31,30.92,35.41,15.18,183.00,8.88,0.16,7.10,54.45,37.59,4.96,2.97,0.00,No,No,No,Compensated Microcytosis
PID_3597,Female,74,13.20,4.47,40.20,89.95,29.51,32.83,16.08,90.00,8.61,0.08,9.20,67.38,21.04,7.33,4.21,0.00,No,No,No,Compensated Microcytosis
PID_3598,Female,70,13.70,5.11,38.91,76.14,26.84,35.23,14.08,192.00,9.46,0.18,4.50,60.96,34.28,1.92,2.86,0.00,No,Yes,No,Compensated Microcytosis
PID_3599,Female,24,13.10,4.24,38.08,89.79,30.91,34.42,13.07,217.00,7.50,0.16,6.70,60.15,31.87,7.06,0.88,0.00,No,No,No,Non-Anemic
PID_3600,Female,28,13.90,4.33,41.21,95.17,32.12,33.73,13.79,151.00,8.48,0.13,3.50,66.67,24.43,6.66,2.22,0.00,No,No,No,Non-Anemic
PID_3601,Female,23,14.70,4.62,44.53,96.40,31.84,32.98,13.38,150.00,7.79,0.12,2.60,56.05,34.08,4.37,5.49,0.00,No,No,No,Non-Anemic
PID_3602,Female,74,13.20,4.47,39.83,89.15,29.50,33.16,16.11,90.00,9.12,0.08,9.20,68.50,27.15,3.27,1.09,0.00,No,No,No,Compensated Microcytosis
PID_3603,Female,41,12.70,4.90,34.83,71.11,25.91,36.45,13.57,210.00,6.95,0.15,4.70,57.34,33.70,4.46,4.49,0.00,No,No,No,Compensated Microcytosis
PID_3604,Male,27,13.30,4.63,39.12,84.52,28.72,33.97,13.81,271.00,8.39,0.23,10.00,63.87,26.50,3.63,6.02,0.00,No,No,Yes,Non-Anemic
PID_3605,Female,24,11.10,3.50,31.77,90.74,31.75,34.90,14.42,283.00,8.65,0.25,8.10,66.70,27.31,4.04,2.02,0.00,Yes,No,No,Anemic
PID_3606,Male,68,12.10,3.79,36.61,96.58,31.96,33.08,14.44,390.00,7.67,0.30,5.80,57.79,36.67,3.34,2.22,0.00,No,No,No,Anemic
PID_3607,Male,57,14.70,4.62,44.46,96.22,31.79,33.04,13.00,170.00,7.87,0.13,11.10,59.03,31.45,6.63,2.86,0.00,No,No,Yes,Non-Anemic
PID_3608,Male,26,13.10,4.10,37.11,90.48,31.96,35.29,13.13,265.00,8.41,0.22,9.80,59.77,29.87,5.13,5.15,0.00,No,No,No,Non-Anemic
PID_3609,Female,27,9.70,3.17,29.96,94.50,30.56,32.42,12.67,178.00,9.15,0.16,7.60,67.44,25.29,3.65,3.61,0.00,Yes,No,No,Anemic
PID_3610,Female,65,12.10,3.47,36.12,104.13,34.90,33.52,13.23,180.00,7.60,0.14,4.20,59.82,30.81,8.42,0.93,0.00,No,No,No,Non-Anemic
PID_3611,Female,45,14.70,4.52,43.18,95.58,32.56,34.05,13.06,149.00,7.69,0.12,2.40,62.48,29.16,3.09,5.21,0.00,No,No,No,Non-Anemic
PID_3612,Male,27,13.20,4.53,38.67,85.40,29.17,34.15,13.67,269.00,9.27,0.25,10.20,73.39,23.37,2.15,1.06,0.00,No,No,Yes,Non-Anemic
PID_3613,Female,34,12.50,3.45,37.00,107.24,36.22,33.76,12.86,264.00,8.18,0.22,11.50,60.72,32.16,3.54,3.57,0.00,No,No,No,Non-Anemic
PID_3614,Male,31,11.90,3.54,34.52,97.51,33.65,34.50,11.43,179.00,7.76,0.14,4.50,60.36,33.02,1.92,4.72,0.00,No,No,No,Anemic
PID_3615,Male,46,14.40,4.76,41.34,86.83,30.26,34.79,13.07,244.00,9.00,0.22,7.20,67.71,22.61,6.47,3.23,0.00,No,No,No,Non-Anemic
PID_3616,Female,25,12.90,4.00,36.98,92.43,32.22,34.89,17.44,312.00,7.99,0.25,6.70,65.06,23.59,6.63,4.72,0.00,No,No,No,Compensated Microcytosis
PID_3617,Male,24,12.20,4.66,37.18,79.80,26.21,32.85,13.68,266.00,9.19,0.25,8.70,62.52,32.26,2.06,3.12,0.00,No,Yes,No,Anemic
PID_3618,Male,28,9.80,3.42,29.12,85.11,28.62,33.67,18.98,457.00,7.84,0.36,7.70,62.63,28.89,6.06,2.41,0.00,No,No,No,Anemic
PID_3619,Male,22,9.50,4.65,26.81,57.68,20.41,35.40,16.98,200.00,8.28,0.17,6.70,66.69,21.23,8.11,3.03,1.01,No,No,No,Anemic
PID_3620,Male,17,13.50,4.86,38.49,79.19,27.75,35.05,13.39,180.00,9.14,0.16,4.40,57.53,33.03,6.57,1.89,0.94,No,No,No,Non-Anemic
PID_3621,Male,51,15.00,4.85,46.36,95.60,30.96,32.39,13.34,215.00,8.26,0.18,5.60,68.85,25.79,2.12,3.23,0.00,No,No,Yes,Non-Anemic
PID_3622,Female,21,13.10,4.47,38.06,85.12,29.32,34.43,13.48,329.00,9.02,0.30,9.20,58.59,30.67,6.29,4.50,0.00,No,No,No,Non-Anemic
PID_3623,Female,35,13.20,4.75,41.74,87.83,27.80,31.63,13.50,174.00,8.36,0.15,6.50,54.56,31.31,9.08,5.05,0.00,No,No,No,Non-Anemic
PID_3624,Male,26,15.20,4.95,44.63,90.18,30.68,34.09,12.34,279.00,8.51,0.24,8.80,59.07,29.12,7.28,4.55,0.00,No,No,No,Non-Anemic
PID_3625,Male,72,7.30,2.77,20.12,72.65,26.38,36.29,11.43,189.00,9.24,0.17,10.00,49.08,42.38,6.56,1.96,0.00,No,No,No,Anemic
PID_3626,Male,49,7.30,2.84,22.21,78.22,25.68,32.84,11.40,180.00,8.88,0.16,10.00,49.78,40.40,5.07,4.76,0.00,Yes,No,No,Anemic
PID_3627,Male,45,9.00,3.97,27.27,68.66,22.70,33.01,13.70,148.00,10.13,0.15,7.20,57.80,29.21,8.15,4.76,0.00,No,No,No,Anemic
PID_3628,Male,46,8.80,3.96,25.20,63.62,22.24,34.94,13.27,207.00,8.99,0.19,6.60,63.51,26.51,7.06,2.91,0.00,Yes,No,Yes,Anemic
PID_3629,Male,59,14.20,5.15,44.17,85.74,27.54,32.12,12.74,151.00,9.67,0.15,16.70,67.55,18.87,12.56,0.99,0.00,No,No,No,Non-Anemic
PID_3630,Female,55,12.00,4.39,36.10,82.25,27.34,33.27,12.21,194.00,10.22,0.20,9.30,61.54,26.38,8.29,3.85,0.00,No,Yes,No,Non-Anemic
PID_3631,Female,70,13.20,4.85,38.02,78.43,27.21,34.70,11.81,181.00,8.69,0.16,5.20,70.31,19.15,7.70,2.91,0.00,No,No,No,Non-Anemic
PID_3632,Male,40,12.40,4.57,37.31,81.64,27.10,33.25,12.39,164.00,8.57,0.14,10.50,75.25,11.79,8.18,4.76,0.00,No,No,No,Anemic
PID_3633,Male,76,11.00,4.31,32.62,75.71,25.51,33.70,13.24,171.00,9.10,0.16,5.60,54.71,34.19,7.25,3.85,0.00,No,No,No,Anemic
PID_3634,Female,77,11.00,4.28,31.52,73.63,25.72,34.93,12.94,88.00,10.87,0.10,8.60,47.90,39.45,7.93,4.76,0.00,No,No,No,Anemic
PID_3635,Female,18,14.60,5.63,42.31,75.18,25.90,34.54,12.37,185.00,8.87,0.16,5.10,59.38,30.70,7.96,1.96,0.00,Yes,No,Yes,Compensated Microcytosis
PID_3636,Male,40,13.30,4.62,38.75,83.88,28.80,34.30,11.87,146.00,9.52,0.14,5.20,65.97,22.12,8.08,3.85,0.00,Yes,No,No,Non-Anemic
PID_3637,Female,56,16.50,5.78,49.12,85.02,28.58,33.56,12.81,190.00,9.88,0.19,12.30,69.82,20.29,7.93,1.96,0.00,No,No,No,Non-Anemic
PID_3638,Female,57,14.50,5.30,42.10,79.41,27.38,34.42,12.41,211.00,10.00,0.21,10.40,81.82,9.16,5.19,3.85,0.00,No,No,No,Non-Anemic
PID_3639,Female,28,13.50,5.35,39.88,74.50,25.24,33.82,12.76,202.00,9.32,0.19,4.50,49.26,41.77,5.16,3.85,0.00,No,No,No,Compensated Microcytosis
PID_3640,Male,19,9.60,5.05,27.79,55.01,18.99,34.55,15.16,263.00,9.42,0.25,3.10,44.60,47.53,5.91,1.96,0.00,No,No,Yes,Anemic
PID_3641,Female,48,14.70,5.50,44.01,80.01,26.71,33.37,13.64,139.00,10.59,0.15,4.70,66.04,20.88,10.23,2.91,0.00,No,No,No,Compensated Microcytosis
PID_3642,Male,34,9.60,4.54,28.42,62.60,21.13,33.74,11.79,280.00,10.37,0.29,13.80,71.76,18.71,8.49,0.99,0.00,No,No,No,Anemic
PID_3643,Male,24,9.80,4.77,29.87,62.64,20.53,32.84,11.81,259.00,10.53,0.27,14.30,68.53,18.02,8.65,4.76,0.00,No,No,No,Anemic
PID_3644,Male,44,9.30,3.31,27.39,82.74,28.13,33.97,11.83,160.00,8.44,0.13,6.00,72.43,20.42,3.34,3.85,0.00,No,No,No,Anemic
PID_3645,Female,34,13.10,4.77,39.66,83.15,27.50,33.03,12.20,169.00,10.07,0.17,2.70,47.15,41.32,6.76,4.76,0.00,No,No,No,Non-Anemic
PID_3646,Female,22,10.50,4.26,32.15,75.49,24.68,32.64,12.49,192.00,8.88,0.17,7.30,82.94,8.35,6.75,1.96,0.00,No,No,No,Anemic
PID_3647,Female,61,10.70,3.99,31.19,78.17,26.84,34.32,11.58,226.00,9.13,0.21,6.80,60.46,27.79,6.98,4.76,0.00,No,No,Yes,Anemic
PID_3648,Female,57,13.80,4.66,40.29,86.47,29.64,34.26,11.69,112.00,11.54,0.13,2.40,66.64,24.34,7.08,1.96,0.00,No,No,No,Non-Anemic
PID_3649,Male,67,11.90,4.29,34.06,79.36,27.78,34.91,12.07,155.00,9.27,0.14,4.00,45.11,42.33,6.87,4.72,0.94,No,No,No,Anemic
PID_3650,Female,51,10.00,5.59,29.87,53.43,17.91,33.49,13.60,203.00,8.73,0.18,8.30,68.90,19.60,9.49,0.98,0.98,No,No,No,Anemic
PID_3651,Male,77,14.40,5.23,41.75,79.84,27.50,34.48,11.76,171.00,9.33,0.16,5.70,63.14,28.25,7.59,0.99,0.00,No,No,No,Non-Anemic
PID_3652,Female,34,9.80,3.72,28.27,75.98,26.37,34.62,12.23,125.00,9.11,0.11,5.40,80.79,11.22,7.07,0.99,0.00,No,No,No,Anemic
PID_3653,Male,47,11.40,4.26,33.01,77.46,26.80,34.49,11.78,231.00,9.97,0.23,9.00,71.42,16.72,10.87,0.99,0.00,No,No,No,Anemic
PID_3654,Male,30,10.20,4.18,30.90,73.96,24.43,33.00,13.32,192.00,9.93,0.19,5.20,49.34,42.79,6.89,0.99,0.00,No,No,No,Anemic
PID_3655,Male,63,13.10,5.08,38.33,75.45,25.81,34.20,12.42,88.00,10.82,0.10,5.10,78.52,11.27,8.26,0.98,0.98,No,No,No,Compensated Microcytosis
PID_3656,Female,74,11.50,4.71,33.39,70.93,24.41,34.42,12.56,218.00,8.72,0.19,4.10,55.70,35.51,6.83,1.96,0.00,No,No,No,Anemic
PID_3657,Female,73,10.30,4.48,30.29,67.56,23.02,33.99,20.38,126.00,9.33,0.12,4.90,59.89,27.75,7.58,3.81,0.95,No,No,No,Anemic
PID_3658,Female,78,15.90,5.27,50.48,95.76,30.18,31.51,12.42,182.00,10.06,0.18,7.00,65.21,22.51,7.51,4.76,0.00,No,No,Yes,Non-Anemic
PID_3659,Female,75,9.50,3.84,27.78,72.32,24.74,34.19,13.57,160.00,10.77,0.17,4.90,68.78,20.29,8.89,0.98,0.98,No,No,No,Anemic
PID_3660,Male,31,15.90,5.73,43.38,75.68,27.74,36.64,12.22,119.00,10.62,0.13,6.70,75.87,12.95,9.22,1.96,0.00,No,No,No,Non-Anemic
PID_3661,Male,34,13.80,4.66,41.11,88.26,29.58,33.56,11.69,112.00,11.50,0.13,2.40,66.65,24.32,7.05,1.96,0.00,No,No,Yes,Non-Anemic
PID_3662,Male,31,11.90,4.47,35.92,80.34,26.62,33.10,14.03,154.00,10.88,0.17,7.90,72.50,16.98,7.54,1.94,0.97,No,No,No,Anemic
PID_3663,Female,60,13.90,5.77,40.35,69.92,24.11,34.46,13.70,164.00,9.19,0.15,12.80,75.45,12.58,8.06,3.85,0.00,No,No,No,Compensated Microcytosis
PID_3664,Female,48,11.90,4.29,34.62,80.70,27.75,34.37,12.14,155.00,9.29,0.14,4.00,45.49,42.78,6.94,4.76,0.00,No,No,No,Anemic
PID_3665,Female,28,14.60,5.95,41.21,69.21,24.54,35.45,12.84,85.00,10.83,0.09,4.20,67.04,21.13,7.97,3.85,0.00,No,No,No,Compensated Microcytosis
PID_3666,Female,61,12.50,4.62,38.47,83.26,27.04,32.50,12.57,169.00,10.28,0.17,4.40,66.11,23.32,7.66,2.91,0.00,Yes,Yes,No,Compensated Microcytosis
PID_3667,Male,39,13.70,4.88,39.28,80.48,28.06,34.89,12.58,152.00,9.99,0.15,7.30,70.94,19.81,7.26,1.96,0.00,No,No,No,Non-Anemic
PID_3668,Male,31,12.30,4.53,35.44,78.25,27.18,34.68,12.84,88.00,10.12,0.09,24.40,79.41,6.71,11.01,2.91,0.00,No,No,No,Anemic
PID_3669,Female,71,7.60,4.25,22.47,52.89,17.87,33.84,14.58,215.00,9.52,0.20,4.00,66.73,23.63,8.59,0.99,0.00,No,No,No,Anemic
PID_3670,Female,49,11.70,4.35,34.01,78.18,26.89,34.39,12.60,262.00,9.73,0.25,4.70,43.14,48.51,7.32,0.99,0.00,No,No,No,Anemic
PID_3671,Male,70,9.90,4.26,28.10,65.92,23.27,35.23,13.69,144.00,10.77,0.16,4.10,65.27,25.97,4.90,3.85,0.00,No,No,No,Anemic
PID_3672,Male,71,13.40,5.09,38.23,75.11,26.29,35.07,12.87,110.00,10.47,0.12,4.60,67.21,19.90,8.09,4.76,0.00,No,Yes,No,Compensated Microcytosis
PID_3673,Male,74,11.60,4.67,35.55,76.17,24.83,32.62,14.18,149.00,9.90,0.15,6.90,65.66,22.27,9.25,2.91,0.00,No,No,No,Anemic
PID_3674,Female,44,15.10,4.52,43.16,95.45,33.37,35.02,12.37,135.00,9.37,0.13,8.30,62.79,23.61,8.82,4.76,0.00,Yes,No,No,Non-Anemic
PID_3675,Female,60,13.50,5.17,39.80,76.98,26.12,33.92,12.73,143.00,10.52,0.15,6.20,70.74,14.46,10.97,3.85,0.00,No,No,No,Compensated Microcytosis
PID_3676,Male,22,11.80,4.86,34.62,71.24,24.25,34.06,12.27,173.00,9.19,0.16,10.80,81.46,11.88,5.66,0.99,0.00,No,No,No,Anemic
PID_3677,Male,27,11.10,4.94,32.56,65.94,22.48,34.06,14.94,213.00,9.39,0.20,7.10,61.91,27.32,6.04,4.76,0.00,No,No,No,Anemic
PID_3678,Female,31,13.20,5.29,39.03,73.79,24.94,33.80,14.00,194.00,9.46,0.18,5.50,33.15,56.40,5.72,4.76,0.00,No,No,No,Compensated Microcytosis
PID_3679,Male,59,10.30,4.05,29.07,71.80,25.45,35.41,12.92,177.00,9.28,0.16,5.00,57.84,32.50,8.75,0.99,0.00,No,No,No,Anemic
PID_3680,Male,27,11.50,4.92,33.92,68.97,23.37,33.92,13.82,127.00,8.17,0.10,13.70,60.00,29.77,7.29,2.91,0.00,Yes,No,No,Anemic
PID_3681,Male,60,8.90,4.56,27.25,59.81,19.51,32.70,14.59,77.00,9.87,0.08,4.50,52.65,40.08,6.24,0.99,0.00,No,No,No,Anemic
PID_3682,Female,56,8.80,4.60,26.25,57.10,19.09,33.55,14.63,91.00,10.91,0.10,4.60,51.89,37.97,5.34,4.76,0.00,No,No,No,Anemic
PID_3683,Male,52,14.30,5.22,41.80,80.09,27.37,34.25,13.04,108.00,9.67,0.10,4.50,54.30,35.55,7.25,2.91,0.00,No,No,No,Non-Anemic
PID_3684,Male,38,8.50,3.32,23.96,72.17,25.62,35.44,13.60,221.00,10.20,0.23,11.30,63.10,22.76,11.29,2.91,0.00,Yes,No,Yes,Anemic
PID_3685,Male,30,13.70,5.14,39.45,76.73,26.61,34.69,12.32,174.00,10.11,0.18,4.70,48.34,42.04,8.58,0.99,0.00,No,No,No,Compensated Microcytosis
PID_3686,Male,70,10.90,5.34,33.05,61.85,20.42,33.01,13.83,174.00,9.13,0.16,6.00,54.81,31.51,8.90,4.78,0.00,No,Yes,No,Anemic
PID_3687,Female,27,9.40,3.95,25.42,64.34,23.79,36.99,14.13,166.00,9.78,0.16,3.70,63.40,21.05,11.76,3.85,0.00,No,No,No,Anemic
PID_3688,Male,61,16.70,5.67,48.66,85.80,29.48,34.32,12.88,115.00,10.69,0.12,10.80,64.57,18.50,12.21,4.76,0.00,No,No,No,Non-Anemic
PID_3689,Female,72,8.70,4.35,24.49,56.29,19.96,35.54,14.23,122.00,9.12,0.11,2.90,63.89,27.45,6.71,1.96,0.00,No,No,No,Anemic
PID_3690,Female,74,9.30,4.72,27.50,58.30,19.69,33.85,14.36,227.00,10.00,0.23,7.00,81.17,13.94,0.65,4.26,0.00,No,No,No,Anemic
PID_3691,Female,21,11.50,4.51,33.20,73.60,25.49,34.64,12.40,161.00,10.33,0.17,5.90,55.98,32.79,8.28,2.91,0.00,Yes,No,Yes,Anemic
PID_3692,Male,69,10.90,5.07,31.14,61.42,21.50,35.04,13.48,215.00,10.40,0.22,8.30,79.72,8.82,7.61,3.85,0.00,Yes,No,No,Anemic
PID_3693,Male,70,13.00,5.06,36.66,72.46,25.72,35.44,12.47,136.00,9.48,0.13,11.00,75.92,12.78,8.37,2.91,0.00,No,No,No,Compensated Microcytosis
PID_3694,Female,31,12.30,5.05,34.87,69.07,24.37,35.23,12.10,152.00,9.56,0.15,6.00,64.54,22.88,9.61,2.91,0.00,No,No,No,Compensated Microcytosis
PID_3695,Male,69,9.30,5.25,26.54,50.55,17.71,35.03,14.34,171.00,10.77,0.18,4.20,31.86,21.45,44.43,2.31,0.00,No,No,No,Anemic
PID_3696,Male,69,9.30,5.20,27.66,53.17,17.87,33.63,14.26,170.00,10.54,0.18,4.20,52.75,37.27,7.12,2.91,0.00,No,No,Yes,Anemic
PID_3697,Male,58,12.60,4.40,37.82,85.95,28.67,33.29,11.84,156.00,8.49,0.13,6.60,73.71,15.03,8.31,2.91,0.00,No,No,No,Anemic
PID_3698,Female,67,11.50,4.12,33.43,81.11,27.94,34.39,11.53,169.00,9.56,0.16,6.20,71.56,18.75,7.78,1.96,0.00,No,No,No,Anemic
PID_3699,Male,74,9.50,4.24,27.05,63.78,22.44,35.09,14.79,217.00,10.29,0.22,5.70,57.80,29.18,7.32,4.72,0.94,No,No,No,Anemic
PID_3700,Male,39,15.10,5.01,44.76,89.35,30.14,33.73,12.48,127.00,9.82,0.12,5.70,57.36,31.96,8.72,1.96,0.00,No,No,No,Non-Anemic
PID_3701,Male,44,12.30,3.95,34.87,88.23,31.16,35.29,12.18,132.00,8.43,0.11,6.80,79.34,9.21,7.57,3.85,0.00,No,No,No,Anemic
PID_3702,Female,22,14.60,5.06,40.85,80.75,28.87,35.75,12.11,177.00,9.49,0.17,6.40,79.80,12.60,6.60,0.99,0.00,No,No,Yes,Non-Anemic
PID_3703,Female,23,13.60,4.66,41.34,88.74,29.17,32.87,12.58,140.00,9.40,0.13,6.40,62.81,27.37,8.89,0.99,0.00,No,No,No,Non-Anemic
PID_3704,Female,26,11.50,5.12,34.85,68.04,22.45,32.97,14.17,187.00,9.23,0.17,6.50,54.42,36.01,8.49,0.99,0.00,No,No,No,Anemic
PID_3705,Female,74,12.90,5.20,38.13,73.34,24.77,33.81,12.31,152.00,8.56,0.13,7.40,76.30,14.09,7.62,1.96,0.00,No,No,No,Compensated Microcytosis
PID_3706,Female,53,10.50,3.10,30.55,98.56,33.86,34.39,15.51,77.00,10.13,0.08,6.00,81.98,9.39,6.70,1.96,0.00,No,No,No,Anemic
PID_3707,Female,45,10.80,3.15,32.36,102.75,34.32,33.36,15.44,80.00,9.97,0.08,5.90,82.82,9.02,5.25,2.91,0.00,No,No,No,Anemic
PID_3708,Female,67,9.30,4.28,26.11,60.98,21.69,35.61,15.11,244.00,9.67,0.24,8.60,48.73,42.22,8.15,0.99,0.00,No,No,No,Anemic
PID_3709,Male,70,15.60,5.34,45.21,84.69,29.20,34.53,11.99,117.00,9.72,0.11,9.80,72.67,15.45,8.01,3.85,0.00,No,No,No,Non-Anemic
PID_3710,Male,54,10.40,4.71,30.55,64.88,22.07,34.01,12.14,205.00,9.22,0.19,4.70,59.78,28.11,8.25,3.85,0.00,No,No,No,Anemic
PID_3711,Female,73,8.70,3.59,26.95,75.10,24.20,32.30,13.31,122.00,8.61,0.10,8.50,70.80,19.40,8.82,0.99,0.00,No,No,No,Anemic
PID_3712,Male,28,14.90,5.22,45.96,88.08,28.56,32.43,12.02,132.00,10.32,0.14,3.20,55.63,35.26,8.09,0.99,0.00,No,No,No,Non-Anemic
PID_3713,Female,71,11.70,4.40,34.07,77.40,26.61,34.36,12.52,210.00,10.73,0.22,5.20,58.89,32.71,7.46,0.99,0.00,No,No,Yes,Anemic
PID_3714,Female,24,12.30,5.35,39.12,73.09,22.97,31.48,17.17,101.00,11.07,0.11,3.00,71.44,19.91,6.68,1.96,0.00,No,No,No,Compensated Microcytosis
PID_3715,Male,30,10.00,3.81,28.40,74.53,26.21,35.22,11.61,135.00,8.67,0.12,15.40,79.57,9.68,8.69,1.96,0.00,No,No,No,Anemic
PID_3716,Male,55,12.60,4.36,37.27,85.44,28.87,33.80,12.19,127.00,10.88,0.14,6.50,57.66,32.08,8.30,1.96,0.00,No,No,Yes,Anemic
PID_3717,Male,36,11.10,4.10,29.29,71.46,27.07,37.89,12.49,189.00,8.41,0.16,8.30,65.06,21.91,8.30,4.76,0.00,No,No,No,Anemic
PID_3718,Female,65,9.60,3.44,26.11,75.90,27.90,36.80,12.57,133.00,9.57,0.13,2.80,42.88,45.45,7.75,3.85,0.00,No,No,No,Anemic
PID_3719,Male,51,11.20,4.02,33.15,82.45,27.88,33.77,12.31,125.00,10.04,0.12,6.20,59.92,29.40,6.80,3.85,0.00,No,No,No,Anemic
PID_3720,Male,55,11.30,4.21,33.36,79.24,26.83,33.86,12.18,363.00,9.72,0.35,17.10,59.55,27.20,10.36,2.91,0.00,No,No,No,Anemic
PID_3721,Male,24,12.70,5.20,36.08,69.37,24.40,35.22,15.33,161.00,10.28,0.17,7.80,65.91,23.73,8.42,1.96,0.00,Yes,Yes,No,Anemic
PID_3722,Female,57,12.90,4.73,35.79,75.64,27.24,36.05,12.94,108.00,11.59,0.13,6.00,58.07,29.08,8.07,4.76,0.00,No,No,No,Non-Anemic
PID_3723,Female,59,10.80,3.79,33.71,88.96,28.53,32.05,13.40,212.00,9.93,0.21,8.30,61.99,24.97,8.32,4.76,0.00,No,No,No,Anemic
PID_3724,Female,70,8.30,3.48,26.05,74.86,23.84,31.84,13.90,385.00,8.98,0.35,6.20,55.55,31.80,8.76,3.85,0.00,No,No,No,Anemic
PID_3725,Male,70,9.80,4.03,29.47,73.09,24.29,33.29,13.92,115.00,10.23,0.12,7.20,70.98,18.46,8.59,1.96,0.00,No,No,No,Anemic
PID_3726,Male,36,5.90,2.55,17.00,66.71,23.13,34.73,13.51,75.00,10.12,0.08,5.80,71.83,18.71,6.52,2.91,0.00,No,No,No,Anemic
PID_3727,Female,33,10.50,4.07,30.35,74.56,25.76,34.59,12.47,126.00,10.61,0.13,5.60,64.69,25.47,7.86,1.96,0.00,No,Yes,No,Anemic
PID_3728,Female,47,11.20,3.85,31.74,82.49,29.09,35.31,13.43,243.00,9.60,0.23,8.50,61.80,27.55,9.73,0.99,0.00,No,No,No,Anemic
PID_3729,Female,46,11.80,4.33,36.24,83.67,27.28,32.59,12.07,184.00,9.71,0.18,3.20,46.88,41.34,9.83,1.96,0.00,Yes,No,No,Anemic
PID_3730,Male,64,14.20,5.06,45.48,89.93,28.09,31.21,12.78,136.00,9.83,0.13,6.30,69.28,21.89,7.80,0.99,0.00,No,No,No,Non-Anemic
PID_3731,Male,76,11.90,4.70,33.97,72.25,25.28,35.01,12.77,163.00,10.98,0.18,9.00,60.43,30.67,7.92,0.99,0.00,No,No,No,Anemic
PID_3732,Male,41,7.20,3.62,21.81,60.27,19.87,33.01,14.41,229.00,9.53,0.22,13.50,69.33,16.03,11.79,2.91,0.00,No,No,No,Anemic
PID_3733,Female,19,10.80,4.47,34.20,76.54,24.20,31.56,13.47,135.00,10.30,0.14,12.50,65.55,20.95,9.59,3.85,0.00,No,No,No,Anemic
PID_3734,Male,67,9.00,3.42,26.34,77.04,26.33,34.16,11.54,202.00,8.94,0.18,7.30,66.87,21.73,9.39,1.96,0.00,No,No,No,Anemic
PID_3735,Female,67,8.60,3.55,24.61,69.32,24.19,34.97,12.53,17.00,10.67,0.02,2.50,54.75,36.42,7.83,0.99,0.00,No,No,Yes,Anemic
PID_3736,Male,43,8.70,3.58,25.70,71.76,24.32,33.85,13.09,46.00,10.91,0.05,2.40,57.29,34.32,6.48,1.96,0.00,No,No,No,Anemic
PID_3737,Male,32,9.20,3.87,27.50,71.09,23.75,33.48,12.13,175.00,10.17,0.18,4.80,51.55,38.19,6.42,3.85,0.00,Yes,No,No,Anemic
PID_3738,Female,71,14.20,5.25,42.00,79.97,27.05,33.79,12.14,106.00,9.58,0.10,7.60,62.56,26.62,6.94,3.85,0.00,No,No,No,Compensated Microcytosis
PID_3739,Male,62,10.00,3.90,29.80,76.43,25.67,33.54,12.68,190.00,9.60,0.18,5.30,66.47,20.40,8.39,4.76,0.00,No,Yes,No,Anemic
PID_3740,Female,23,11.50,4.86,35.51,73.03,23.66,32.35,12.67,163.00,8.30,0.14,7.60,71.37,15.48,9.33,3.85,0.00,No,No,No,Anemic
PID_3741,Female,32,11.10,5.10,33.49,65.68,21.78,33.11,12.29,161.00,8.94,0.14,5.70,61.06,27.18,7.88,2.88,0.96,No,Yes,No,Anemic
PID_3742,Male,21,11.60,4.38,33.50,76.49,26.50,34.62,11.11,152.00,9.84,0.15,12.20,80.62,11.60,6.83,0.99,0.00,No,No,No,Anemic
PID_3743,Female,36,11.80,4.37,34.32,78.52,26.98,34.41,12.69,146.00,9.60,0.14,6.50,70.49,15.22,8.72,4.72,0.94,No,No,No,Anemic
PID_3744,Female,33,14.00,5.11,40.93,80.15,27.37,34.20,12.28,143.00,10.78,0.15,8.30,64.68,23.14,8.26,2.88,0.96,No,No,No,Non-Anemic
PID_3745,Male,70,13.20,4.79,40.24,84.03,27.55,32.82,12.17,168.00,9.60,0.16,8.00,55.99,34.90,7.14,1.96,0.00,No,Yes,No,Non-Anemic
PID_3746,Male,68,6.80,3.85,20.13,52.32,17.63,33.79,15.40,148.00,10.04,0.15,14.00,72.83,14.44,10.78,0.98,0.98,No,No,No,Anemic
PID_3747,Male,38,10.60,4.70,33.77,71.85,22.56,31.37,14.99,508.00,9.02,0.46,21.70,76.37,11.79,7.07,3.81,0.95,No,No,No,Anemic
PID_3748,Female,59,12.30,4.65,35.95,77.29,26.45,34.25,12.41,155.00,10.40,0.16,8.40,71.06,16.64,11.29,0.99,0.00,No,No,No,Compensated Microcytosis
PID_3749,Female,66,12.30,4.58,34.44,75.22,26.83,35.71,11.88,271.00,9.19,0.25,9.60,69.19,20.22,7.63,1.94,0.97,No,No,No,Compensated Microcytosis
PID_3750,Female,73,12.70,4.87,39.40,80.90,26.10,32.22,12.86,196.00,9.48,0.19,5.40,47.00,41.24,6.13,4.72,0.94,No,Yes,No,Compensated Microcytosis
PID_3751,Male,32,5.00,3.18,15.02,47.24,15.69,33.30,16.39,299.00,8.79,0.26,5.30,36.09,52.31,6.88,4.76,0.00,Yes,Yes,No,Anemic
PID_3752,Male,53,13.40,4.87,38.96,80.00,27.48,34.40,12.56,192.00,9.70,0.19,10.80,76.01,10.20,8.09,4.72,0.94,No,No,No,Non-Anemic
PID_3753,Female,46,6.20,2.56,17.46,68.19,24.20,35.47,12.39,251.00,10.17,0.26,14.00,70.38,15.51,10.27,3.85,0.00,Yes,No,No,Anemic
PID_3754,Male,23,7.50,3.88,22.41,57.75,19.30,33.46,15.47,132.00,9.57,0.13,14.30,75.38,10.55,10.21,2.88,0.96,No,No,No,Anemic
PID_3755,Male,58,7.50,3.88,22.61,58.25,19.31,33.14,15.48,130.00,9.71,0.13,13.80,76.47,10.38,10.23,2.91,0.00,No,No,No,Anemic
PID_3756,Male,38,11.80,5.75,37.30,64.90,20.50,31.61,14.04,160.00,9.07,0.15,6.60,64.27,25.12,9.59,0.99,0.00,No,No,No,Anemic
PID_3757,Female,75,14.40,5.29,42.20,79.76,27.19,34.08,12.40,205.00,10.37,0.21,8.20,54.14,33.14,8.86,3.85,0.00,No,No,Yes,Non-Anemic
PID_3758,Male,80,13.00,5.36,35.66,66.55,24.24,36.44,13.10,173.00,10.27,0.18,8.00,60.20,26.61,7.54,4.72,0.94,No,No,No,Compensated Microcytosis
PID_3759,Female,40,9.30,4.62,27.09,58.61,20.12,34.36,15.48,309.00,9.13,0.28,6.50,57.59,29.54,8.11,4.76,0.00,No,No,No,Anemic
PID_3760,Male,23,12.40,4.73,36.50,77.21,26.24,33.97,12.53,200.00,9.81,0.20,5.20,51.56,39.40,7.06,1.96,0.00,No,No,No,Anemic
PID_3761,Female,56,9.30,4.90,27.05,55.20,18.98,34.38,12.48,132.00,10.33,0.14,3.70,67.78,20.72,9.57,1.96,0.00,No,No,No,Anemic
PID_3762,Female,39,7.30,3.99,21.48,53.86,18.27,34.00,14.17,146.00,10.77,0.16,0.80,46.06,43.11,6.03,4.76,0.00,No,No,No,Anemic
PID_3763,Female,48,10.10,4.21,30.58,72.67,23.97,33.02,12.83,236.00,9.74,0.23,7.70,59.05,29.83,6.38,4.76,0.00,No,No,No,Anemic
PID_3764,Female,46,8.50,4.40,24.29,55.18,19.35,35.01,14.10,222.00,9.27,0.21,16.10,69.01,15.04,12.09,3.85,0.00,Yes,Yes,No,Anemic
PID_3765,Male,32,12.60,4.47,36.77,82.28,28.15,34.26,12.61,244.00,8.46,0.21,10.00,62.50,28.04,6.50,2.91,0.00,No,Yes,No,Anemic
PID_3766,Male,43,11.80,4.22,34.68,82.15,27.96,34.04,12.29,197.00,9.43,0.19,6.10,66.44,25.62,5.95,1.96,0.00,No,No,No,Anemic
PID_3767,Male,79,11.70,4.41,35.64,80.83,26.51,32.82,13.32,233.00,9.92,0.23,8.40,53.34,38.09,5.70,2.91,0.00,No,No,No,Anemic
PID_3768,Male,34,9.80,4.45,27.56,61.90,22.03,35.54,13.87,244.00,9.21,0.22,6.70,39.53,50.07,6.52,3.85,0.00,No,No,No,Anemic
PID_3769,Female,18,11.70,4.66,33.62,72.14,25.09,34.83,12.54,184.00,9.04,0.17,7.70,70.26,15.20,9.69,4.76,0.00,No,No,No,Anemic
PID_3770,Female,21,12.00,4.70,36.00,76.56,25.56,33.37,12.32,192.00,9.91,0.19,6.10,62.01,27.94,7.06,2.91,0.00,No,Yes,No,Compensated Microcytosis
PID_3771,Female,73,14.90,5.80,42.33,73.00,25.71,35.19,124.02,137.00,9.82,0.13,5.30,58.55,29.55,7.17,4.76,0.00,No,No,No,Compensated Microcytosis
PID_3772,Male,78,11.10,4.34,33.23,76.56,25.59,33.41,12.80,196.00,9.88,0.19,7.00,59.93,28.06,7.20,4.76,0.00,No,No,No,Anemic
PID_3773,Male,53,10.10,3.86,30.55,79.16,26.16,33.07,12.28,156.00,9.29,0.15,7.00,65.32,26.15,7.49,0.99,0.00,No,No,No,Anemic
PID_3774,Female,56,9.30,3.81,28.11,73.76,24.39,33.08,12.12,241.00,9.83,0.24,13.00,75.37,13.87,7.86,2.91,0.00,No,No,No,Anemic
PID_3775,Female,25,10.80,4.15,33.88,81.67,26.05,31.89,12.79,158.00,9.53,0.15,10.90,69.80,17.54,9.70,2.91,0.00,No,No,No,Anemic
PID_3776,Male,71,11.30,4.27,32.69,76.56,26.46,34.56,12.68,136.00,10.53,0.14,5.80,63.87,23.13,8.18,4.76,0.00,No,No,No,Anemic
PID_3777,Female,72,9.90,4.43,31.13,70.25,22.33,31.80,13.37,143.00,11.18,0.16,6.60,72.21,15.01,8.90,3.85,0.00,Yes,No,No,Anemic
PID_3778,Female,57,13.00,4.87,39.97,82.07,26.67,32.55,11.99,202.00,9.80,0.20,8.80,64.08,26.85,8.12,0.99,0.00,No,Yes,No,Compensated Microcytosis
PID_3779,Female,25,11.80,5.50,37.45,68.07,21.46,31.54,13.76,148.00,8.32,0.12,14.50,48.75,41.30,5.15,4.76,0.00,No,No,Yes,Anemic
PID_3780,Male,38,13.10,4.79,38.65,80.72,27.34,33.87,12.63,93.00,9.47,0.09,7.20,43.38,14.49,40.91,1.24,0.00,No,No,No,Non-Anemic
PID_3781,Male,26,15.40,5.71,45.54,79.75,26.96,33.83,12.73,181.00,8.81,0.16,9.80,70.50,19.73,7.81,1.96,0.00,No,No,No,Compensated Microcytosis
PID_3782,Female,27,13.20,5.50,39.28,71.42,24.02,33.61,12.40,198.00,8.90,0.18,6.70,60.67,32.28,6.04,0.99,0.00,Yes,No,No,Compensated Microcytosis
PID_3783,Female,27,15.10,5.38,46.11,85.74,28.06,32.74,12.46,153.00,9.66,0.15,8.30,66.13,21.05,8.94,3.85,0.00,No,Yes,No,Non-Anemic
PID_3784,Female,69,12.60,5.14,38.66,75.18,24.52,32.63,12.78,182.00,9.07,0.17,7.60,59.59,29.14,6.46,4.76,0.00,No,No,No,Compensated Microcytosis
PID_3785,Male,56,11.80,4.55,34.15,75.07,25.94,34.58,11.71,161.00,9.71,0.16,3.70,64.58,27.51,5.01,2.91,0.00,No,No,No,Anemic
PID_3786,Female,41,11.50,4.44,34.49,77.73,25.92,33.31,12.27,186.00,11.01,0.20,6.80,65.51,25.06,8.43,0.99,0.00,No,No,No,Anemic
PID_3787,Male,46,11.70,4.24,34.03,80.23,27.60,34.40,11.72,192.00,9.61,0.18,6.80,66.65,21.69,7.81,3.85,0.00,No,No,No,Anemic
PID_3788,Female,43,15.90,5.99,48.27,80.55,26.56,32.90,13.79,194.00,9.63,0.19,13.00,68.46,21.29,7.36,2.91,0.00,No,No,No,Compensated Microcytosis
PID_3789,Male,32,10.70,4.50,31.27,69.48,23.80,34.18,12.27,251.00,9.60,0.24,7.00,80.00,11.95,6.08,1.96,0.00,No,No,No,Anemic
PID_3790,Female,40,12.20,4.73,34.30,72.54,25.76,35.54,12.92,161.00,10.37,0.17,4.50,57.58,33.82,6.65,1.96,0.00,No,No,No,Compensated Microcytosis
PID_3791,Female,18,10.00,4.61,28.82,62.51,21.72,34.73,12.48,177.00,9.36,0.17,5.20,50.41,41.27,5.44,2.91,0.00,No,No,No,Anemic
PID_3792,Female,47,10.50,4.33,31.34,72.38,24.21,33.50,12.77,162.00,10.06,0.16,3.80,70.59,21.38,7.05,0.99,0.00,No,No,No,Anemic
PID_3793,Female,52,10.30,4.41,30.02,68.11,23.35,34.28,11.08,204.00,8.70,0.18,4.80,50.99,41.56,5.51,1.96,0.00,No,No,No,Anemic
PID_3794,Female,46,10.50,4.54,31.15,68.59,23.14,33.75,12.40,141.00,9.97,0.14,4.40,59.18,30.25,5.80,4.76,0.00,No,No,No,Anemic
PID_3795,Male,80,13.70,4.68,40.28,86.05,29.26,33.98,11.82,107.00,9.79,0.10,4.90,73.78,15.54,7.73,2.91,0.00,No,No,No,Non-Anemic
PID_3796,Male,71,8.60,5.38,25.59,47.54,16.00,33.64,15.22,240.00,10.02,0.24,6.20,35.86,23.87,38.37,1.92,0.00,No,Yes,No,Anemic
PID_3797,Female,26,10.60,4.80,31.36,65.37,22.12,33.80,14.03,132.00,9.19,0.12,8.00,54.72,36.60,6.79,1.96,0.00,No,No,No,Anemic
PID_3798,Male,55,14.20,5.29,41.45,78.35,26.88,34.24,12.27,111.00,9.19,0.10,4.30,47.06,42.61,9.38,0.99,0.00,No,No,No,Compensated Microcytosis
PID_3799,Male,72,11.40,4.57,34.75,76.06,24.94,32.82,12.50,196.00,9.78,0.19,7.50,58.01,30.55,6.67,4.76,0.00,No,No,No,Anemic
PID_3800,Female,69,11.40,4.19,34.78,83.04,27.17,32.79,11.91,143.00,9.24,0.13,4.50,54.07,37.83,7.09,0.99,0.00,No,No,No,Anemic
PID_3801,Male,42,13.30,5.01,41.13,82.08,26.52,32.36,12.51,225.00,8.83,0.20,7.20,46.54,42.35,6.27,3.81,0.95,Yes,No,No,Compensated Microcytosis
PID_3802,Male,25,7.70,3.77,24.00,63.65,20.42,32.05,15.07,236.00,10.24,0.24,6.90,63.30,25.57,7.29,3.85,0.00,No,No,No,Anemic
PID_3803,Female,27,10.80,4.31,33.19,77.04,25.08,32.56,11.99,166.00,10.81,0.18,9.00,77.92,15.38,4.69,1.96,0.00,No,No,No,Anemic
PID_3804,Male,35,10.90,4.94,31.88,64.53,22.07,34.22,12.82,208.00,10.31,0.21,7.50,77.48,11.18,9.42,1.96,0.00,No,No,No,Anemic
PID_3805,Male,18,12.70,4.67,38.57,82.56,27.16,32.95,12.66,167.00,10.10,0.17,6.20,67.03,24.06,6.93,1.96,0.00,No,No,No,Anemic
PID_3806,Male,43,11.60,4.30,33.51,77.92,26.95,34.66,12.32,202.00,8.84,0.18,4.70,51.80,36.08,8.29,3.85,0.00,No,Yes,No,Anemic
PID_3807,Female,79,11.70,4.43,34.37,77.61,26.38,34.08,11.59,206.00,8.82,0.18,5.10,53.18,37.93,7.95,0.99,0.00,No,No,No,Anemic
PID_3808,Male,24,9.30,3.95,29.40,74.38,23.57,31.65,11.49,163.00,8.09,0.13,8.00,45.35,47.75,5.97,0.99,0.00,No,No,No,Anemic
PID_3809,Male,70,13.40,4.93,38.52,78.15,27.16,34.81,12.93,185.00,8.70,0.16,6.90,57.97,32.62,7.43,1.96,0.00,No,No,No,Non-Anemic
PID_3810,Male,52,12.50,4.66,35.74,76.73,26.83,34.96,12.44,184.00,10.42,0.19,5.10,51.44,37.52,6.31,4.76,0.00,No,No,No,Anemic
PID_3811,Female,64,7.40,3.94,22.56,57.24,18.75,32.78,15.13,271.00,9.41,0.25,8.50,57.79,33.57,7.62,0.99,0.00,No,No,No,Anemic
PID_3812,Male,25,12.10,4.52,35.07,77.57,26.80,34.46,12.13,183.00,10.16,0.19,5.40,48.31,40.85,7.00,3.85,0.00,No,No,No,Anemic
PID_3813,Male,80,10.00,4.54,30.33,66.83,22.03,32.96,13.69,222.00,10.22,0.23,5.00,60.66,29.23,7.18,2.91,0.00,Yes,No,No,Anemic
PID_3814,Female,25,6.30,3.66,18.47,50.46,17.21,34.13,14.93,195.00,8.90,0.17,5.50,64.62,25.90,6.54,2.91,0.00,No,No,No,Anemic
PID_3815,Male,73,9.30,4.44,28.63,64.51,20.94,32.50,16.11,133.00,10.31,0.14,7.70,53.09,37.00,7.03,2.91,0.00,No,No,No,Anemic
PID_3816,Female,36,12.50,4.61,39.25,85.15,27.15,31.85,12.47,153.00,9.33,0.14,6.70,73.80,14.86,6.55,4.76,0.00,No,No,No,Compensated Microcytosis
PID_3817,Female,54,7.30,2.77,21.76,78.61,26.34,33.58,11.40,189.00,9.21,0.17,10.00,46.81,45.03,6.30,1.87,0.00,Yes,No,Yes,Anemic
PID_3818,Female,64,7.30,2.84,21.56,75.92,25.72,33.84,11.40,180.00,8.89,0.16,10.00,50.28,40.78,5.07,3.85,0.00,No,No,No,Anemic
PID_3819,Male,36,9.80,4.22,29.23,69.23,23.18,33.54,17.02,143.00,8.60,0.12,6.00,39.23,18.64,38.97,3.09,0.00,No,Yes,No,Anemic
PID_3820,Male,43,9.40,3.93,28.85,73.42,23.88,32.56,15.10,236.00,9.49,0.22,4.20,51.67,37.58,6.96,3.85,0.00,No,No,No,Anemic
PID_3821,Male,62,8.80,3.96,26.25,66.28,22.21,33.50,13.30,207.00,9.03,0.19,6.60,62.92,26.25,7.01,3.85,0.00,No,No,No,Anemic
PID_3822,Male,47,13.20,5.09,38.46,75.58,25.91,34.29,12.69,173.00,9.32,0.16,5.50,69.70,21.49,6.90,1.96,0.00,No,No,No,Compensated Microcytosis
PID_3823,Female,37,12.40,4.57,36.53,79.95,27.09,33.95,37.20,12.00,163.97,0.20,10.50,76.70,12.00,8.39,2.91,0.00,No,No,No,Compensated Microcytosis
PID_3824,Female,31,11.00,4.31,32.15,74.59,25.55,34.25,13.20,171.00,9.08,0.16,5.60,55.81,34.87,7.35,1.96,0.00,Yes,No,Yes,Anemic
PID_3825,Male,68,11.30,4.25,34.04,80.12,26.57,33.20,13.81,110.00,9.80,0.11,4.00,75.65,12.12,7.53,4.76,0.00,Yes,No,No,Anemic
PID_3826,Male,41,11.20,4.41,31.63,71.74,25.36,35.37,11.72,110.00,10.70,0.12,7.40,77.12,9.98,8.06,4.76,0.00,No,No,No,Anemic
PID_3827,Male,49,14.00,5.26,42.96,81.68,26.65,32.56,12.49,168.00,9.37,0.16,8.00,74.20,12.95,8.09,4.76,0.00,No,No,No,Compensated Microcytosis
PID_3828,Female,73,4.82,3.20,13.94,43.54,15.04,34.57,37.18,13.00,227.99,0.32,6.00,52.13,38.25,7.64,1.96,0.00,No,No,No,Anemic
PID_3829,Female,74,15.10,5.11,42.63,83.45,29.54,35.43,12.38,202.00,9.98,0.20,10.10,62.97,25.22,7.98,3.85,0.00,No,No,Yes,Non-Anemic
PID_3830,Female,74,9.30,4.45,26.90,60.43,20.92,34.56,14.99,402.00,8.33,0.33,10.60,37.77,52.43,5.99,3.85,0.00,No,No,No,Anemic
PID_3831,Female,59,13.00,4.64,38.51,82.98,28.06,33.75,12.78,186.00,9.77,0.18,8.00,66.35,25.77,6.96,0.99,0.00,No,No,No,Non-Anemic
PID_3832,Male,19,11.20,4.97,33.57,67.56,22.57,33.38,16.00,153.00,8.58,0.13,13.00,75.53,12.11,7.62,4.76,0.00,No,No,No,Anemic
PID_3833,Female,34,9.60,3.91,27.24,69.67,24.59,35.24,12.57,205.00,9.21,0.19,11.50,43.78,45.21,7.22,3.85,0.00,No,No,No,Anemic
PID_3834,Male,59,13.30,4.69,41.19,87.85,28.34,32.25,12.91,177.00,10.17,0.18,6.70,50.92,39.77,8.28,0.99,0.00,No,No,No,Non-Anemic
PID_3835,Male,60,11.50,4.76,35.02,73.56,24.15,32.87,12.81,210.00,8.88,0.19,9.00,56.52,32.34,7.33,3.85,0.00,No,No,No,Anemic
PID_3836,Male,69,10.30,3.85,30.73,79.79,26.77,33.49,11.51,134.00,9.72,0.13,6.80,66.65,22.55,6.03,4.76,0.00,No,No,Yes,Anemic
PID_3837,Male,68,7.30,2.84,20.57,72.46,25.73,35.50,11.44,180.00,8.92,0.16,10.00,50.78,41.18,5.16,2.91,0.00,No,No,No,Anemic
PID_3838,Female,34,9.40,3.93,27.28,69.44,23.92,34.50,15.13,236.00,9.50,0.22,4.20,99.05,0.71,0.14,0.09,0.00,No,No,No,Anemic
PID_3839,Male,38,10.30,4.00,31.37,78.38,25.73,32.88,12.54,164.00,11.30,0.19,5.60,60.85,28.28,7.03,3.85,0.00,No,No,No,Anemic
PID_3840,Male,64,14.20,5.34,42.23,79.11,26.63,33.62,12.38,185.00,10.58,0.20,7.20,55.88,32.86,7.39,3.85,0.00,No,No,No,Compensated Microcytosis
PID_3841,Female,74,13.70,4.65,41.19,88.56,29.48,33.26,13.09,150.00,8.81,0.13,8.80,77.12,12.84,8.04,1.96,0.00,No,No,No,Non-Anemic
PID_3842,Male,57,14.50,5.69,43.74,76.85,25.46,33.15,12.39,161.00,10.68,0.17,7.30,68.43,22.45,7.18,1.96,0.00,No,No,No,Compensated Microcytosis
PID_3843,Female,40,9.80,4.97,27.86,56.07,19.70,35.18,13.21,207.00,9.33,0.19,5.20,51.75,37.87,7.51,2.91,0.00,No,No,No,Anemic
PID_3844,Male,69,10.60,4.43,32.76,73.94,23.96,32.35,13.27,139.00,8.92,0.12,4.80,48.09,42.78,5.28,3.85,0.00,No,No,No,Anemic
PID_3845,Male,56,15.10,5.39,42.03,77.96,28.02,35.90,12.31,143.00,9.00,0.13,9.30,69.71,18.59,7.87,3.85,0.00,No,No,No,Non-Anemic
PID_3846,Female,25,10.70,4.16,30.58,73.54,25.69,35.02,13.07,178.00,10.50,0.19,13.20,44.46,45.05,7.58,2.91,0.00,No,No,Yes,Anemic
PID_3847,Male,58,10.00,4.66,28.32,60.80,21.43,35.32,14.19,312.00,9.21,0.29,9.10,85.27,8.79,4.97,0.99,0.00,No,No,No,Anemic
PID_3848,Female,26,10.60,4.89,31.69,64.82,21.64,33.46,16.72,192.00,9.99,0.19,7.60,62.65,26.33,8.15,2.91,0.00,No,No,No,Anemic
PID_3849,Male,75,14.10,5.09,41.69,81.91,27.70,33.83,12.07,173.00,8.82,0.15,7.60,65.07,24.73,5.41,4.76,0.00,No,No,Yes,Non-Anemic
PID_3850,Female,42,13.00,6.67,40.27,60.39,19.52,32.30,16.00,390.00,9.07,0.35,11.50,66.23,19.77,10.13,3.85,0.00,No,No,No,Compensated Microcytosis
PID_3851,Male,26,11.30,4.45,33.86,76.11,25.37,33.35,13.18,166.00,9.57,0.16,5.40,66.08,27.93,4.03,2.01,0.00,No,No,No,Anemic
PID_3852,Male,60,12.10,4.73,34.98,73.94,25.59,34.56,12.62,161.00,10.50,0.17,7.70,58.83,23.64,12.75,4.76,0.00,No,No,No,Anemic
PID_3853,Female,74,11.70,4.50,32.91,73.17,26.03,35.53,12.88,238.00,9.90,0.24,7.20,69.96,18.86,7.30,3.85,0.00,No,No,No,Anemic
PID_3854,Female,63,10.60,4.35,32.44,74.62,24.33,32.64,13.81,157.00,9.82,0.15,4.10,78.06,11.75,7.28,2.91,0.00,Yes,Yes,No,Anemic
PID_3855,Female,67,15.30,5.74,45.59,79.46,26.67,33.57,12.21,99.00,9.72,0.10,10.90,71.09,14.87,9.35,4.76,0.00,No,No,No,Compensated Microcytosis
PID_3856,Male,24,15.20,5.50,44.95,81.72,27.62,33.82,13.01,86.00,9.52,0.08,10.80,66.85,16.63,11.68,3.81,0.95,No,No,No,Non-Anemic
PID_3857,Female,24,15.20,5.37,47.02,87.55,28.27,32.33,12.38,93.00,9.67,0.09,10.40,70.41,17.99,10.59,0.99,0.00,No,No,No,Non-Anemic
PID_3858,Male,28,14.90,5.54,42.93,77.48,26.88,34.75,12.99,89.00,9.12,0.08,10.50,74.22,16.35,8.43,0.99,0.00,No,No,No,Compensated Microcytosis
PID_3859,Female,41,13.10,4.73,39.54,83.62,27.73,33.16,14.94,260.00,8.61,0.22,9.00,72.82,18.22,6.95,1.96,0.00,No,No,No,Compensated Microcytosis
PID_3860,Female,40,13.00,4.59,38.50,83.89,28.33,33.78,12.27,264.00,9.26,0.25,10.80,68.20,19.91,8.09,3.85,0.00,No,Yes,No,Non-Anemic
PID_3861,Female,76,11.60,4.93,34.67,70.34,23.55,33.49,13.27,148.00,10.08,0.15,5.50,65.15,26.65,7.26,0.99,0.00,No,No,No,Anemic
PID_3862,Female,24,13.70,5.00,41.45,82.86,27.40,33.09,12.18,146.00,8.96,0.13,4.20,58.24,30.13,7.77,3.85,0.00,No,No,No,Non-Anemic
PID_3863,Female,28,12.60,4.94,37.07,75.05,25.51,33.97,12.71,130.00,10.23,0.13,9.90,58.45,28.63,9.97,2.91,0.00,No,Yes,No,Compensated Microcytosis
PID_3864,Female,14,8.20,4.49,24.30,54.15,18.26,33.73,13.00,165.00,9.27,0.15,6.40,60.26,29.51,7.30,2.91,0.00,Yes,Yes,No,Anemic
PID_3865,Female,62,13.00,6.67,38.74,58.10,19.46,33.54,16.02,390.00,9.10,0.35,11.50,66.27,19.78,10.07,3.85,0.00,Yes,No,No,Compensated Microcytosis
PID_3866,Male,42,11.30,4.45,34.11,76.66,25.39,33.15,13.21,166.00,9.61,0.16,5.40,62.66,26.49,6.07,4.76,0.00,No,No,No,Anemic
PID_3867,Female,28,11.70,4.50,34.03,75.60,26.00,34.38,12.92,238.00,9.90,0.24,7.20,72.11,19.39,7.51,0.99,0.00,No,No,No,Anemic
PID_3868,Male,59,10.60,4.35,29.46,67.75,24.36,36.01,13.80,157.00,9.81,0.15,4.10,59.60,23.69,14.68,1.96,0.00,No,No,No,Anemic
PID_3869,Female,28,9.30,4.83,27.22,56.36,19.29,34.20,15.06,127.00,10.32,0.13,4.90,79.51,9.44,7.25,3.85,0.00,No,No,Yes,Anemic
PID_3870,Female,60,9.50,4.50,26.99,59.97,21.13,35.16,15.27,199.00,9.44,0.19,7.90,49.93,41.05,5.20,3.85,0.00,No,No,No,Anemic
PID_3871,Male,22,15.40,5.43,47.63,87.70,28.39,32.35,12.31,140.00,7.97,0.11,6.20,68.60,21.72,6.69,2.91,0.00,No,No,No,Non-Anemic
PID_3872,Female,64,5.80,3.10,16.96,54.69,18.69,34.21,13.40,429.00,10.29,0.44,7.20,45.93,39.97,10.17,3.85,0.00,No,No,No,Anemic
PID_3873,Male,78,9.00,4.00,27.54,68.85,22.54,32.68,13.32,295.00,10.36,0.31,5.00,44.31,43.31,9.47,2.91,0.00,No,No,No,Anemic
PID_3874,Female,57,14.60,5.38,45.30,84.21,27.12,32.23,11.81,182.00,8.77,0.16,5.10,59.91,31.65,7.43,0.99,0.00,No,No,No,Non-Anemic
PID_3875,Female,51,11.30,3.89,34.13,87.71,29.06,33.09,11.88,207.00,8.96,0.19,8.80,63.33,25.97,8.72,1.96,0.00,No,No,No,Anemic
PID_3876,Male,50,14.60,4.82,41.21,85.48,30.29,35.46,11.84,149.00,8.69,0.13,10.30,74.63,10.30,10.27,4.76,0.00,Yes,Yes,No,Non-Anemic
PID_3877,Male,77,14.20,5.37,40.41,75.23,26.46,35.18,13.51,152.00,10.59,0.16,8.70,72.00,19.42,7.63,0.99,0.00,No,Yes,No,Compensated Microcytosis
PID_3878,Male,40,13.40,4.80,39.08,81.44,27.94,34.26,12.23,162.00,9.07,0.15,8.80,78.07,10.59,7.47,3.85,0.00,No,No,No,Non-Anemic
PID_3879,Male,53,11.70,4.77,36.38,76.29,24.53,32.18,11.36,182.00,9.03,0.16,6.80,70.32,18.30,6.65,4.76,0.00,No,No,No,Anemic
PID_3880,Female,55,15.10,5.39,44.72,82.96,27.98,33.75,13.48,107.00,9.12,0.10,6.40,61.14,28.74,8.15,1.96,0.00,No,No,No,Non-Anemic
PID_3881,Male,57,11.10,4.37,32.30,73.89,25.39,34.34,12.58,177.00,9.98,0.18,4.70,51.29,37.45,9.28,1.96,0.00,No,No,No,Anemic
PID_3882,Male,36,10.50,4.49,30.69,68.37,23.37,34.18,14.10,224.00,9.77,0.22,9.00,68.78,21.93,6.37,2.91,0.00,No,Yes,No,Anemic
PID_3883,Male,25,14.60,5.25,45.93,87.48,27.84,31.80,12.79,140.00,8.79,0.12,5.50,59.50,28.64,7.06,4.76,0.00,No,No,No,Non-Anemic
PID_3884,Female,80,11.80,4.70,35.83,76.21,25.08,32.94,13.67,121.00,9.70,0.12,5.20,44.72,45.53,6.77,2.91,0.00,No,No,No,Anemic
PID_3885,Male,30,11.30,4.27,33.31,78.00,26.44,33.95,12.33,155.00,9.84,0.15,5.90,74.65,15.46,5.11,4.76,0.00,No,No,No,Anemic
PID_3886,Male,25,14.50,4.82,41.85,86.80,30.09,34.66,12.81,69.00,11.91,0.08,10.40,79.30,11.57,8.14,0.99,0.00,No,No,No,Non-Anemic
PID_3887,Female,35,11.30,4.27,36.03,84.37,26.43,31.33,12.32,155.00,9.81,0.15,5.90,76.13,15.75,5.26,2.91,0.00,No,No,No,Anemic
PID_3888,Female,56,10.50,4.05,31.06,76.65,25.94,33.84,13.31,145.00,10.19,0.15,4.70,62.29,26.79,6.20,4.76,0.00,Yes,No,No,Anemic
PID_3889,Male,57,14.50,4.89,42.43,86.78,29.62,34.13,12.68,45.00,11.49,0.05,10.90,76.72,11.47,8.87,2.90,0.00,No,Yes,No,Non-Anemic
PID_3890,Male,40,14.60,5.13,41.69,81.29,28.43,35.04,12.16,230.00,9.08,0.21,9.60,76.77,13.79,4.68,4.76,0.00,No,No,Yes,Non-Anemic
PID_3891,Female,42,11.90,4.70,34.16,72.72,25.29,34.80,11.07,226.00,11.10,0.25,7.00,58.83,30.56,8.67,1.96,0.00,No,No,No,Anemic
PID_3892,Male,14,14.90,5.19,42.94,82.76,28.67,34.69,12.20,217.00,8.88,0.19,10.10,74.74,15.56,5.89,2.88,0.96,Yes,No,No,Non-Anemic
PID_3893,Female,79,11.90,4.09,36.02,88.06,29.08,33.03,12.17,131.00,8.61,0.11,6.90,73.62,14.73,8.78,1.94,0.97,No,Yes,No,Anemic
PID_3894,Female,65,13.40,4.92,42.26,85.89,27.20,31.73,11.49,151.00,8.59,0.13,6.30,73.99,15.82,7.25,2.91,0.00,No,No,No,Non-Anemic
PID_3895,Female,63,12.60,5.21,37.58,72.11,24.20,33.50,12.99,153.00,9.42,0.14,4.30,55.44,34.11,5.71,4.76,0.00,No,No,No,Compensated Microcytosis
PID_3896,Male,29,7.70,4.58,21.87,47.72,16.84,35.18,14.88,300.00,8.81,0.26,10.90,40.15,49.02,5.97,4.76,0.00,No,No,No,Anemic
PID_3897,Female,68,12.50,5.17,35.04,67.80,24.19,35.65,12.99,155.00,9.28,0.14,4.20,55.56,34.13,5.60,4.76,0.00,No,No,No,Compensated Microcytosis
PID_3898,Male,55,11.20,4.60,32.14,69.90,24.34,34.86,13.08,224.00,9.28,0.21,10.00,54.93,37.52,6.51,0.99,0.00,No,No,No,Anemic
PID_3899,Male,89,10.80,3.94,31.29,79.42,27.38,34.52,12.02,170.00,9.28,0.16,5.80,64.88,26.87,5.37,2.91,0.00,No,No,No,Anemic
PID_3900,Male,66,11.40,4.38,33.09,75.57,26.06,34.45,12.44,164.00,9.77,0.16,9.50,79.60,11.16,5.35,3.85,0.00,No,No,No,Anemic
PID_3901,Female,56,14.00,4.86,42.00,86.42,28.82,33.31,11.07,90.00,9.77,0.09,2.90,54.91,34.60,7.58,2.91,0.00,No,No,No,Non-Anemic
PID_3902,Female,30,10.90,4.42,32.21,72.90,24.68,33.81,14.33,184.00,10.04,0.18,5.40,53.42,35.46,8.24,2.91,0.00,No,No,No,Anemic
PID_3903,Female,44,10.30,4.11,28.61,69.64,25.07,36.01,13.83,173.00,9.66,0.17,5.10,53.80,37.26,8.02,0.99,0.00,No,No,No,Anemic
PID_3904,Female,42,12.50,5.15,38.03,73.82,24.23,32.86,14.81,158.00,10.13,0.16,11.40,80.15,10.46,5.51,3.85,0.00,No,No,No,Compensated Microcytosis
PID_3905,Male,58,8.30,4.48,23.10,51.57,18.56,35.95,16.70,354.00,9.90,0.35,7.80,63.71,23.11,8.39,4.76,0.00,No,No,No,Anemic
PID_3906,Female,60,8.40,4.51,24.99,55.39,18.61,33.59,16.59,325.00,9.43,0.31,7.90,68.01,22.76,8.19,0.99,0.00,No,Yes,No,Anemic
PID_3907,Male,40,13.00,4.58,36.53,79.77,28.40,35.62,11.91,181.00,8.98,0.16,8.20,75.43,17.13,6.47,0.99,0.00,No,No,No,Non-Anemic
PID_3908,Female,40,13.80,4.79,42.71,89.16,28.81,32.28,12.11,177.00,9.30,0.16,5.50,59.55,29.26,7.39,3.85,0.00,No,No,No,Non-Anemic
PID_3909,Male,20,3.10,1.42,8.93,62.89,21.82,34.74,15.48,250.00,8.89,0.22,21.10,64.98,22.33,8.87,3.85,0.00,No,No,No,Anemic
PID_3910,Male,15,14.50,5.21,43.79,84.08,27.84,33.14,12.43,132.00,9.71,0.13,5.50,52.75,36.82,7.58,2.91,0.00,No,No,No,Non-Anemic
PID_3911,Male,13,14.90,5.25,46.13,87.83,28.41,32.33,12.10,134.00,10.07,0.14,5.70,49.04,36.75,10.41,3.85,0.00,Yes,No,No,Non-Anemic
PID_3912,Female,52,9.90,4.37,28.89,66.10,22.63,34.26,13.93,205.00,10.10,0.21,6.30,64.59,25.34,7.20,2.91,0.00,No,No,No,Anemic
PID_3913,Female,30,12.20,4.40,34.65,78.76,27.76,35.24,11.99,126.00,10.48,0.13,3.80,64.44,26.60,7.92,0.99,0.00,No,No,No,Non-Anemic
PID_3914,Female,15,10.80,5.23,32.74,62.57,20.65,32.96,13.47,127.00,9.27,0.12,10.60,71.60,19.42,7.08,1.96,0.00,No,No,No,Anemic
PID_3915,Female,13,13.50,4.35,41.92,96.37,31.06,32.17,13.61,106.00,10.53,0.11,11.70,64.25,22.92,8.03,4.76,0.00,No,No,No,Non-Anemic
PID_3916,Male,35,11.80,4.19,34.82,83.11,28.17,33.90,12.29,137.00,11.19,0.15,5.50,67.80,24.77,6.46,0.99,0.00,No,Yes,No,Anemic
PID_3917,Male,81,12.00,4.58,35.40,77.30,26.21,33.93,11.91,228.00,10.90,0.25,7.00,61.79,27.11,7.20,3.85,0.00,No,No,No,Anemic
PID_3918,Male,18,12.20,4.64,35.20,75.90,26.33,34.66,11.87,235.00,10.78,0.25,6.70,61.60,26.67,6.97,4.76,0.00,No,No,No,Anemic
PID_3919,Female,81,15.00,5.20,42.69,82.11,28.85,35.18,12.12,127.00,9.90,0.13,6.00,72.42,16.37,9.21,1.96,0.00,No,No,No,Non-Anemic
PID_3920,Female,14,11.00,4.22,32.42,76.84,26.06,33.93,12.26,161.00,10.30,0.17,4.50,80.51,12.76,4.80,1.96,0.00,No,No,No,Anemic
PID_3921,Female,32,10.30,4.59,28.43,61.92,22.44,36.26,12.68,122.00,10.59,0.13,7.60,55.86,34.56,6.70,2.91,0.00,No,No,No,Anemic
PID_3922,Female,70,9.10,4.42,26.55,60.07,20.62,34.27,14.43,238.00,104.97,2.50,6.00,51.12,37.37,6.77,4.76,0.00,No,No,No,Anemic
PID_3923,Male,13,10.20,4.40,30.37,69.00,23.14,33.55,11.73,168.00,9.53,0.16,7.80,67.89,23.75,5.45,2.91,0.00,Yes,No,No,Anemic
PID_3924,Female,45,13.80,5.54,43.04,77.69,24.90,32.08,12.34,115.00,10.50,0.12,4.60,48.26,40.32,6.69,4.76,0.00,No,No,No,Compensated Microcytosis
PID_3925,Female,17,11.80,4.48,35.03,78.17,26.35,33.65,12.18,186.00,9.49,0.18,3.80,62.59,29.70,6.76,0.99,0.00,No,No,No,Anemic
PID_3926,Male,44,10.70,4.34,31.85,73.37,24.63,33.57,11.56,85.00,10.69,0.09,4.50,64.59,23.57,8.93,2.91,0.00,Yes,No,Yes,Anemic
PID_3927,Male,27,15.10,5.17,42.96,83.09,29.20,35.15,12.11,140.00,9.72,0.14,4.70,60.66,27.02,7.55,4.76,0.00,No,No,No,Non-Anemic
PID_3928,Male,24,14.80,5.09,42.83,84.15,29.09,34.56,11.66,199.00,10.08,0.20,8.00,78.66,11.22,7.22,2.91,0.00,No,Yes,No,Non-Anemic
PID_3929,Female,59,15.40,5.28,47.26,89.52,29.14,32.55,11.99,173.00,9.02,0.16,7.10,59.64,28.06,7.56,4.76,0.00,No,No,No,Non-Anemic
PID_3930,Female,26,9.80,3.82,28.65,75.03,25.64,34.19,12.98,144.00,9.67,0.14,8.30,66.20,25.89,4.96,2.91,0.00,No,No,No,Anemic
PID_3931,Male,25,15.50,5.01,44.53,88.90,30.92,34.84,13.41,153.00,8.31,0.13,7.20,68.51,22.54,6.98,1.96,0.00,No,No,No,Non-Anemic
PID_3932,Male,65,11.30,4.47,31.53,70.57,25.32,35.81,12.78,138.00,10.21,0.14,9.80,75.75,12.86,7.50,2.88,0.96,No,No,No,Anemic
PID_3933,Female,20,12.40,4.48,35.36,78.96,27.68,35.04,12.57,197.00,8.57,0.17,6.60,69.65,21.35,6.15,1.94,0.97,Yes,No,Yes,Non-Anemic
PID_3934,Male,32,13.30,4.94,38.09,77.07,26.95,34.94,12.23,182.00,8.87,0.16,6.00,56.68,33.72,6.70,2.91,0.00,Yes,No,No,Compensated Microcytosis
PID_3935,Male,27,12.00,4.71,35.22,74.77,25.48,34.04,12.41,160.00,10.14,0.16,7.20,58.69,28.31,8.25,4.76,0.00,No,No,No,Anemic
PID_3936,Male,17,9.30,3.85,26.98,70.12,24.14,34.47,11.59,161.00,9.42,0.15,6.20,73.53,15.54,6.18,4.76,0.00,No,No,No,Anemic
PID_3937,Female,55,10.80,4.53,30.42,67.20,23.87,35.46,12.90,161.00,9.91,0.16,8.50,63.94,27.39,3.93,4.76,0.00,No,No,No,Anemic
PID_3938,Male,35,10.00,4.63,30.86,66.65,21.59,32.38,12.79,172.00,9.67,0.17,5.30,62.74,28.70,6.58,1.96,0.00,No,No,Yes,Anemic
PID_3939,Male,55,10.40,4.28,30.97,72.36,24.28,33.58,13.03,132.00,10.09,0.13,8.70,70.75,17.32,7.17,4.76,0.00,No,No,No,Anemic
PID_3940,Male,51,8.60,4.94,26.00,52.66,17.37,33.04,13.43,213.00,10.08,0.22,6.70,56.13,32.07,7.07,4.76,0.00,No,No,No,Anemic
PID_3941,Male,43,13.70,4.88,39.76,81.46,28.04,34.49,12.56,131.00,11.29,0.15,7.50,67.56,22.52,6.09,3.85,0.00,No,No,No,Non-Anemic
PID_3942,Female,33,14.40,4.72,40.59,85.98,30.49,35.51,12.79,87.00,8.62,0.07,7.00,69.10,21.45,8.43,0.99,0.00,No,No,No,Non-Anemic
PID_3943,Male,34,10.50,4.13,31.55,76.38,25.42,33.30,10.82,128.00,9.71,0.12,4.50,62.54,25.03,9.54,2.91,0.00,No,No,No,Anemic
PID_3944,Female,36,14.10,4.92,45.29,92.04,28.66,31.10,12.67,160.00,10.23,0.16,6.10,58.20,33.20,7.66,0.99,0.00,No,No,No,Non-Anemic
PID_3945,Female,35,12.50,4.24,37.31,88.00,29.47,33.52,13.30,155.00,9.22,0.14,6.50,57.44,31.22,7.49,3.85,0.00,No,No,Yes,Non-Anemic
PID_3946,Female,27,14.10,5.12,40.18,78.45,27.58,35.07,12.41,181.00,10.58,0.19,8.60,69.33,18.83,8.97,2.91,0.00,No,No,No,Non-Anemic
PID_3947,Male,71,13.60,4.76,39.26,82.46,28.57,34.63,12.58,132.00,10.28,0.14,7.50,67.70,22.11,5.42,4.76,0.00,No,No,No,Non-Anemic
PID_3948,Male,35,14.00,5.07,40.56,79.98,27.63,34.48,11.87,120.00,11.08,0.13,5.10,52.82,35.49,7.89,3.85,0.00,No,No,No,Non-Anemic
PID_3949,Female,35,14.00,5.20,41.59,80.00,26.89,33.66,12.39,189.00,10.30,0.19,9.00,67.14,19.47,8.70,4.76,0.00,No,No,No,Compensated Microcytosis
PID_3950,Male,24,12.30,5.27,37.89,71.88,23.36,32.48,14.82,171.00,9.68,0.17,10.50,65.90,24.02,8.13,1.96,0.00,No,No,No,Anemic
PID_3951,Male,28,12.00,4.83,34.66,71.79,24.88,34.66,12.53,170.00,9.14,0.15,5.50,76.34,12.59,7.19,3.85,0.00,No,No,No,Anemic
PID_3952,Male,52,13.10,5.01,39.70,79.28,26.15,32.99,12.80,171.00,9.99,0.17,7.60,59.25,30.95,7.88,1.96,0.00,No,No,No,Compensated Microcytosis
PID_3953,Female,27,11.60,4.71,31.68,67.29,24.65,36.62,11.92,176.00,10.58,0.19,10.00,74.69,14.71,6.76,3.86,0.00,No,No,No,Anemic
PID_3954,Male,38,12.20,4.88,35.17,72.10,25.02,34.68,12.54,157.00,9.03,0.14,5.50,76.76,12.01,7.37,3.85,0.00,No,No,No,Anemic
PID_3955,Male,57,10.30,5.29,30.93,58.47,19.46,33.33,13.63,37.00,10.82,0.04,7.40,65.78,25.42,6.89,1.96,0.00,No,No,No,Anemic
PID_3956,Male,74,12.20,3.62,36.67,101.33,33.71,33.28,15.72,130.00,9.00,0.12,4.10,58.43,29.80,8.85,2.91,0.00,No,No,Yes,Anemic
PID_3957,Male,32,13.60,4.75,40.13,84.53,28.61,33.90,12.03,148.00,9.34,0.14,6.90,78.30,10.91,9.80,0.99,0.00,No,No,No,Non-Anemic
PID_3958,Female,27,10.50,4.69,31.15,66.41,22.42,33.69,14.88,193.00,9.78,0.19,7.10,60.16,26.77,8.30,4.76,0.00,No,No,No,Anemic
PID_3959,Female,70,14.20,5.24,40.18,76.67,27.06,35.37,13.50,140.00,10.97,0.15,11.60,77.14,10.12,8.97,3.85,0.00,No,No,Yes,Compensated Microcytosis
PID_3960,Female,55,11.90,5.12,34.77,67.87,23.26,34.20,13.97,161.00,10.79,0.17,3.20,46.73,41.40,7.05,4.76,0.00,No,No,No,Anemic
PID_3961,Female,38,9.80,5.19,29.59,57.00,18.88,33.12,14.66,213.00,10.09,0.22,45.70,7.47,89.64,0.94,1.96,0.00,No,No,No,Anemic
PID_3962,Female,62,10.00,5.29,27.57,52.13,18.90,36.30,14.64,40.00,10.28,0.04,6.30,39.11,45.84,10.27,4.76,0.00,No,No,No,Anemic
PID_3963,Female,72,12.00,4.33,35.23,81.34,27.75,34.09,12.54,225.00,8.88,0.20,6.20,68.43,23.13,6.45,1.96,0.00,No,No,No,Non-Anemic
PID_3964,Female,58,13.10,5.07,37.51,73.95,25.84,34.94,12.67,126.00,9.81,0.12,6.70,63.43,22.48,8.52,4.72,0.94,Yes,Yes,No,Compensated Microcytosis
PID_3965,Male,57,9.40,4.05,28.25,69.75,23.19,33.27,11.94,134.00,9.22,0.12,7.70,63.63,24.88,9.50,0.98,0.98,No,No,No,Anemic
PID_3966,Male,40,10.80,4.10,31.36,76.50,26.33,34.46,11.60,153.00,10.03,0.15,6.90,71.80,19.97,7.20,0.99,0.00,No,No,No,Anemic
PID_3967,Female,65,11.90,4.93,34.62,70.20,24.11,34.38,13.89,240.00,9.32,0.22,5.00,55.78,36.70,6.54,0.99,0.00,No,No,No,Anemic
PID_3968,Male,63,14.30,5.16,45.06,87.35,27.69,31.70,12.19,182.00,9.28,0.17,9.00,68.31,24.44,6.25,0.99,0.00,No,No,No,Non-Anemic
PID_3969,Female,40,8.90,4.14,24.44,59.05,21.52,36.43,14.99,275.00,9.84,0.27,7.10,73.05,17.29,8.63,0.99,0.00,No,No,No,Anemic
PID_3970,Female,43,10.20,3.80,28.69,75.53,26.84,35.53,12.64,163.00,9.52,0.15,4.90,72.86,19.55,5.69,0.98,0.98,No,Yes,No,Anemic
PID_3971,Male,65,9.20,3.34,27.44,82.15,27.57,33.51,13.03,107.00,9.74,0.10,4.20,83.04,9.33,5.71,1.96,0.00,No,No,No,Anemic
PID_3972,Male,58,13.20,4.73,40.40,85.43,27.94,32.71,12.60,145.00,9.23,0.13,6.20,55.85,32.00,7.40,3.81,0.95,Yes,No,No,Non-Anemic
PID_3973,Male,57,13.00,4.81,37.77,78.49,27.02,34.43,11.77,180.00,9.83,0.18,13.10,74.94,12.14,8.11,4.78,0.00,No,No,No,Compensated Microcytosis
PID_3974,Male,15,12.80,4.57,37.53,82.16,27.97,34.14,11.99,177.00,8.47,0.15,4.50,71.34,16.70,10.01,0.98,0.98,No,No,No,Anemic
PID_3975,Female,49,11.10,4.29,32.24,75.13,25.86,34.44,12.31,152.00,9.08,0.14,6.80,62.66,29.73,5.67,1.96,0.00,No,No,No,Anemic
PID_3976,Male,42,9.80,4.40,28.63,65.06,22.27,34.24,15.36,142.00,9.37,0.13,4.00,65.37,23.64,9.04,1.96,0.00,No,No,No,Anemic
PID_3977,Male,22,10.40,4.71,30.05,63.76,22.07,34.65,12.09,205.00,9.23,0.19,4.70,60.39,28.33,8.38,1.94,0.97,No,No,No,Anemic
PID_3978,Male,28,10.90,4.34,30.50,70.24,25.09,35.73,11.70,119.00,10.72,0.13,3.80,52.61,35.19,8.33,3.85,0.00,No,No,Yes,Anemic
PID_3979,Male,52,12.70,4.79,36.62,76.46,26.51,34.66,13.29,247.00,8.96,0.22,6.50,61.84,26.48,6.95,4.76,0.00,No,No,No,Anemic
PID_3980,Male,22,10.50,4.02,32.07,79.79,26.10,32.77,12.63,208.00,8.32,0.17,7.60,62.68,24.55,8.95,3.85,0.00,Yes,No,No,Anemic
PID_3981,Male,11,12.90,4.44,36.20,81.52,29.09,35.68,12.40,140.00,9.13,0.13,8.70,83.30,7.07,6.69,2.91,0.00,No,No,No,Anemic
PID_3982,Female,48,12.50,5.39,34.75,64.48,23.16,35.95,15.63,143.00,7.97,0.11,8.50,79.42,9.68,8.94,1.96,0.00,No,Yes,No,Compensated Microcytosis
PID_3983,Female,35,9.00,3.95,23.82,60.32,22.81,37.81,14.02,157.00,8.16,0.13,5.30,64.45,27.48,5.18,2.91,0.00,No,No,No,Anemic
PID_3984,Female,60,10.70,4.16,32.77,78.74,25.73,32.65,11.97,150.00,9.14,0.14,6.80,78.92,11.21,8.91,0.99,0.00,No,Yes,No,Anemic
PID_3985,Male,30,10.10,4.46,29.45,66.00,22.68,34.27,15.82,176.00,8.77,0.15,11.70,72.14,16.81,9.98,0.99,0.00,No,No,No,Anemic
PID_3986,Female,40,5.90,2.37,18.73,79.01,24.87,31.51,11.84,89.00,89.99,0.80,2.80,80.95,7.78,7.40,3.85,0.00,No,No,No,Anemic
PID_3987,Male,35,8.70,4.35,25.10,57.70,20.01,34.63,16.56,169.00,9.78,0.17,6.50,66.32,18.10,10.87,4.76,0.00,No,No,No,Anemic
PID_3988,Female,60,9.80,3.53,29.39,83.28,27.78,33.35,11.49,145.00,9.48,0.14,10.00,75.86,14.40,6.92,2.91,0.00,No,Yes,No,Anemic
PID_3989,Male,34,9.70,4.57,26.72,58.48,21.22,36.32,15.40,238.00,9.31,0.22,8.00,69.58,15.22,10.40,4.76,0.00,No,No,No,Anemic
PID_3990,Female,16,14.70,5.50,44.45,80.80,26.76,33.03,13.60,139.00,10.63,0.15,4.70,65.41,20.69,10.12,3.85,0.00,No,No,No,Compensated Microcytosis
PID_3991,Female,35,9.80,4.77,30.65,64.29,20.56,31.96,11.79,259.00,10.50,0.27,14.30,71.29,18.68,9.02,0.99,0.00,No,No,No,Anemic
PID_3992,Female,52,9.30,3.31,27.82,84.06,28.10,33.44,11.80,160.00,8.44,0.13,6.00,71.72,20.17,3.35,4.76,0.00,No,Yes,No,Anemic
PID_3993,Female,42,13.10,4.77,41.42,86.80,27.43,31.64,12.21,169.00,10.09,0.17,2.70,47.16,41.36,6.78,4.76,0.00,No,No,No,Non-Anemic
PID_3994,Female,48,10.70,3.99,30.66,76.88,26.84,34.87,11.60,226.00,9.11,0.21,14.00,62.87,28.92,7.22,0.99,0.00,No,No,No,Anemic
PID_3995,Male,50,9.10,3.60,28.87,80.19,25.25,31.50,13.74,76.00,10.51,0.08,4.00,70.41,18.44,8.25,2.91,0.00,No,No,Yes,Anemic
PID_3996,Male,38,8.80,3.52,25.86,73.49,24.98,34.02,13.62,80.00,10.60,0.08,4.00,74.65,15.36,9.03,0.99,0.00,No,No,No,Anemic
PID_3997,Male,78,14.00,4.84,44.44,91.80,28.95,31.51,11.31,125.00,10.13,0.13,11.80,77.55,9.70,8.02,4.76,0.00,No,No,No,Non-Anemic
PID_3998,Male,30,12.50,4.46,37.19,83.40,28.05,33.58,13.16,193.00,9.71,0.19,2.40,64.28,25.60,7.18,2.91,0.00,No,No,No,Anemic
PID_3999,Male,60,14.40,5.53,40.03,72.36,26.02,35.95,15.07,151.00,10.19,0.15,6.10,94.93,3.39,1.23,0.42,0.00,No,No,No,Compensated Microcytosis
PID_4000,Female,30,14.60,5.07,42.40,83.65,28.83,34.44,11.96,120.00,9.40,0.11,5.70,56.84,32.03,6.38,4.76,0.00,No,No,No,Non-Anemic
PID_4001,Female,38,12.10,5.73,36.71,64.03,21.10,32.98,12.61,136.00,10.12,0.14,14.00,71.45,17.87,6.81,3.85,0.00,No,No,No,Compensated Microcytosis
PID_4002,Male,28,11.30,4.95,33.27,67.21,22.80,33.94,12.42,191.00,9.38,0.18,3.40,67.20,22.79,5.21,4.76,0.00,No,No,No,Anemic
PID_4003,Male,14,10.60,4.60,31.16,67.70,23.05,34.02,11.98,134.00,11.42,0.15,2.70,65.45,24.39,8.11,1.96,0.00,No,No,Yes,Anemic
PID_4004,Male,24,11.50,5.02,33.27,66.26,22.90,34.56,13.09,193.00,10.23,0.20,8.40,58.73,30.41,7.01,3.85,0.00,No,No,No,Anemic
PID_4005,Female,38,9.40,3.99,29.05,72.80,23.52,32.32,11.74,210.00,9.10,0.19,7.40,70.55,20.71,5.86,2.91,0.00,Yes,No,No,Anemic
PID_4006,Male,80,10.00,4.35,28.81,66.24,22.97,34.70,12.29,242.00,8.40,0.20,11.80,70.95,18.72,6.42,3.85,0.00,No,No,No,Anemic
PID_4007,Male,78,10.60,4.44,34.47,77.65,23.89,30.79,13.57,153.00,10.36,0.16,7.00,74.05,14.85,8.18,2.91,0.00,No,No,No,Anemic
PID_4008,Male,54,11.90,4.86,35.80,73.63,24.52,33.21,11.79,164.00,9.30,0.15,5.90,73.27,18.45,5.30,2.91,0.00,No,No,No,Anemic
PID_4009,Male,26,8.70,4.22,26.04,61.74,20.61,33.39,14.13,223.00,9.40,0.21,6.40,64.03,24.24,7.85,3.85,0.00,No,No,No,Anemic
PID_4010,Female,24,10.10,4.70,29.06,61.80,21.47,34.78,15.06,142.00,8.83,0.12,10.30,56.74,28.26,12.17,2.91,0.00,No,Yes,No,Anemic
PID_4011,Female,57,11.30,4.38,33.21,75.81,25.80,34.05,13.69,161.00,9.53,0.15,5.70,63.22,26.85,6.98,2.91,0.00,No,No,No,Anemic
PID_4012,Male,78,11.90,5.10,36.83,72.23,23.35,32.31,12.60,174.00,9.66,0.17,9.40,76.11,15.90,6.05,1.96,0.00,No,No,No,Anemic
PID_4013,Female,13,12.50,4.80,38.09,79.37,26.03,32.78,11.97,176.00,9.70,0.17,5.50,71.16,17.97,6.06,4.76,0.00,No,No,No,Compensated Microcytosis
PID_4014,Male,65,10.50,4.22,30.67,72.70,24.86,34.22,12.74,192.00,9.27,0.18,9.90,74.99,11.26,8.08,4.72,0.94,No,No,No,Anemic
PID_4015,Female,24,17.50,4.74,51.61,108.88,36.88,33.93,13.06,107.00,9.90,0.11,5.20,63.65,27.43,6.93,1.96,0.00,No,No,No,Non-Anemic
PID_4016,Male,27,7.40,4.40,22.22,50.49,16.78,33.33,14.06,118.00,8.72,0.10,15.40,72.22,14.16,9.79,3.85,0.00,No,No,No,Anemic
PID_4017,Female,23,11.60,4.43,34.71,78.30,26.22,33.42,12.83,171.00,8.92,0.15,7.60,63.08,26.92,9.01,0.99,0.00,No,No,No,Anemic
PID_4018,Male,22,8.10,4.23,23.25,54.95,19.11,34.80,14.72,151.00,9.33,0.14,4.20,58.19,33.74,7.07,0.99,0.00,No,No,No,Anemic
PID_4019,Female,47,12.90,4.44,38.65,87.04,29.04,33.41,12.42,140.00,9.09,0.13,8.70,52.28,4.46,42.07,1.22,0.00,No,No,No,Non-Anemic
PID_4020,Male,54,10.00,5.59,29.50,52.76,17.91,33.93,13.62,203.00,13.60,0.28,8.30,68.96,19.58,9.53,1.96,0.00,No,No,No,Anemic
PID_4021,Male,65,9.80,3.72,26.77,71.99,26.31,36.58,12.23,125.00,9.10,0.11,5.40,79.26,10.94,6.93,2.91,0.00,No,No,No,Anemic
PID_4022,Male,50,11.40,4.26,35.30,82.89,26.77,32.26,11.79,231.00,10.00,0.23,9.00,71.39,16.74,10.86,0.99,0.00,No,No,No,Anemic
PID_4023,Female,17,13.10,5.08,41.22,81.17,25.76,31.79,13.33,192.00,9.92,0.19,5.10,77.03,11.05,8.06,3.85,0.00,No,No,No,Compensated Microcytosis
PID_4024,Male,24,10.50,4.02,30.05,74.78,26.08,34.91,12.59,208.00,8.27,0.17,7.60,62.67,24.53,8.94,3.85,0.00,No,No,No,Anemic
PID_4025,Male,46,12.90,4.44,38.87,87.52,29.09,33.20,12.41,140.00,9.08,0.13,8.70,84.94,7.23,6.84,0.99,0.00,No,No,No,Anemic
PID_4026,Female,35,8.20,4.52,24.39,53.95,18.15,33.60,12.91,176.00,9.28,0.16,5.00,62.76,28.34,7.89,0.99,0.00,No,No,No,Anemic
PID_4027,Male,47,10.90,4.22,32.97,78.13,25.85,33.03,14.71,419.00,9.88,0.41,8.90,71.78,13.98,11.98,2.26,0.00,No,No,No,Anemic
PID_4028,Male,62,10.20,4.68,30.28,64.73,21.79,33.72,13.59,170.00,10.38,0.18,6.40,66.11,22.25,9.68,1.96,0.00,No,No,No,Anemic
PID_4029,Female,40,9.30,4.51,25.89,57.44,20.60,35.96,15.44,135.00,10.12,0.14,2.00,60.16,33.16,4.70,1.96,0.00,Yes,No,No,Anemic
PID_4030,Male,37,9.30,4.50,26.60,59.08,20.64,34.93,14.58,127.00,9.84,0.12,14.70,9.53,88.01,0.45,1.96,0.00,No,No,Yes,Anemic
PID_4031,Male,38,9.30,4.62,26.55,57.48,20.13,35.01,16.13,134.00,9.96,0.13,2.00,61.33,29.24,4.63,4.76,0.00,No,No,No,Anemic
PID_4032,Female,12,12.20,4.56,37.77,82.80,26.74,32.32,12.67,205.00,9.89,0.20,13.40,57.78,28.00,10.34,3.85,0.00,No,Yes,No,Compensated Microcytosis
PID_4033,Male,29,14.50,5.28,44.45,84.16,27.47,32.58,12.37,143.00,8.72,0.12,7.40,66.86,20.88,8.47,3.85,0.00,No,No,No,Non-Anemic
PID_4034,Male,50,13.60,4.89,44.45,90.91,27.85,30.59,12.57,137.00,10.09,0.14,8.50,72.15,15.13,9.79,2.91,0.00,No,No,No,Non-Anemic
PID_4035,Female,27,11.50,4.81,34.82,72.38,23.91,33.03,14.77,214.00,10.82,0.23,11.20,67.24,18.51,12.25,1.96,0.00,No,No,No,Anemic
PID_4036,Male,62,11.60,4.64,33.00,71.15,24.98,35.11,12.40,155.00,10.63,0.16,3.60,49.54,39.06,6.70,4.76,0.00,No,No,No,Anemic
PID_4037,Female,36,11.00,4.24,31.77,74.95,25.97,34.64,12.93,119.00,9.32,0.11,4.20,70.70,16.17,8.37,4.76,0.00,No,No,No,Anemic
PID_4038,Male,28,12.50,4.80,37.05,77.24,26.06,33.71,13.01,267.00,10.36,0.28,5.60,60.76,29.15,6.29,3.85,0.00,No,No,No,Anemic
PID_4039,Female,60,12.00,5.55,35.32,63.63,21.63,33.96,11.92,141.00,11.23,0.16,5.80,53.69,36.47,7.83,1.96,0.00,No,No,No,Compensated Microcytosis
PID_4040,Female,60,12.70,4.90,38.28,78.13,25.89,33.20,12.27,247.00,9.41,0.23,5.50,59.98,30.30,6.81,2.91,0.00,Yes,No,No,Compensated Microcytosis
PID_4041,Female,48,9.00,4.77,26.28,55.11,18.83,34.23,13.09,111.00,11.19,0.12,2.60,69.98,20.98,7.08,1.96,0.00,No,No,No,Anemic
PID_4042,Male,80,13.50,4.87,38.66,79.39,27.69,34.95,13.31,155.00,8.10,0.13,15.00,79.39,12.01,7.66,0.99,0.00,No,No,No,Non-Anemic
PID_4043,Male,55,13.40,4.70,41.80,88.97,28.49,32.03,12.11,92.00,9.66,0.09,3.70,69.50,16.93,11.54,1.96,0.00,No,Yes,No,Non-Anemic
PID_4044,Male,25,14.40,5.70,41.91,73.56,25.27,34.40,12.91,273.00,9.59,0.26,21.20,79.52,13.75,5.74,0.99,0.00,No,No,No,Compensated Microcytosis
PID_4045,Female,31,12.50,4.46,35.59,79.82,28.05,35.14,12.59,127.00,9.86,0.13,3.80,74.07,15.08,9.89,0.99,0.00,No,No,No,Non-Anemic
PID_4046,Female,72,11.60,4.62,34.62,74.96,25.10,33.51,11.72,94.00,11.09,0.10,6.10,59.53,31.26,6.33,2.91,0.00,No,No,No,Anemic
PID_4047,Female,32,13.20,5.28,37.89,71.75,25.02,34.86,13.82,161.00,10.90,0.18,6.10,52.33,35.95,7.84,3.85,0.00,No,No,No,Compensated Microcytosis
PID_4048,Male,21,12.80,5.50,34.25,62.28,23.26,37.36,14.09,153.00,9.12,0.14,8.00,71.69,16.41,10.03,1.96,0.00,No,No,No,Anemic
PID_4049,Male,16,14.70,5.07,43.40,85.63,28.95,33.85,12.23,119.00,10.07,0.12,3.50,58.80,30.72,9.47,0.99,0.00,No,No,No,Non-Anemic
PID_4050,Male,53,13.40,5.12,38.87,75.92,26.18,34.45,12.22,233.00,9.59,0.22,6.60,55.20,33.34,9.49,1.96,0.00,No,No,No,Compensated Microcytosis
PID_4051,Female,38,14.80,4.99,44.69,89.56,29.63,33.11,11.78,118.00,9.57,0.11,8.00,76.58,7.53,12.10,3.85,0.00,No,No,No,Non-Anemic
PID_4052,Male,30,9.20,3.34,26.89,80.51,27.51,34.21,13.01,107.00,9.66,0.10,4.20,81.48,9.10,5.54,3.85,0.00,No,No,No,Anemic
PID_4053,Female,60,8.70,3.59,25.18,70.15,24.26,34.53,13.32,122.00,8.58,0.10,8.50,68.10,18.70,8.50,4.76,0.00,No,No,No,Anemic
PID_4054,Female,45,11.70,4.40,34.18,77.68,26.57,34.23,12.52,210.00,10.70,0.22,5.20,57.21,31.72,7.22,3.85,0.00,No,No,No,Anemic
PID_4055,Male,65,14.90,5.22,45.46,87.10,28.54,32.77,12.03,132.00,10.31,0.14,3.20,54.00,34.25,7.87,2.88,0.96,No,No,No,Non-Anemic
PID_4056,Female,20,10.00,3.81,29.20,76.63,26.27,34.25,11.61,135.00,8.73,0.12,15.40,80.36,9.78,8.81,0.99,0.00,Yes,Yes,No,Anemic
PID_4057,Male,32,9.60,3.44,26.85,78.02,27.91,35.75,12.57,133.00,9.59,0.13,2.80,42.11,44.59,7.61,4.72,0.94,No,No,No,Anemic
PID_4058,Male,75,10.50,4.07,30.40,74.67,25.82,34.56,12.49,126.00,10.62,0.13,5.60,63.43,25.01,7.68,2.88,0.96,No,No,No,Anemic
PID_4059,Male,29,11.20,3.85,31.86,82.76,29.08,35.16,13.37,243.00,9.61,0.23,8.50,61.17,27.28,9.58,1.96,0.00,No,No,No,Anemic
PID_4060,Male,66,8.50,3.82,25.21,65.97,22.22,33.70,14.09,314.00,8.72,0.27,7.10,70.36,16.38,8.46,3.81,0.95,No,No,No,Anemic
PID_4061,Male,70,11.80,4.28,33.81,78.97,27.60,34.86,11.58,126.00,9.78,0.12,6.00,74.19,15.15,9.67,0.99,0.00,No,No,Yes,Anemic
PID_4062,Male,16,9.60,3.91,27.96,71.52,24.53,34.33,11.90,171.00,9.98,0.17,3.40,62.98,26.41,7.65,1.94,0.97,No,No,No,Anemic
PID_4063,Male,40,11.30,3.56,34.39,96.61,31.72,32.89,14.18,192.00,9.72,0.19,7.20,65.48,19.85,9.03,4.72,0.94,No,No,No,Anemic
PID_4064,Male,38,12.30,4.38,35.77,81.67,28.12,34.36,11.43,171.00,9.31,0.16,4.70,59.33,26.49,9.43,4.76,0.00,No,No,No,Anemic
PID_4065,Male,38,12.20,5.36,37.18,69.36,22.79,32.83,13.33,149.00,9.71,0.14,3.10,67.98,19.17,7.16,4.72,0.94,No,No,No,Anemic
PID_4066,Male,62,9.60,4.45,28.88,64.87,21.59,33.22,11.80,280.00,10.44,0.29,13.80,69.69,18.16,8.23,2.88,0.96,No,No,No,Anemic
PID_4067,Male,87,10.70,3.58,31.26,87.31,29.86,34.23,11.87,171.00,9.97,0.17,8.80,69.44,20.97,6.68,2.91,0.00,No,No,No,Anemic
PID_4068,Male,54,11.60,4.82,33.76,70.01,24.07,34.34,13.76,177.00,9.87,0.18,6.20,57.00,34.95,7.00,0.99,0.00,No,No,No,Anemic
PID_4069,Male,72,11.90,4.09,36.53,89.32,29.12,32.57,12.49,17.00,10.70,0.02,6.30,72.14,15.48,8.56,3.81,0.00,No,No,No,Anemic
PID_4070,Female,65,10.80,3.94,30.63,77.74,27.43,35.26,12.02,224.00,9.46,0.21,5.80,63.05,26.15,5.15,4.72,0.94,No,Yes,No,Anemic
PID_4071,Female,61,11.40,4.07,32.87,80.74,28.01,34.71,12.49,126.00,10.62,0.13,5.60,59.12,28.77,7.73,4.48,0.00,Yes,No,No,Anemic
PID_4072,Female,70,11.60,4.82,34.99,72.58,24.09,33.19,13.81,177.00,9.92,0.18,6.20,56.49,34.63,6.96,1.96,0.00,No,No,No,Anemic
PID_4073,Male,52,10.70,3.58,33.28,92.96,29.89,32.17,11.94,177.00,10.00,0.18,8.80,70.11,21.21,6.78,1.96,0.00,No,No,Yes,Anemic
PID_4074,Male,55,9.20,3.34,27.20,81.45,27.53,33.85,13.00,107.00,9.68,0.10,7.20,72.68,18.01,4.97,4.29,0.00,No,No,No,Anemic
PID_4075,Female,60,9.00,3.80,26.89,70.77,23.69,33.45,12.59,163.00,9.49,0.15,4.20,68.31,18.29,8.77,4.60,0.00,No,Yes,No,Anemic
PID_4076,Female,33,11.30,4.38,33.10,75.57,25.80,34.10,13.69,161.00,9.71,0.16,6.80,62.45,26.61,7.14,3.84,0.00,Yes,No,No,Anemic
PID_4077,Female,57,11.30,3.56,33.67,94.61,31.77,33.56,14.19,192.00,19.73,0.38,7.20,67.40,20.36,9.32,2.91,0.00,No,No,No,Anemic
PID_4078,Female,35,12.30,4.38,38.94,88.90,28.08,31.56,44.71,171.00,9.31,0.16,4.70,61.10,27.23,9.68,1.96,0.00,No,Yes,No,Compensated Microcytosis
PID_4079,Male,73,12.20,5.36,36.38,67.84,22.76,33.54,13.31,149.00,9.69,0.14,3.10,69.99,19.74,7.42,2.91,0.00,Yes,No,No,Anemic
PID_4080,Female,57,14.80,4.99,44.00,88.21,29.69,33.63,11.83,118.00,9.63,0.11,8.00,76.53,7.49,12.10,3.85,0.00,No,No,No,Non-Anemic
PID_4081,Female,58,13.40,5.12,38.55,75.28,26.17,34.77,11.83,233.00,9.59,0.22,6.60,71.43,9.88,12.35,6.35,0.00,No,Yes,No,Compensated Microcytosis
PID_4082,Male,71,14.70,5.07,44.33,87.45,28.99,33.19,12.22,119.00,10.12,0.12,3.50,55.07,30.33,11.75,2.93,0.00,No,No,No,Non-Anemic
PID_4083,Male,62,13.20,5.28,36.65,69.44,25.00,35.99,13.83,161.00,10.90,0.18,6.10,51.79,35.63,7.84,4.76,0.00,No,No,No,Compensated Microcytosis
PID_4084,Male,65,11.60,4.62,36.59,79.17,25.12,31.68,11.69,94.00,11.14,0.10,6.10,58.40,30.65,6.18,4.76,0.00,No,No,No,Anemic
PID_4085,Male,65,12.50,4.46,35.14,78.82,28.01,35.61,12.60,127.00,918.99,11.67,3.80,74.05,15.06,9.91,0.99,0.00,No,No,No,Anemic
PID_4086,Female,74,14.40,5.70,42.69,74.88,25.28,33.69,12.90,273.00,9.56,0.26,21.20,77.95,13.47,5.65,2.91,0.00,No,Yes,No,Compensated Microcytosis
PID_4087,Female,75,9.50,3.84,27.12,70.64,24.76,35.01,13.63,160.00,10.77,0.17,4.90,68.18,20.14,8.80,2.91,0.00,No,No,No,Anemic
PID_4088,Male,57,14.30,5.22,41.94,80.36,27.43,34.07,12.98,108.00,9.68,0.10,3.50,62.05,28.25,5.83,3.86,0.00,No,No,No,Non-Anemic
PID_4089,Male,65,8.80,4.60,24.88,54.10,19.10,35.39,14.60,91.00,10.88,0.10,4.60,64.61,24.05,6.60,4.74,0.00,Yes,No,No,Anemic
PID_4090,Female,69,10.90,4.56,32.50,71.32,23.92,33.57,14.64,77.00,9.89,0.08,4.50,59.62,33.75,5.75,0.83,0.00,No,No,No,Anemic
PID_4091,Male,48,14.50,4.92,44.37,90.20,29.50,32.68,13.78,127.00,8.20,0.10,13.70,58.84,29.27,7.12,4.76,0.00,No,No,Yes,Non-Anemic
PID_4092,Female,69,5.90,2.37,16.52,69.71,24.87,35.73,16.62,169.00,9.81,0.17,2.80,68.27,18.60,11.16,1.96,0.00,No,No,No,Anemic
PID_4093,Male,57,10.20,3.80,30.12,79.22,26.81,33.83,12.63,163.00,9.49,0.15,4.90,72.80,19.53,5.66,1.96,0.00,No,No,No,Anemic
PID_4094,Male,65,9.70,4.55,28.31,62.19,21.31,34.26,12.60,137.00,9.11,0.12,10.10,75.45,13.14,7.49,3.85,0.00,No,No,Yes,Anemic
PID_4095,Female,22,10.20,4.85,28.75,59.27,21.02,35.52,14.98,173.00,8.92,0.15,8.90,72.69,12.68,9.89,4.76,0.00,No,Yes,No,Anemic
PID_4096,Male,35,12.20,5.23,37.24,71.22,23.31,32.77,14.37,166.00,9.61,0.16,6.00,64.19,24.75,8.18,2.91,0.00,No,No,No,Anemic
PID_4097,Male,47,8.60,4.99,24.77,49.62,17.27,34.68,13.21,233.00,10.50,0.24,4.00,52.40,40.60,6.04,0.99,0.00,No,No,No,Anemic
PID_4098,Female,49,9.70,4.55,29.14,64.00,21.33,33.33,12.62,137.00,9.00,0.12,9.10,75.48,13.17,7.53,3.85,0.00,Yes,No,No,Anemic
PID_4099,Female,35,8.30,4.04,24.53,60.74,20.51,33.82,15.03,184.00,8.74,0.16,10.30,73.98,15.22,7.84,2.91,0.00,No,No,No,Anemic
PID_4100,Female,30,9.30,4.76,27.28,57.36,19.55,34.05,40.08,293.00,9.92,0.29,9.80,74.12,15.80,8.10,1.96,0.00,No,No,No,Anemic
PID_4101,Male,55,11.80,4.24,36.65,86.41,27.81,32.18,12.28,272.00,10.04,0.27,2.90,56.31,33.69,8.02,1.96,0.00,No,No,No,Anemic
PID_4102,Male,50,9.30,4.76,28.13,59.10,19.54,33.03,40.02,290.00,9.92,0.29,9.70,73.45,15.57,8.07,2.92,0.00,Yes,No,No,Anemic
PID_4103,Female,72,9.30,4.76,26.11,54.86,19.56,35.59,40.21,193.00,9.93,0.19,9.90,75.00,15.79,8.19,0.99,0.00,No,No,No,Anemic
PID_4104,Male,70,10.70,3.58,30.52,85.25,29.90,35.04,39.00,170.00,10.03,0.17,8.80,70.13,21.16,6.79,1.96,0.00,No,Yes,No,Anemic
PID_4105,Male,27,9.60,4.54,28.30,62.35,21.15,33.91,11.80,280.00,10.43,0.29,13.00,69.13,17.11,9.05,4.75,0.00,No,No,No,Anemic
PID_4106,Male,58,13.20,4.77,38.49,80.68,27.64,34.28,12.18,169.00,10.08,0.17,2.70,48.09,42.17,6.89,2.91,0.00,No,No,No,Non-Anemic
PID_4107,Male,80,11.60,4.82,34.48,71.54,24.10,33.67,13.82,177.00,9.86,0.18,6.20,56.17,34.11,6.75,2.93,0.00,No,No,No,Anemic
PID_4108,Male,50,9.90,4.40,27.79,63.18,22.51,35.62,10.56,133.00,9.62,0.13,8.40,62.29,28.59,7.13,1.96,0.00,No,No,No,Anemic
PID_4109,Male,45,7.40,3.34,21.92,65.65,22.18,33.76,11.00,125.00,10.74,0.13,7.40,71.76,18.80,8.41,0.99,0.00,No,No,Yes,Anemic
PID_4110,Female,65,10.30,4.27,30.05,70.37,24.11,34.30,12.33,244.00,9.70,0.24,12.90,71.80,14.73,8.63,4.76,0.00,No,Yes,No,Anemic
PID_4111,Female,76,14.10,4.73,39.86,84.23,29.84,35.35,13.72,214.00,7.71,0.16,7.60,66.83,21.10,7.10,4.40,0.50,No,No,No,Non-Anemic
PID_4112,Female,20,13.70,4.52,41.43,91.68,30.29,33.07,11.66,270.00,8.59,0.23,7.50,38.94,37.76,8.07,14.89,0.30,No,No,Yes,Non-Anemic
PID_4113,Male,24,9.30,4.77,25.93,54.34,19.46,35.91,15.30,471.00,7.83,0.37,8.80,24.08,57.69,6.16,11.40,0.60,No,No,No,Anemic
PID_4114,Male,28,14.50,5.13,45.08,87.86,28.30,32.19,13.13,209.00,10.38,0.22,5.90,52.21,37.83,6.22,3.40,0.40,Yes,No,No,Non-Anemic
PID_4115,Female,14,13.10,4.22,36.43,86.32,31.08,35.97,12.78,453.00,7.73,0.35,9.60,75.26,19.41,3.42,2.00,0.00,No,No,No,Non-Anemic
PID_4116,Female,16,13.40,4.60,39.94,86.82,29.09,33.54,14.33,244.00,8.22,0.20,4.90,43.23,46.78,8.49,0.80,0.70,No,Yes,No,Non-Anemic
PID_4117,Female,62,15.10,4.73,44.80,94.68,31.91,33.75,12.18,228.00,7.49,0.17,5.40,44.18,42.69,9.13,3.10,0.90,No,No,No,Non-Anemic
PID_4118,Male,42,13.50,4.44,42.54,95.83,30.40,31.73,12.47,311.00,8.64,0.27,8.80,60.68,28.39,8.90,1.50,0.60,No,Yes,No,Non-Anemic
PID_4119,Female,28,15.40,5.00,46.03,92.04,30.77,33.49,13.69,167.00,9.39,0.16,4.60,43.80,41.30,10.48,3.40,1.00,No,No,No,Non-Anemic
PID_4120,Female,59,16.30,5.55,49.77,89.66,29.37,32.74,11.83,259.00,6.21,0.16,5.40,45.16,38.76,12.31,3.70,0.10,No,No,No,Non-Anemic
PID_4121,Male,28,16.00,5.76,48.09,83.53,27.81,33.30,13.57,357.00,7.93,0.28,10.20,63.57,23.66,8.95,3.19,0.60,No,No,No,Non-Anemic
PID_4122,Female,60,16.80,5.53,49.65,89.76,30.40,33.85,14.36,228.00,8.81,0.20,11.60,82.28,13.12,3.80,0.40,0.40,No,Yes,No,Non-Anemic
PID_4123,Female,22,16.60,5.32,47.23,88.76,31.18,35.12,12.41,160.00,8.98,0.14,9.10,62.47,29.78,5.62,1.70,0.40,No,No,No,Non-Anemic
PID_4124,Female,64,13.30,4.14,38.83,93.77,32.11,34.24,11.91,255.00,7.70,0.20,7.60,72.02,20.80,5.62,1.00,0.60,No,No,No,Non-Anemic
PID_4125,Male,78,10.90,3.57,31.71,88.83,30.54,34.41,14.13,219.00,8.00,0.18,7.40,64.63,28.02,6.32,0.60,0.50,No,No,No,Anemic
PID_4126,Female,57,12.40,4.84,37.94,78.42,25.65,32.69,14.18,434.00,7.84,0.34,7.60,27.54,48.94,16.78,5.91,0.80,No,Yes,No,Compensated Microcytosis
PID_4127,Male,51,11.10,3.99,33.69,84.46,27.83,32.90,13.32,435.00,6.62,0.29,8.60,32.60,57.54,8.42,1.30,0.20,No,No,No,Anemic
PID_4128,Female,50,14.50,4.53,40.10,88.52,32.02,36.13,11.38,220.00,7.99,0.18,5.60,61.60,28.07,9.11,1.00,0.20,No,No,No,Non-Anemic
PID_4129,Male,77,16.40,5.36,49.52,92.43,30.58,33.12,12.52,277.00,7.89,0.22,8.10,64.90,24.01,8.91,1.90,0.30,No,No,Yes,Non-Anemic
PID_4130,Male,40,13.90,4.54,38.62,85.11,30.65,35.95,11.90,361.00,9.14,0.33,4.90,57.12,34.78,6.11,1.20,0.80,No,No,No,Non-Anemic
PID_4131,Male,53,13.70,5.02,40.64,80.97,27.31,33.71,13.08,306.00,8.38,0.26,5.10,62.57,24.13,11.27,1.20,0.80,No,No,No,Non-Anemic
PID_4132,Female,55,14.70,4.34,43.23,99.64,33.89,33.97,12.69,331.00,8.72,0.29,9.40,51.49,39.04,7.40,1.50,0.60,No,No,No,Non-Anemic
PID_4133,Male,57,13.40,4.31,37.98,88.10,31.12,35.26,11.68,337.00,7.02,0.24,7.80,53.06,33.01,8.28,4.90,0.70,No,No,No,Non-Anemic
PID_4134,Male,36,12.50,4.07,35.19,86.47,30.70,35.56,12.09,297.00,6.90,0.20,6.50,50.72,40.53,6.33,1.70,0.80,No,Yes,No,Anemic
PID_4135,Female,25,14.90,5.22,44.00,84.27,28.54,33.88,12.64,117.00,13.22,0.15,6.60,65.03,19.10,13.82,1.70,0.40,No,No,No,Non-Anemic
PID_4136,Male,80,15.80,4.81,47.12,97.94,32.88,33.55,13.77,232.00,9.90,0.23,9.50,88.99,4.47,5.70,0.60,0.20,No,No,No,Non-Anemic
PID_4137,Male,28,11.70,4.48,34.48,76.98,26.15,33.94,11.80,347.00,8.30,0.29,6.00,39.53,47.36,8.70,3.40,1.00,No,No,No,Anemic
PID_4138,Female,30,12.40,4.46,36.04,80.77,27.81,34.42,12.99,296.00,8.22,0.24,8.60,60.02,30.31,8.77,0.60,0.30,No,No,Yes,Non-Anemic
PID_4139,Female,25,15.30,5.16,43.63,84.56,29.66,35.07,11.52,209.00,9.20,0.19,8.60,65.02,26.14,6.46,1.60,0.70,No,No,No,Non-Anemic
PID_4140,Female,35,12.40,4.32,36.47,84.38,28.69,34.02,11.78,373.00,8.31,0.31,7.60,58.57,30.26,7.87,2.50,0.80,Yes,No,No,Non-Anemic
PID_4141,Male,56,12.20,4.55,35.12,77.17,26.81,34.75,12.48,431.00,7.51,0.32,8.90,41.25,43.18,8.99,5.79,0.80,No,No,No,Anemic
PID_4142,Male,57,12.50,4.61,34.76,75.42,27.11,35.94,13.89,335.00,8.37,0.28,11.10,20.24,60.80,15.37,3.10,0.40,No,No,No,Anemic
PID_4143,Male,40,11.40,4.32,33.08,76.59,26.42,34.43,13.94,347.00,7.11,0.25,5.90,46.41,41.70,8.81,2.30,0.80,No,No,No,Anemic
PID_4144,Male,70,11.80,4.15,34.33,82.76,28.46,34.35,12.40,317.00,8.70,0.28,10.40,58.62,33.41,5.01,2.50,0.50,No,No,No,Anemic
PID_4145,Male,42,11.90,4.11,36.98,90.01,28.94,32.16,13.11,305.00,6.61,0.20,9.70,42.42,46.35,9.43,1.00,0.80,No,Yes,No,Anemic
PID_4146,Female,14,12.90,4.69,41.82,89.17,27.49,30.86,11.97,299.00,7.69,0.23,5.50,48.48,37.35,11.57,2.30,0.30,No,No,No,Non-Anemic
PID_4147,Male,79,12.90,3.99,37.43,93.79,32.32,34.43,11.92,291.00,8.53,0.25,7.10,64.23,22.29,11.20,2.00,0.30,No,No,No,Anemic
PID_4148,Female,65,13.60,4.53,40.13,88.61,30.00,33.92,12.41,305.00,8.10,0.25,6.80,59.32,32.68,5.81,1.30,0.90,No,No,No,Non-Anemic
PID_4149,Male,63,13.60,4.88,40.74,83.46,27.86,33.39,16.32,197.00,9.82,0.19,6.50,46.03,37.17,11.19,4.70,0.90,No,No,No,Compensated Microcytosis
PID_4150,Male,29,13.90,4.56,40.53,88.89,30.46,34.28,14.02,344.00,7.47,0.26,5.70,46.90,36.99,8.08,7.20,0.80,No,No,No,Non-Anemic
PID_4151,Male,68,12.20,4.81,35.96,74.78,25.39,33.91,14.36,316.00,6.63,0.21,6.90,28.69,59.45,10.09,1.40,0.40,No,No,No,Anemic
PID_4152,Female,55,12.50,4.02,35.36,87.97,31.10,35.38,12.22,287.00,9.93,0.28,6.10,45.46,41.31,8.94,3.50,0.80,No,No,No,Non-Anemic
PID_4153,Female,89,13.80,4.60,40.47,87.98,30.03,34.12,11.91,303.00,8.76,0.27,9.80,70.15,22.73,6.14,0.60,0.40,No,No,No,Non-Anemic
PID_4154,Male,66,15.00,4.73,45.31,95.78,31.75,33.14,11.74,213.00,8.36,0.18,4.70,47.09,43.34,7.21,1.50,0.90,No,No,No,Non-Anemic
PID_4155,Male,56,13.40,4.33,38.08,87.96,30.98,35.23,12.51,215.00,11.00,0.24,9.70,54.76,33.92,9.68,1.20,0.40,No,No,No,Non-Anemic
PID_4156,Male,30,15.40,5.39,45.64,84.65,28.58,33.72,12.94,209.00,8.72,0.18,4.90,49.28,37.34,9.06,3.10,1.20,No,No,No,Non-Anemic
PID_4157,Male,44,12.50,4.23,36.09,85.35,29.55,34.61,11.44,344.00,7.91,0.27,9.30,73.10,16.50,8.22,1.80,0.40,No,No,No,Anemic
PID_4158,Male,42,15.40,4.63,46.07,99.49,33.24,33.44,12.89,202.00,7.84,0.16,4.40,72.98,14.41,7.69,4.90,0.00,No,No,No,Non-Anemic
PID_4159,Male,58,11.90,5.31,35.82,67.49,22.45,33.19,12.97,397.00,7.47,0.30,7.60,57.31,31.29,4.76,5.29,1.30,No,No,No,Anemic
PID_4160,Female,60,14.00,4.47,41.05,91.84,31.35,34.11,12.13,248.00,8.53,0.21,5.60,56.75,35.57,5.60,2.00,0.10,No,No,No,Non-Anemic
PID_4161,Male,40,13.00,4.59,38.22,83.29,28.34,34.05,14.82,301.00,7.92,0.24,7.30,68.77,24.96,3.44,2.40,0.40,No,No,No,Compensated Microcytosis
PID_4162,Male,40,17.50,5.52,50.61,91.70,31.68,34.57,11.89,334.00,7.42,0.25,6.60,54.57,36.43,6.37,2.40,0.20,No,No,No,Non-Anemic
PID_4163,Female,20,14.20,5.19,42.16,81.25,27.34,33.65,13.62,304.00,7.51,0.23,4.60,34.15,54.05,9.21,2.00,0.60,No,No,No,Non-Anemic
PID_4164,Male,15,14.30,4.23,44.97,106.35,33.82,31.82,11.56,335.00,8.13,0.27,8.90,58.26,29.95,7.80,2.79,1.20,No,No,No,Non-Anemic
PID_4165,Female,13,14.80,5.07,44.20,87.18,29.17,33.50,12.92,244.00,8.52,0.21,7.30,58.61,28.28,10.70,2.00,0.40,Yes,No,No,Non-Anemic
PID_4166,Male,52,12.20,4.11,34.90,84.91,29.64,34.94,12.51,202.00,7.38,0.15,7.20,54.12,33.69,10.97,0.80,0.40,No,No,Yes,Anemic
PID_4167,Male,30,12.50,4.20,37.15,88.47,29.74,33.65,12.07,293.00,8.94,0.26,5.60,37.57,52.19,5.10,4.40,0.70,No,No,No,Anemic
PID_4168,Male,15,13.50,4.61,40.05,86.86,29.27,33.72,12.33,230.00,9.01,0.21,7.40,55.96,32.88,8.76,2.10,0.30,No,Yes,No,Non-Anemic
PID_4169,Female,13,13.70,4.77,38.94,81.62,28.70,35.20,12.33,307.00,7.92,0.24,10.60,35.42,48.76,7.34,8.20,0.30,No,No,No,Non-Anemic
PID_4170,Female,35,12.50,4.35,37.71,86.70,28.71,33.19,11.67,311.00,8.03,0.25,6.40,63.59,29.73,5.62,0.60,0.50,No,No,No,Non-Anemic
PID_4171,Female,81,16.50,5.20,51.32,98.71,31.75,32.19,11.57,187.00,9.42,0.18,6.40,53.71,33.00,9.62,3.30,0.40,No,No,No,Non-Anemic
PID_4172,Male,18,12.40,4.28,36.68,85.73,28.98,33.78,12.24,262.00,7.64,0.20,5.60,52.12,37.72,5.78,3.50,0.90,No,No,No,Anemic
PID_4173,Male,81,16.00,5.24,47.88,91.39,30.53,33.39,12.22,236.00,10.33,0.24,7.10,67.16,24.34,6.28,1.30,0.90,No,No,No,Non-Anemic
PID_4174,Female,14,12.50,4.68,38.06,81.31,26.69,32.80,12.84,235.00,10.56,0.25,8.00,51.93,37.81,7.32,2.30,0.60,No,No,No,Compensated Microcytosis
PID_4175,Female,32,15.40,4.97,45.58,91.71,30.96,33.82,11.72,225.00,8.00,0.18,5.60,50.51,32.15,10.88,6.19,0.20,No,No,No,Non-Anemic
PID_4176,Female,70,15.00,4.84,43.37,89.58,31.02,34.60,12.09,252.00,7.39,0.19,7.80,56.56,29.58,9.66,3.40,0.80,Yes,No,No,Non-Anemic
PID_4177,Female,13,15.90,4.62,46.78,101.30,34.45,33.98,11.92,244.00,8.07,0.20,9.40,55.18,38.09,4.81,1.40,0.60,No,No,No,Non-Anemic
PID_4178,Male,13,14.00,4.63,40.74,88.00,30.27,34.33,12.53,275.00,8.60,0.24,6.40,58.33,31.24,8.80,1.10,0.50,No,No,No,Non-Anemic
PID_4179,Male,45,11.40,4.11,31.51,76.69,27.74,36.18,12.52,400.00,7.06,0.28,6.40,20.79,59.51,7.91,10.10,1.70,No,Yes,No,Anemic
PID_4180,Male,17,16.10,5.92,47.93,80.98,27.16,33.61,12.24,259.00,8.12,0.21,7.40,60.61,29.60,8.50,0.90,0.40,No,No,No,Non-Anemic
PID_4181,Male,44,13.80,4.31,40.19,93.24,31.98,34.36,11.88,408.00,7.13,0.29,6.30,50.29,41.17,5.71,2.00,0.90,No,No,No,Non-Anemic
PID_4182,Male,27,11.60,3.84,34.74,90.46,30.21,33.38,12.92,322.00,8.62,0.28,6.10,45.30,43.92,9.32,0.90,0.60,No,No,No,Anemic
PID_4183,Male,24,15.30,4.47,46.39,103.80,34.20,33.02,12.02,222.00,8.27,0.18,5.30,56.65,33.59,7.96,1.20,0.60,No,No,No,Non-Anemic
PID_4184,Male,59,12.20,5.65,36.64,64.81,21.61,33.26,15.07,251.00,8.58,0.22,5.60,56.69,34.17,6.61,2.10,0.40,No,No,No,Anemic
PID_4185,Female,26,11.40,4.65,34.11,73.34,24.49,33.40,13.92,389.00,7.41,0.29,7.40,39.53,49.30,8.93,1.70,0.60,No,No,No,Anemic
PID_4186,Female,25,11.10,3.95,32.24,81.65,28.09,34.45,13.63,300.00,8.20,0.25,10.80,74.66,14.61,8.70,1.70,0.40,No,No,No,Anemic
PID_4187,Male,65,15.10,4.94,41.01,83.05,30.53,36.85,12.41,264.00,8.21,0.22,8.30,58.34,29.59,9.01,2.70,0.40,No,No,No,Non-Anemic
PID_4188,Female,20,13.40,4.38,40.43,92.28,30.62,33.16,11.60,260.00,8.04,0.21,9.90,70.75,19.97,7.05,1.60,0.60,No,No,No,Non-Anemic
PID_4189,Female,32,16.50,5.33,49.25,92.38,30.96,33.50,11.98,280.00,9.13,0.25,8.60,66.01,20.84,10.59,2.30,0.30,No,No,No,Non-Anemic
PID_4190,Female,27,13.70,4.36,40.38,92.60,31.43,33.90,12.17,358.00,6.29,0.23,5.30,48.49,39.59,9.75,2.00,0.20,No,No,No,Non-Anemic
PID_4191,Male,17,14.60,4.81,42.35,88.01,30.38,34.45,12.77,267.00,6.88,0.18,6.90,53.91,37.60,7.36,0.70,0.40,No,No,No,Non-Anemic
PID_4192,Female,55,13.40,5.11,39.05,76.42,26.20,34.35,13.08,478.00,8.51,0.41,10.10,66.18,24.04,7.57,1.20,1.00,Yes,Yes,No,Compensated Microcytosis
PID_4193,Male,35,17.20,5.36,48.39,90.30,32.12,35.53,12.53,279.00,8.08,0.23,5.60,53.06,35.59,7.66,3.30,0.40,No,No,No,Non-Anemic
PID_4194,Male,55,16.80,5.61,54.04,96.30,29.94,31.06,12.14,180.00,8.13,0.15,6.90,64.32,25.13,8.97,1.00,0.60,No,No,No,Non-Anemic
PID_4195,Female,51,16.30,5.78,52.35,90.60,28.23,31.13,13.02,146.00,12.36,0.18,5.90,49.22,38.44,10.78,1.20,0.40,No,No,No,Non-Anemic
PID_4196,Female,43,13.20,4.29,39.52,92.12,30.80,33.41,12.49,433.00,6.38,0.28,7.30,67.36,23.87,6.31,1.60,0.90,No,No,No,Non-Anemic
PID_4197,Male,33,15.80,5.35,44.74,83.64,29.50,35.32,12.72,201.00,9.13,0.18,6.90,51.47,36.86,7.98,3.00,0.70,No,No,No,Non-Anemic
PID_4198,Male,34,15.00,4.74,46.70,98.54,31.63,32.16,12.34,165.00,8.06,0.13,7.60,58.58,26.97,8.64,4.90,0.90,No,No,Yes,Non-Anemic
PID_4199,Female,36,11.30,4.36,37.18,85.27,25.88,30.39,15.07,251.00,9.72,0.24,6.60,55.24,31.12,7.40,5.20,1.10,No,No,No,Anemic
PID_4200,Female,35,15.80,5.47,45.55,83.26,28.89,34.67,12.07,193.00,9.86,0.19,6.60,57.13,32.28,7.78,2.20,0.60,No,No,No,Non-Anemic
PID_4201,Female,27,14.80,4.49,43.16,96.12,32.99,34.27,12.31,284.00,8.31,0.24,7.80,59.11,26.77,12.93,0.80,0.40,No,No,No,Non-Anemic
PID_4202,Male,71,15.20,4.68,46.49,99.37,32.52,32.66,12.76,161.00,8.40,0.14,6.40,58.66,28.56,8.39,3.50,0.90,No,No,No,Non-Anemic
PID_4203,Male,35,15.60,5.15,47.54,92.28,30.26,32.83,12.88,227.00,9.72,0.22,9.30,69.04,13.12,14.88,2.70,0.30,No,No,No,Non-Anemic
PID_4204,Female,35,12.30,3.90,37.46,96.07,31.51,32.87,12.39,324.00,8.77,0.29,8.50,74.68,17.98,6.09,0.60,0.60,No,No,No,Non-Anemic
PID_4205,Male,24,13.50,4.53,39.55,87.27,29.77,34.14,11.60,303.00,7.51,0.23,8.20,52.17,37.78,6.18,3.00,0.90,No,No,No,Non-Anemic
PID_4206,Female,28,13.80,4.31,41.51,96.30,32.03,33.24,13.12,378.00,8.70,0.33,6.90,61.20,23.51,9.96,4.30,1.00,No,No,No,Non-Anemic
PID_4207,Female,52,14.80,4.89,42.78,87.52,30.31,34.60,12.21,187.00,8.12,0.15,5.90,57.74,27.50,9.37,4.10,1.30,No,No,No,Non-Anemic
PID_4208,Male,27,16.00,5.14,52.33,101.78,31.10,30.59,12.52,191.00,7.54,0.14,3.80,61.60,27.26,9.31,1.50,0.40,No,Yes,No,Non-Anemic
PID_4209,Female,38,14.70,4.68,44.58,95.29,31.39,32.95,11.29,375.00,8.64,0.32,9.50,66.97,21.23,2.87,7.51,1.40,Yes,No,No,Non-Anemic
PID_4210,Male,57,12.10,4.64,37.06,79.87,26.05,32.65,13.93,423.00,6.58,0.28,10.40,26.90,63.87,7.06,1.20,0.90,No,No,No,Anemic
PID_4211,Female,74,15.40,4.80,45.71,95.24,32.05,33.72,13.00,254.00,7.11,0.18,5.00,58.31,32.06,8.06,1.20,0.30,No,No,Yes,Non-Anemic
PID_4212,Male,32,12.60,4.69,37.78,80.59,26.90,33.33,13.08,428.00,8.20,0.35,12.30,68.00,22.81,6.53,1.40,1.30,No,No,No,Anemic
PID_4213,Female,27,12.10,3.52,34.61,98.34,34.38,34.94,11.53,274.00,7.38,0.20,6.50,51.15,40.22,6.87,0.80,0.90,No,Yes,No,Non-Anemic
PID_4214,Male,70,12.40,4.56,39.03,85.58,27.22,31.75,13.28,147.00,8.54,0.12,2.80,45.90,39.72,10.21,3.60,0.60,Yes,No,No,Anemic
PID_4215,Male,55,13.90,4.21,40.82,96.91,32.98,34.06,12.44,258.00,8.79,0.23,5.60,61.86,27.25,7.79,2.50,0.60,No,No,No,Non-Anemic
PID_4216,Male,38,14.10,4.61,40.67,88.19,30.57,34.68,11.40,259.00,8.11,0.21,4.60,66.63,24.00,6.88,1.70,0.70,No,Yes,No,Non-Anemic
PID_4217,Female,62,11.60,3.67,32.02,87.25,31.57,36.24,11.89,177.00,7.98,0.14,5.90,62.31,27.17,8.07,1.30,1.10,Yes,No,No,Anemic
PID_4218,Male,72,12.20,4.19,36.50,87.09,29.10,33.45,13.80,322.00,9.09,0.29,8.60,59.67,28.29,10.42,1.70,0.00,No,No,No,Anemic
PID_4219,Male,58,16.40,5.49,47.69,86.90,29.91,34.42,11.98,257.00,7.66,0.20,10.20,58.04,27.28,11.29,2.00,1.40,No,Yes,No,Non-Anemic
PID_4220,Male,57,15.00,4.92,47.12,95.78,30.46,31.86,11.93,289.00,7.78,0.23,5.90,58.67,33.14,7.27,0.60,0.30,No,No,No,Non-Anemic
PID_4221,Male,40,15.60,5.09,50.11,98.45,30.66,31.09,13.69,379.00,8.58,0.33,7.10,70.61,19.08,8.36,1.60,0.30,No,No,No,Non-Anemic
PID_4222,Male,65,12.30,3.80,35.13,92.47,32.37,35.00,12.49,282.00,9.33,0.26,6.80,68.21,22.40,8.12,1.00,0.30,No,No,No,Anemic
PID_4223,Female,63,15.00,4.90,44.13,90.02,30.59,33.95,12.53,245.00,6.93,0.17,4.50,65.02,20.54,11.03,1.90,1.50,No,No,No,Non-Anemic
PID_4224,Male,40,11.50,3.27,32.47,99.28,35.20,35.42,13.43,187.00,10.69,0.20,6.90,62.60,24.78,8.07,3.30,1.20,No,Yes,No,Anemic
PID_4225,Male,43,11.50,4.78,35.55,74.40,24.05,32.39,15.97,340.00,7.77,0.27,4.90,48.90,40.38,8.09,2.00,0.60,No,No,No,Anemic
PID_4226,Female,65,12.90,4.45,37.26,83.73,29.02,34.59,11.91,332.00,7.97,0.27,7.30,51.03,41.98,4.60,1.80,0.60,No,No,No,Non-Anemic
PID_4227,Female,58,11.10,4.41,30.63,69.45,25.18,36.26,14.04,334.00,7.78,0.26,6.40,36.59,52.18,8.12,2.80,0.40,Yes,No,No,Anemic
PID_4228,Female,57,16.30,5.28,47.24,89.46,30.91,34.47,12.40,223.00,10.62,0.24,6.90,58.58,22.90,11.01,6.60,0.90,No,No,No,Non-Anemic
PID_4229,Male,15,17.20,5.56,50.10,90.13,30.93,34.29,12.32,252.00,8.30,0.21,9.30,69.52,21.83,5.02,2.80,0.90,No,No,Yes,Non-Anemic
PID_4230,Female,49,14.60,4.94,42.93,86.89,29.57,33.97,11.77,280.00,9.02,0.25,6.80,51.56,37.10,8.88,1.90,0.60,No,No,No,Non-Anemic
PID_4231,Female,42,14.20,4.77,44.22,92.67,29.75,32.10,13.48,238.00,9.56,0.23,7.00,60.29,25.98,6.84,6.10,0.80,No,No,No,Non-Anemic
PID_4232,Male,22,15.10,4.86,42.38,87.21,31.06,35.62,12.01,220.00,8.89,0.20,4.70,35.51,50.27,8.82,4.80,0.60,No,No,No,Non-Anemic
PID_4233,Male,28,16.60,4.81,49.90,103.75,34.54,33.27,12.06,307.00,8.23,0.25,7.60,67.60,23.39,7.07,1.10,0.80,No,No,Yes,Non-Anemic
PID_4234,Male,52,15.40,4.97,44.50,89.58,30.98,34.62,12.50,220.00,9.00,0.20,5.10,52.23,38.81,6.92,1.70,0.40,No,Yes,No,Non-Anemic
PID_4235,Male,22,15.90,5.59,49.50,88.56,28.42,32.08,12.02,214.00,8.84,0.19,7.90,66.87,23.10,7.58,1.70,0.70,No,No,No,Non-Anemic
PID_4236,Female,11,14.40,4.71,44.19,93.85,30.56,32.59,12.40,351.00,8.07,0.28,9.90,51.22,38.04,6.79,3.30,0.60,No,No,No,Non-Anemic
PID_4237,Female,48,12.00,3.97,33.59,84.60,30.24,35.73,12.09,244.00,7.29,0.18,4.90,62.69,29.43,6.27,1.20,0.40,Yes,No,No,Non-Anemic
PID_4238,Male,35,16.00,5.13,47.64,92.91,31.16,33.62,11.61,213.00,8.02,0.17,7.60,57.50,32.20,8.40,1.50,0.40,No,No,No,Non-Anemic
PID_4239,Male,60,16.70,5.09,46.72,91.77,32.82,35.71,12.63,260.00,7.94,0.21,4.60,56.28,31.82,9.56,1.90,0.40,No,No,No,Non-Anemic
PID_4240,Female,30,15.30,5.21,45.12,86.64,29.39,33.92,12.49,254.00,9.30,0.24,8.40,56.51,31.66,7.89,3.39,0.60,No,No,No,Non-Anemic
PID_4241,Male,40,14.10,4.80,44.35,92.41,29.40,31.79,12.51,384.00,7.69,0.30,8.80,62.40,28.26,7.35,1.20,0.70,No,No,No,Non-Anemic
PID_4242,Male,35,12.30,3.86,35.07,90.85,31.89,35.08,11.47,237.00,8.44,0.20,8.20,67.04,25.27,5.72,1.30,0.70,No,No,No,Anemic
PID_4243,Female,60,17.70,5.56,53.17,95.62,31.83,33.29,13.32,234.00,10.63,0.25,10.60,63.81,24.75,9.07,1.60,0.70,No,No,No,Non-Anemic
PID_4244,Male,34,11.60,4.16,33.30,80.08,27.89,34.87,11.98,317.00,7.80,0.25,5.60,40.69,44.16,10.55,3.60,1.00,No,No,No,Anemic
PID_4245,Male,16,15.90,5.53,46.72,84.47,28.79,34.04,12.53,302.00,7.44,0.22,5.90,55.89,35.32,7.08,1.30,0.40,No,No,No,Non-Anemic
PID_4246,Male,35,13.90,4.95,43.24,87.36,28.06,32.12,12.28,348.00,8.08,0.28,6.00,49.42,41.03,6.18,2.70,0.60,No,No,No,Non-Anemic
PID_4247,Male,52,15.00,5.27,43.86,83.26,28.47,34.21,11.81,243.00,7.50,0.18,8.60,65.14,26.49,6.79,1.00,0.60,No,No,No,Non-Anemic
PID_4248,Male,42,11.10,3.51,30.30,86.33,31.63,36.63,11.76,229.00,8.37,0.19,6.00,62.18,29.63,6.88,0.90,0.40,No,No,No,Anemic
PID_4249,Female,48,12.60,4.24,36.43,85.94,29.72,34.63,11.89,354.00,8.39,0.30,5.60,39.26,47.53,11.33,1.60,0.30,No,Yes,No,Non-Anemic
PID_4250,Female,50,16.60,5.66,48.92,86.42,29.31,33.91,11.94,461.00,7.37,0.34,8.60,46.32,28.99,6.38,17.62,0.60,Yes,No,No,Non-Anemic
PID_4251,Female,38,13.40,4.51,37.97,84.21,29.73,35.32,13.24,331.00,8.91,0.29,7.20,63.36,26.87,5.93,3.30,0.60,No,No,No,Non-Anemic
PID_4252,Male,78,12.60,4.03,36.79,91.26,31.23,34.29,12.77,284.00,8.83,0.25,7.80,61.66,23.02,8.63,6.29,0.50,No,No,Yes,Anemic
PID_4253,Male,30,11.60,4.79,33.87,70.66,24.24,34.29,13.28,206.00,8.48,0.18,3.20,53.21,28.54,15.09,2.79,0.40,No,No,No,Anemic
PID_4254,Male,60,18.30,5.61,55.98,99.77,32.63,32.69,14.72,247.00,8.49,0.21,7.90,54.71,32.57,10.59,1.70,0.40,No,Yes,No,Compensated Microcytosis
PID_4255,Female,35,12.80,4.16,37.34,89.76,30.77,34.30,12.28,313.00,7.98,0.25,5.40,48.36,27.02,9.67,14.70,0.20,Yes,No,No,Non-Anemic
PID_4256,Female,30,10.90,4.18,30.93,74.01,26.10,35.26,15.09,185.00,10.37,0.19,5.10,71.94,22.25,4.51,0.60,0.70,No,No,No,Anemic
PID_4257,Female,38,13.10,4.82,39.70,82.37,27.20,33.01,18.54,268.00,9.47,0.25,5.60,59.18,29.60,7.07,3.40,0.70,No,Yes,No,Compensated Microcytosis
PID_4258,Female,28,13.10,4.11,36.69,89.25,31.89,35.75,11.51,218.00,9.43,0.20,8.40,75.37,18.89,4.37,0.90,0.40,Yes,No,No,Non-Anemic
PID_4259,Female,14,16.00,5.10,47.21,92.59,31.35,33.93,13.49,124.00,9.13,0.11,7.90,58.83,33.81,4.57,2.50,0.30,No,No,No,Non-Anemic
PID_4260,Male,24,14.50,4.57,44.03,96.31,31.71,32.92,12.27,187.00,9.89,0.19,6.20,50.12,41.12,7.09,0.90,0.80,No,Yes,No,Non-Anemic
PID_4261,Male,38,14.10,4.45,40.06,90.04,31.69,35.17,12.41,268.00,9.62,0.26,8.20,74.52,19.12,4.71,1.20,0.50,No,No,No,Non-Anemic
PID_4262,Female,80,13.30,4.99,39.52,79.22,26.67,33.63,13.12,291.00,8.16,0.24,5.70,42.66,43.88,9.46,3.20,0.80,No,No,No,Compensated Microcytosis
PID_4263,Female,78,14.00,5.07,40.10,79.09,27.59,34.90,13.29,260.00,7.49,0.20,5.10,54.64,31.98,7.33,5.49,0.60,No,No,No,Non-Anemic
PID_4264,Female,54,15.40,4.73,45.77,96.73,32.52,33.64,12.09,192.00,7.61,0.15,5.80,56.27,27.83,9.12,6.40,0.40,No,No,No,Non-Anemic
PID_4265,Male,26,12.00,4.27,35.37,82.79,28.11,33.94,13.41,301.00,7.33,0.22,5.60,58.21,33.76,5.72,1.60,0.70,No,Yes,No,Anemic
PID_4266,Female,24,12.10,4.42,34.98,79.16,27.34,34.57,13.37,476.00,6.88,0.33,12.90,35.00,46.50,17.26,0.90,0.30,No,No,No,Non-Anemic
PID_4267,Female,57,15.80,5.34,46.00,86.16,29.60,34.34,12.42,334.00,8.12,0.27,6.50,46.69,39.59,10.21,3.00,0.60,No,No,No,Non-Anemic
PID_4268,Male,78,12.30,4.32,38.92,90.12,28.51,31.62,12.20,388.00,7.22,0.28,8.10,29.57,54.65,7.80,7.09,0.90,Yes,No,No,Anemic
PID_4269,Female,13,15.10,4.98,46.24,92.85,30.30,32.64,12.32,267.00,9.41,0.25,7.90,56.60,29.06,12.20,1.60,0.50,No,No,No,Non-Anemic
PID_4270,Male,65,13.20,4.76,37.59,78.97,27.77,35.12,11.36,380.00,7.29,0.28,5.60,27.36,49.66,9.28,12.10,1.50,No,No,Yes,Non-Anemic
PID_4271,Male,24,13.60,4.39,40.19,91.54,30.97,33.84,11.78,362.00,7.61,0.28,6.40,53.29,35.63,9.33,0.90,0.90,No,No,No,Non-Anemic
PID_4272,Female,27,12.50,4.32,37.46,86.73,28.91,33.38,12.32,368.00,7.90,0.29,7.40,56.36,30.70,6.86,5.49,0.60,No,No,No,Non-Anemic
PID_4273,Female,23,10.40,3.82,32.13,84.14,27.23,32.37,13.47,380.00,7.31,0.28,7.30,64.02,26.98,6.06,2.40,0.50,No,No,No,Anemic
PID_4274,Male,22,12.10,4.36,37.00,84.89,27.74,32.74,11.89,281.00,7.07,0.20,9.40,47.16,46.27,4.89,1.20,0.40,No,No,Yes,Anemic
PID_4275,Male,28,13.90,4.53,44.02,97.19,30.66,31.55,11.44,269.00,7.71,0.21,4.60,30.64,57.52,8.63,2.00,1.20,No,Yes,No,Non-Anemic
PID_4276,Male,47,13.90,4.47,41.03,91.82,31.09,33.86,11.58,214.00,9.10,0.19,7.50,66.89,21.03,9.35,2.50,0.20,No,No,No,Non-Anemic
PID_4277,Male,54,13.00,3.95,39.06,98.88,32.89,33.27,12.18,175.00,7.13,0.12,6.90,50.67,38.80,8.20,2.00,0.40,No,No,No,Non-Anemic
PID_4278,Female,65,14.90,5.03,45.37,90.18,29.62,32.87,11.78,241.00,8.17,0.20,6.40,45.41,42.07,6.92,4.90,0.70,Yes,No,No,Non-Anemic
PID_4279,Female,50,14.10,4.63,41.57,89.76,30.48,33.96,12.26,260.00,6.89,0.18,4.60,69.43,20.00,9.00,0.90,0.70,No,No,No,Non-Anemic
PID_4280,Male,17,13.00,4.03,37.75,93.68,32.28,34.47,12.93,167.00,7.86,0.13,5.30,60.22,24.42,11.38,3.60,0.40,No,No,No,Non-Anemic
PID_4281,Male,24,12.50,4.43,34.24,77.28,28.22,36.51,12.19,282.00,7.36,0.21,6.60,48.66,40.75,7.83,2.30,0.50,No,No,No,Anemic
PID_4282,Male,46,14.70,4.85,45.67,94.17,30.29,32.18,12.68,230.00,8.02,0.18,6.90,42.53,46.65,5.63,4.20,1.00,No,No,No,Non-Anemic
PID_4283,Male,35,14.40,4.57,40.69,89.03,31.47,35.41,12.72,226.00,9.34,0.21,9.30,72.72,19.78,5.60,1.30,0.60,No,No,No,Non-Anemic
PID_4284,Female,47,13.60,4.68,38.67,82.61,29.03,35.16,13.67,392.00,6.97,0.27,6.60,30.48,60.59,6.87,1.00,1.00,Yes,No,Yes,Non-Anemic
PID_4285,Female,62,12.90,4.20,39.01,92.86,30.75,33.11,12.23,297.00,8.92,0.26,10.40,57.27,29.23,5.61,7.10,0.80,No,No,No,Non-Anemic
PID_4286,Female,40,13.70,4.39,40.01,91.10,31.19,34.25,12.70,272.00,8.24,0.22,4.60,62.00,26.73,9.40,1.00,0.90,No,Yes,No,Non-Anemic
PID_4287,Male,37,15.10,5.31,45.14,84.97,28.45,33.49,13.39,141.00,8.52,0.12,4.70,62.13,26.46,8.62,2.30,0.50,No,No,No,Non-Anemic
PID_4288,Male,38,12.30,4.66,35.94,77.13,26.37,34.26,13.21,379.00,6.28,0.24,9.10,26.93,61.61,7.42,3.70,0.40,No,No,No,Anemic
PID_4289,Female,12,15.60,4.84,43.56,90.02,32.22,35.83,13.31,409.00,8.61,0.35,10.60,69.85,23.81,4.68,1.00,0.60,No,No,No,Non-Anemic
PID_4290,Male,29,14.30,4.53,41.18,90.92,31.58,34.74,12.30,287.00,8.18,0.24,6.40,53.34,34.30,9.78,1.90,0.60,No,No,No,Non-Anemic
PID_4291,Female,50,13.40,4.31,38.72,89.86,31.08,34.63,11.98,247.00,11.00,0.27,5.70,57.35,33.16,7.12,1.90,0.50,Yes,No,Yes,Non-Anemic
PID_4292,Male,27,11.40,4.47,34.05,76.15,25.50,33.46,12.38,264.00,7.59,0.20,5.50,24.00,60.80,9.62,5.20,0.40,Yes,No,No,Anemic
PID_4293,Male,62,13.80,4.25,42.83,100.78,32.45,32.23,11.69,198.00,7.91,0.16,6.30,56.34,34.05,6.31,2.60,0.70,No,No,No,Non-Anemic
PID_4294,Male,36,14.40,4.82,42.67,88.50,29.91,33.79,11.52,324.00,7.87,0.26,7.00,54.16,34.21,10.97,0.20,0.40,No,No,No,Non-Anemic
PID_4295,Male,28,16.50,5.19,46.55,89.67,31.80,35.45,12.70,220.00,9.01,0.20,5.70,49.43,30.57,19.41,0.20,0.40,No,No,No,Non-Anemic
PID_4296,Male,60,14.50,5.35,45.08,84.23,27.12,32.20,12.80,352.00,7.33,0.26,12.10,58.71,35.96,4.11,0.40,0.80,No,No,Yes,Compensated Microcytosis
PID_4297,Male,60,11.60,4.49,35.44,78.94,25.81,32.69,13.43,270.00,8.13,0.22,4.40,25.32,48.35,7.77,17.62,0.90,No,No,No,Anemic
PID_4298,Female,48,13.90,5.02,40.70,81.07,27.71,34.14,12.22,349.00,7.09,0.25,9.10,56.63,32.77,4.39,5.59,0.60,No,No,No,Non-Anemic
PID_4299,Male,80,16.10,5.42,49.06,90.52,29.69,32.80,12.42,178.00,9.68,0.17,7.90,60.93,26.69,9.09,2.20,1.00,No,No,No,Non-Anemic
PID_4300,Female,55,13.80,4.05,41.76,103.10,34.07,33.02,11.39,319.00,7.06,0.23,8.10,60.50,25.42,5.50,8.00,0.60,No,No,No,Non-Anemic
PID_4301,Female,25,13.60,4.51,40.61,90.03,30.16,33.51,11.22,285.00,8.56,0.25,6.90,52.72,33.36,8.61,4.91,0.40,No,No,No,Non-Anemic
PID_4302,Female,31,13.90,5.06,42.95,84.86,27.48,32.39,12.33,262.00,8.59,0.23,5.90,37.59,47.33,9.12,5.89,0.10,No,No,No,Non-Anemic
PID_4303,Female,72,14.10,4.61,42.95,93.14,30.57,32.81,12.06,293.00,7.79,0.23,11.00,66.70,23.30,6.93,2.30,0.80,No,No,Yes,Non-Anemic
PID_4304,Female,32,13.90,4.68,39.89,85.22,29.71,34.85,11.93,254.00,7.81,0.20,7.40,52.62,34.60,8.79,3.39,0.60,No,No,No,Non-Anemic
PID_4305,Female,21,17.30,5.73,53.34,93.12,30.18,32.43,12.52,214.00,10.37,0.22,6.70,56.04,27.78,7.98,7.79,0.40,No,No,No,Non-Anemic
PID_4306,Female,16,14.20,4.22,44.26,104.90,33.65,32.07,13.19,191.00,8.01,0.15,7.70,63.17,27.16,6.44,2.90,0.40,No,No,No,Non-Anemic
PID_4307,Male,53,12.60,4.56,37.90,83.11,27.67,33.23,11.21,322.00,8.00,0.26,9.60,53.99,38.35,5.63,1.50,0.60,No,No,No,Anemic
PID_4308,Female,38,15.30,4.82,43.87,91.01,31.73,34.92,12.60,301.00,8.79,0.26,6.50,57.20,29.11,9.72,3.40,0.60,No,No,No,Non-Anemic
PID_4309,Male,30,17.60,5.65,52.13,92.29,31.14,33.79,11.89,288.00,7.67,0.22,8.90,61.59,29.08,7.45,1.60,0.30,No,No,No,Non-Anemic
PID_4310,Male,60,10.60,4.39,31.70,72.17,24.15,33.46,13.56,422.00,8.18,0.35,10.80,70.40,20.33,8.13,0.60,0.60,No,No,No,Anemic
PID_4311,Female,45,13.10,4.16,38.47,92.48,31.51,34.09,12.22,274.00,8.72,0.24,9.80,64.97,26.59,6.92,1.10,0.40,No,No,No,Non-Anemic
PID_4312,Male,65,10.60,4.23,33.22,78.58,25.05,31.87,15.43,254.00,8.49,0.22,6.10,40.91,42.59,13.47,2.20,0.80,No,No,No,Anemic
PID_4313,Male,20,14.10,4.57,40.76,89.19,30.86,34.55,13.11,197.00,8.66,0.17,6.10,67.07,21.99,8.59,1.90,0.40,No,No,No,Non-Anemic
PID_4314,Female,32,15.20,4.75,44.11,92.87,32.00,34.46,12.70,219.00,8.37,0.18,5.60,51.80,39.13,7.09,1.60,0.40,No,No,Yes,Non-Anemic
PID_4315,Female,75,14.50,4.88,43.27,88.70,29.68,33.54,12.02,226.00,9.62,0.22,6.10,50.84,40.30,7.88,0.60,0.30,No,No,No,Non-Anemic
PID_4316,Female,29,15.80,5.40,44.88,83.08,29.23,35.21,11.91,292.00,7.21,0.21,6.50,60.39,30.83,7.39,1.00,0.40,No,No,No,Non-Anemic
PID_4317,Male,70,13.90,6.04,42.58,70.48,23.04,32.69,13.47,191.00,8.93,0.17,8.20,57.38,33.23,6.57,2.30,0.50,No,No,Yes,Compensated Microcytosis
PID_4318,Male,66,16.50,5.47,46.67,85.29,30.19,35.35,12.07,308.00,7.81,0.24,8.30,54.97,31.15,9.62,2.70,1.60,No,No,No,Non-Anemic
PID_4319,Male,70,14.40,4.62,42.12,91.21,31.20,34.20,13.02,210.00,9.39,0.20,10.70,60.88,32.50,4.72,1.70,0.20,No,No,No,Non-Anemic
PID_4320,Female,16,13.40,4.34,39.89,91.94,30.85,33.61,12.64,209.00,7.27,0.15,4.40,50.58,36.99,9.77,1.80,0.80,No,No,No,Non-Anemic
PID_4321,Female,40,13.60,4.70,40.03,85.15,28.92,33.95,12.87,211.00,7.06,0.15,7.60,56.33,29.66,10.62,2.50,0.90,No,No,No,Non-Anemic
PID_4322,Male,38,15.40,5.01,45.47,90.71,30.76,33.83,12.21,330.00,7.53,0.25,5.70,46.03,36.48,7.26,9.29,0.90,Yes,Yes,No,Non-Anemic
PID_4323,Male,38,13.30,4.76,37.50,78.76,27.94,35.48,12.21,288.00,9.42,0.27,9.40,57.20,34.31,4.93,3.30,0.30,No,No,No,Non-Anemic
PID_4324,Female,16,15.00,4.81,45.86,95.37,31.22,32.68,12.48,251.00,8.72,0.22,4.90,57.95,35.14,5.96,0.60,0.30,No,No,No,Non-Anemic
PID_4325,Male,62,12.60,4.17,38.08,91.37,30.23,33.08,12.38,304.00,8.10,0.25,8.20,72.92,18.01,7.46,1.20,0.40,No,No,No,Anemic
PID_4326,Male,87,14.30,5.08,40.57,79.90,28.12,35.23,11.66,274.00,7.03,0.19,5.00,49.87,37.64,8.07,3.10,1.30,No,No,No,Non-Anemic
PID_4327,Male,54,14.10,4.54,42.36,93.30,31.07,33.27,12.89,232.00,7.62,0.18,7.20,67.37,22.23,8.27,1.30,0.80,No,No,No,Non-Anemic
PID_4328,Female,72,12.60,4.27,35.92,84.11,29.54,35.04,11.52,347.00,7.59,0.26,6.30,50.14,36.03,7.61,5.59,0.60,No,Yes,No,Non-Anemic
PID_4329,Male,65,13.70,4.42,38.01,86.02,30.98,36.07,11.88,571.00,7.11,0.41,5.30,62.04,25.50,10.00,1.10,1.40,No,No,No,Non-Anemic
PID_4330,Male,61,16.20,4.67,48.33,103.50,34.69,33.53,12.42,226.00,8.09,0.18,9.10,72.90,20.79,3.73,0.60,2.00,Yes,No,No,Non-Anemic
PID_4331,Female,70,16.00,5.19,45.95,88.55,30.86,34.84,11.76,196.00,8.07,0.16,9.60,64.91,26.77,6.26,1.60,0.40,No,No,No,Non-Anemic
PID_4332,Female,52,14.30,5.07,43.84,86.45,28.18,32.61,11.57,280.00,6.84,0.19,4.40,32.02,51.70,13.49,2.50,0.30,No,No,No,Non-Anemic
PID_4333,Male,55,15.20,4.99,43.55,87.29,30.48,34.89,12.58,243.00,8.67,0.21,7.00,63.01,23.17,10.51,2.80,0.50,No,No,No,Non-Anemic
PID_4334,Male,60,14.90,5.00,43.52,87.07,29.83,34.27,13.28,286.00,7.99,0.23,6.40,53.73,30.61,7.38,7.39,0.90,No,No,No,Non-Anemic
PID_4335,Male,33,15.90,5.07,46.00,90.72,31.39,34.60,12.31,279.00,7.43,0.21,8.80,64.63,26.51,7.71,0.80,0.40,No,No,No,Non-Anemic
PID_4336,Female,57,14.30,4.46,43.04,96.48,32.09,33.21,12.50,173.00,9.43,0.16,5.70,53.42,30.34,9.40,5.70,1.20,No,No,Yes,Non-Anemic
PID_4337,Female,35,15.30,4.97,47.80,96.18,30.75,32.01,11.99,254.00,8.03,0.20,7.40,77.08,17.16,4.63,1.00,0.10,No,No,No,Non-Anemic
PID_4338,Male,73,12.00,4.53,34.68,76.55,26.46,34.59,12.14,188.00,7.59,0.14,5.50,32.18,54.33,11.73,1.20,0.60,Yes,No,No,Anemic
PID_4339,Female,57,10.90,4.11,34.58,84.14,26.49,31.55,12.46,272.00,7.83,0.21,5.10,44.42,42.43,8.96,3.20,0.90,No,No,No,Anemic
PID_4340,Male,58,13.10,4.56,38.97,85.44,28.77,33.63,17.49,336.00,7.56,0.26,8.10,55.29,34.40,5.90,3.80,0.60,No,Yes,No,Compensated Microcytosis
PID_4341,Male,71,16.00,5.31,45.55,85.74,30.13,35.13,11.63,261.00,9.10,0.24,8.80,55.83,34.28,7.30,1.80,0.80,No,No,No,Non-Anemic
PID_4342,Male,62,13.30,4.31,38.85,90.18,30.87,34.20,11.69,251.00,10.58,0.27,8.90,63.84,28.08,5.03,2.30,0.80,No,Yes,No,Non-Anemic
PID_4343,Female,65,16.20,5.41,44.58,82.42,29.92,36.36,13.17,269.00,7.51,0.20,6.90,53.43,33.54,8.39,4.00,0.60,No,No,No,Non-Anemic
PID_4344,Male,65,9.40,4.65,26.68,57.36,20.22,35.22,15.08,342.00,6.93,0.24,6.20,37.51,51.93,5.41,4.39,0.80,No,No,No,Anemic
PID_4345,Male,74,14.60,4.94,43.96,88.99,29.53,33.20,12.59,207.00,9.56,0.20,7.60,65.47,26.25,6.39,1.30,0.60,No,No,No,Non-Anemic
PID_4346,Male,75,12.20,4.39,35.85,81.64,27.83,34.04,14.17,256.00,7.73,0.20,9.70,70.30,19.84,8.06,1.40,0.40,No,Yes,No,Anemic
PID_4347,Female,57,12.50,4.43,36.83,83.14,28.24,33.97,12.31,295.00,6.88,0.20,7.40,54.09,38.03,6.27,1.30,0.30,No,No,No,Non-Anemic
PID_4348,Male,65,13.10,4.25,40.81,96.05,30.86,32.12,11.92,361.00,6.57,0.24,5.50,47.89,40.44,9.31,2.00,0.40,No,No,No,Non-Anemic
PID_4349,Male,69,12.20,3.82,37.11,97.12,31.94,32.90,12.02,277.00,7.90,0.22,3.80,42.33,45.33,10.17,1.80,0.40,No,No,No,Anemic
PID_4350,Male,48,12.90,4.40,38.71,87.96,29.35,33.33,12.97,243.00,8.58,0.21,8.70,64.22,25.72,6.90,2.80,0.40,No,Yes,No,Anemic
PID_4351,Female,69,14.30,4.48,45.32,101.13,31.90,31.59,12.52,283.00,7.57,0.22,8.00,62.64,27.48,7.37,1.50,1.00,No,No,No,Non-Anemic
PID_4352,Male,57,14.40,5.30,42.28,79.76,27.14,34.05,12.72,210.00,8.52,0.18,5.40,59.05,28.85,9.97,1.20,0.90,No,No,No,Non-Anemic
PID_4353,Male,75,12.30,3.89,36.50,93.85,31.60,33.67,12.90,195.00,9.92,0.19,6.60,66.24,25.00,7.10,1.00,0.70,No,No,Yes,Anemic
PID_4354,Female,65,16.00,5.30,50.01,94.35,30.19,31.97,12.33,305.00,7.73,0.23,9.50,62.85,21.99,10.14,4.10,0.90,No,No,No,Non-Anemic
PID_4355,Male,22,11.80,4.01,34.22,85.32,29.39,34.51,11.92,420.00,7.12,0.30,9.30,48.01,45.14,5.02,1.30,0.60,No,No,No,Anemic
PID_4356,Male,35,14.10,4.93,40.45,82.04,28.58,34.83,12.09,236.00,7.94,0.19,6.80,46.33,41.87,8.22,2.00,1.60,No,No,No,Non-Anemic
PID_4357,Female,47,14.80,4.87,43.18,88.64,30.36,34.28,13.12,251.00,7.28,0.18,7.40,67.41,23.30,5.87,2.80,0.60,No,No,No,Non-Anemic
PID_4358,Male,49,10.40,3.45,30.94,89.66,30.16,33.63,12.26,195.00,7.84,0.15,9.40,73.57,17.06,7.69,1.20,0.40,No,Yes,No,Anemic
PID_4359,Male,35,16.00,5.50,46.10,83.84,29.10,34.71,14.09,282.00,8.81,0.25,7.00,66.33,22.69,7.72,2.90,0.40,No,No,No,Non-Anemic
PID_4360,Male,30,13.30,4.64,38.20,82.34,28.69,34.80,12.52,323.00,7.57,0.25,5.50,45.96,43.06,8.51,1.20,1.20,No,No,No,Non-Anemic
PID_4361,Male,55,16.80,5.64,48.88,86.70,29.75,34.40,13.03,271.00,7.57,0.21,6.10,45.50,36.29,11.89,5.40,0.90,No,No,No,Non-Anemic
PID_4362,Male,50,14.90,4.87,45.14,92.67,30.63,32.98,12.21,377.00,7.09,0.27,6.50,56.67,28.78,9.46,4.40,0.70,No,No,Yes,Non-Anemic
PID_4363,Male,72,13.80,4.55,40.20,88.30,30.31,34.37,12.39,329.00,7.94,0.26,4.30,56.21,32.48,9.39,0.90,1.00,No,No,No,Non-Anemic
PID_4364,Female,70,15.90,4.99,44.87,89.95,31.90,35.43,11.19,190.00,8.89,0.17,4.90,65.72,25.74,6.99,1.00,0.50,Yes,No,No,Non-Anemic
PID_4365,Female,27,11.60,4.10,34.85,84.99,28.32,33.27,13.08,283.00,7.58,0.22,6.30,50.88,34.73,9.82,3.80,0.80,No,No,No,Anemic
PID_4366,Male,58,12.80,4.53,35.05,77.38,28.27,36.53,12.89,450.00,7.48,0.34,5.40,62.75,28.30,7.02,1.40,0.60,No,No,No,Anemic
PID_4367,Male,80,15.30,5.14,45.85,89.17,29.75,33.34,12.64,236.00,9.40,0.22,8.10,60.22,30.28,5.92,2.70,0.90,No,No,No,Non-Anemic
PID_4368,Male,50,15.20,4.78,44.65,93.40,31.79,34.03,12.23,390.00,6.81,0.27,9.40,68.50,18.99,8.37,4.00,0.10,No,No,No,Non-Anemic
PID_4369,Female,45,14.90,4.99,44.89,89.92,29.89,33.22,11.60,238.00,9.00,0.21,11.50,73.56,15.85,8.85,1.50,0.20,No,Yes,No,Non-Anemic
PID_4370,Female,65,13.10,4.47,38.23,85.53,29.34,34.24,12.49,371.00,7.48,0.28,6.40,43.20,44.63,9.81,1.70,0.70,No,No,No,Non-Anemic
PID_4371,Female,65,14.80,5.02,46.38,92.37,29.46,31.91,12.48,352.00,7.42,0.26,7.30,57.64,30.33,7.93,3.30,0.80,No,No,No,Non-Anemic
PID_4372,Male,33,15.20,4.74,45.58,96.19,32.04,33.34,11.78,252.00,8.40,0.21,5.10,55.92,28.40,11.39,3.70,0.60,No,No,No,Non-Anemic
PID_4373,Male,65,12.60,4.31,38.54,89.42,29.21,32.72,11.28,276.00,8.10,0.22,9.10,34.15,56.91,7.07,1.20,0.60,No,No,No,Anemic
PID_4374,Male,50,16.80,5.35,49.18,91.92,31.41,34.17,12.43,399.00,7.41,0.30,7.40,66.81,24.99,6.60,0.90,0.70,No,No,No,Non-Anemic
PID_4375,Male,60,13.60,4.59,38.64,84.17,29.67,35.18,12.02,347.00,7.99,0.28,9.00,53.57,36.34,7.99,1.80,0.30,No,No,No,Non-Anemic
PID_4376,Male,30,14.40,4.66,41.41,88.87,30.91,34.74,12.49,288.00,8.27,0.24,11.90,68.93,21.32,8.60,1.00,0.20,No,No,No,Non-Anemic
PID_4377,Male,36,14.30,5.46,45.90,84.10,26.16,31.15,13.01,285.00,6.90,0.20,6.10,50.62,40.30,6.68,2.00,0.40,No,No,No,Compensated Microcytosis
PID_4378,Male,42,12.60,4.48,34.57,77.16,28.10,36.48,14.12,167.00,10.01,0.17,5.10,43.60,39.94,12.21,3.30,1.00,No,No,No,Anemic
PID_4379,Male,68,15.00,5.41,43.66,80.73,27.74,34.38,13.52,335.00,7.77,0.26,5.00,34.79,46.09,9.90,8.09,1.20,No,No,No,Non-Anemic
PID_4380,Female,65,15.80,5.15,47.78,92.76,30.70,33.07,12.49,183.00,8.72,0.16,6.30,54.29,23.81,15.62,5.30,1.00,No,No,Yes,Non-Anemic
PID_4381,Male,57,13.00,4.57,38.02,83.20,28.47,34.19,12.08,465.00,6.87,0.32,6.90,44.68,45.60,7.57,1.50,0.60,No,No,No,Non-Anemic
PID_4382,Female,63,12.10,4.40,35.37,80.42,27.48,34.22,13.47,302.00,6.93,0.21,9.40,38.17,51.82,7.09,2.40,0.50,No,No,No,Non-Anemic
PID_4383,Male,18,10.60,4.11,31.93,77.64,25.82,33.21,15.00,254.00,6.57,0.17,6.30,27.11,57.03,14.90,0.70,0.30,No,No,No,Anemic
PID_4384,Female,25,12.90,4.49,37.68,83.95,28.73,34.22,12.21,295.00,7.78,0.23,10.10,62.20,30.68,5.41,1.30,0.40,No,No,No,Non-Anemic
PID_4385,Female,65,13.50,4.31,40.58,94.16,31.29,33.31,11.90,370.00,7.87,0.29,7.40,46.04,45.55,6.30,1.30,0.80,No,No,No,Non-Anemic
PID_4386,Female,24,13.50,4.40,40.28,91.52,30.67,33.52,13.14,173.00,9.79,0.17,7.40,63.94,25.73,7.27,1.90,1.20,No,No,No,Non-Anemic
PID_4387,Female,62,14.40,4.90,43.40,88.58,29.43,33.16,12.98,283.00,8.83,0.25,4.40,41.70,43.61,12.53,1.40,0.80,Yes,Yes,No,Non-Anemic
PID_4388,Male,14,16.80,4.95,52.04,105.15,33.96,32.26,12.48,304.00,8.02,0.24,9.20,58.96,29.50,9.27,1.40,0.80,No,Yes,No,Non-Anemic
PID_4389,Male,46,14.20,5.11,41.55,81.30,27.82,34.19,12.18,255.00,8.08,0.21,6.60,48.90,37.26,10.42,3.10,0.30,No,No,No,Non-Anemic
PID_4390,Male,72,15.50,5.24,44.67,85.24,29.59,34.68,12.93,319.00,8.09,0.26,6.40,43.14,46.42,6.26,3.50,0.60,No,No,No,Non-Anemic
PID_4391,Male,66,15.00,5.34,43.33,81.10,28.07,34.63,12.11,270.00,8.42,0.23,5.90,55.86,36.48,6.40,1.00,0.30,No,No,No,Non-Anemic
PID_4392,Female,62,13.40,4.55,38.30,84.21,29.48,34.98,11.83,356.00,7.68,0.27,7.60,15.79,62.26,10.97,10.19,0.80,No,No,No,Non-Anemic
PID_4393,Female,48,11.90,4.22,34.60,82.02,28.19,34.36,12.39,236.00,10.17,0.24,8.10,43.79,43.82,7.18,4.30,0.90,No,Yes,No,Anemic
PID_4394,Female,30,13.90,4.65,41.67,89.58,29.91,33.32,13.58,339.00,7.22,0.24,8.40,80.34,10.24,7.17,1.60,0.60,No,No,No,Non-Anemic
PID_4395,Male,45,13.50,4.15,38.56,92.92,32.56,35.01,12.48,184.00,9.28,0.17,5.10,66.05,23.07,6.40,3.80,0.70,No,No,No,Non-Anemic
PID_4396,Male,58,10.60,3.78,32.75,86.65,28.05,32.37,13.13,280.00,6.81,0.19,5.60,57.77,32.13,7.53,1.70,0.90,No,No,No,Anemic
PID_4397,Female,58,13.30,4.18,40.40,96.67,31.79,32.95,11.36,365.00,6.93,0.25,8.40,54.63,37.33,6.19,1.00,0.90,No,No,No,Non-Anemic
PID_4398,Female,47,12.00,4.73,36.54,77.22,25.35,32.85,12.61,297.00,7.63,0.23,4.80,38.30,50.82,5.81,4.60,0.50,No,No,No,Compensated Microcytosis
PID_4399,Male,60,17.50,5.54,49.58,89.47,31.56,35.33,12.39,198.00,7.78,0.15,5.20,53.13,39.55,6.30,0.90,0.20,No,No,No,Non-Anemic
PID_4400,Female,73,13.40,3.82,38.14,99.89,35.09,35.13,16.50,249.00,9.29,0.23,6.60,34.93,48.82,7.50,8.40,0.40,Yes,No,No,Compensated Microcytosis
PID_4401,Female,44,14.10,4.56,40.77,89.37,30.90,34.61,11.94,120.00,9.83,0.12,14.20,80.69,14.59,2.83,1.90,0.00,No,Yes,No,Non-Anemic
PID_4402,Female,14,12.90,4.62,36.56,79.15,27.94,35.31,12.28,260.00,8.80,0.23,4.90,34.38,51.63,10.38,3.00,0.60,No,No,Yes,Non-Anemic
PID_4403,Male,50,14.60,4.98,44.32,89.01,29.30,32.97,13.54,281.00,7.77,0.22,8.10,76.63,15.98,6.12,1.10,0.20,No,No,No,Non-Anemic
PID_4404,Male,55,12.10,4.90,35.16,71.77,24.71,34.44,12.39,301.00,7.13,0.21,7.90,68.20,17.27,12.38,1.60,0.50,No,No,No,Anemic
PID_4405,Female,83,14.90,4.53,44.02,97.17,32.92,33.89,14.63,184.00,8.91,0.16,4.90,56.97,26.62,15.40,0.40,0.60,Yes,No,No,Compensated Microcytosis
PID_4406,Female,34,13.30,4.16,37.98,91.31,31.98,35.04,13.29,191.00,8.72,0.17,4.90,62.62,21.70,10.91,3.70,1.10,No,Yes,No,Non-Anemic
PID_4407,Female,48,14.20,4.79,41.94,87.54,29.62,33.90,12.19,450.00,7.08,0.32,8.20,61.92,27.64,7.32,2.20,0.90,No,No,No,Non-Anemic
PID_4408,Male,42,15.90,5.06,47.41,93.68,31.39,33.55,12.29,295.00,8.18,0.24,6.90,68.61,21.17,7.16,2.40,0.60,No,No,No,Non-Anemic
PID_4409,Female,52,16.00,4.92,46.18,93.85,32.53,34.63,12.11,195.00,8.52,0.17,5.70,56.36,31.21,10.18,1.80,0.40,No,No,No,Non-Anemic
PID_4410,Male,80,14.40,4.84,41.08,84.86,29.75,35.04,12.12,245.00,7.77,0.19,5.90,57.09,31.20,7.26,3.40,1.00,No,No,No,Non-Anemic
PID_4411,Female,57,12.60,4.25,37.95,89.32,29.68,33.18,10.94,307.00,8.03,0.25,9.40,48.62,40.87,6.28,4.00,0.20,No,No,No,Non-Anemic
PID_4412,Male,62,13.90,4.61,40.97,88.91,30.19,33.95,12.38,232.00,7.08,0.16,7.10,56.33,30.82,9.07,3.40,0.40,No,No,No,Non-Anemic
PID_4413,Female,26,12.50,4.45,38.19,85.85,28.09,32.70,12.41,298.00,8.24,0.24,4.50,39.81,47.50,6.70,5.10,0.90,No,No,No,Non-Anemic
PID_4414,Female,83,12.70,5.01,40.96,81.79,25.37,31.04,13.09,284.00,9.68,0.28,10.00,58.88,28.81,7.84,4.20,0.30,No,No,No,Compensated Microcytosis
PID_4415,Female,35,14.90,4.87,43.52,89.36,30.57,34.26,12.49,173.00,11.13,0.19,10.10,66.75,26.55,4.60,1.30,0.80,No,No,No,Non-Anemic
PID_4416,Female,54,13.00,4.75,37.43,78.83,27.38,34.70,12.49,270.00,6.30,0.17,5.00,44.73,42.67,9.06,3.10,0.40,No,No,No,Non-Anemic
PID_4417,Female,57,12.50,3.63,36.43,100.38,34.45,34.30,11.98,312.00,7.88,0.25,7.60,56.07,29.87,8.97,3.80,1.30,No,No,No,Non-Anemic
PID_4418,Male,55,12.30,4.27,38.85,90.95,28.78,31.67,14.71,247.00,9.70,0.24,8.90,67.43,25.64,5.57,0.80,0.60,No,No,No,Anemic
PID_4419,Male,19,13.40,4.82,39.91,82.78,27.78,33.54,13.30,275.00,7.13,0.20,3.90,30.77,54.50,9.06,4.30,1.30,No,Yes,No,Non-Anemic
PID_4420,Female,45,14.40,4.61,45.95,99.66,31.25,31.32,11.59,326.00,8.32,0.27,8.60,63.39,24.46,10.50,1.20,0.40,No,No,No,Non-Anemic
PID_4421,Male,80,12.90,4.78,36.19,75.72,26.99,35.66,13.14,242.00,8.02,0.19,7.80,63.80,25.57,8.42,1.20,1.00,No,No,No,Anemic
PID_4422,Male,49,13.70,4.52,41.90,92.69,30.31,32.68,12.09,300.00,6.29,0.19,9.20,55.80,34.78,7.61,1.60,0.20,No,No,No,Non-Anemic
PID_4423,Female,60,13.20,4.16,37.18,89.40,31.74,35.52,12.18,262.00,8.88,0.23,6.40,55.74,35.83,6.43,1.80,0.30,No,No,No,Non-Anemic
PID_4424,Male,52,15.70,5.40,44.68,82.74,29.07,35.16,12.46,255.00,7.59,0.19,7.10,59.51,33.33,5.12,1.30,0.80,Yes,No,No,Non-Anemic
PID_4425,Male,46,13.30,4.20,40.40,96.18,31.67,32.91,12.00,265.00,9.30,0.25,5.50,51.27,36.47,8.53,2.50,1.20,No,No,No,Non-Anemic
PID_4426,Female,22,13.70,4.39,41.97,95.63,31.22,32.62,12.28,338.00,7.57,0.26,7.10,76.33,16.70,5.50,0.90,0.60,No,No,No,Non-Anemic
PID_4427,Male,32,15.90,5.33,46.19,86.69,29.86,34.41,11.78,248.00,8.79,0.22,7.40,55.06,31.68,10.09,2.50,0.60,No,No,No,Non-Anemic
PID_4428,Male,56,13.20,4.31,40.02,92.81,30.59,32.99,12.44,230.00,10.03,0.23,6.10,38.11,49.69,10.07,1.70,0.40,No,No,No,Non-Anemic
PID_4429,Male,31,12.60,4.36,36.93,84.67,28.91,34.14,12.47,290.00,9.10,0.26,5.70,58.82,30.68,8.13,1.50,0.90,No,Yes,No,Anemic
PID_4430,Female,34,13.40,4.69,40.10,85.51,28.57,33.40,12.02,279.00,8.24,0.23,5.90,55.58,26.31,15.98,1.80,0.30,No,No,No,Non-Anemic
PID_4431,Male,21,14.80,4.76,46.45,97.59,31.12,31.89,13.72,206.00,7.53,0.15,6.10,60.46,25.76,9.08,4.10,0.60,No,No,No,Non-Anemic
PID_4432,Male,28,13.30,4.85,42.46,87.56,27.43,31.29,13.78,356.00,6.57,0.23,11.20,31.48,57.80,7.46,2.80,0.40,No,No,No,Non-Anemic
PID_4433,Male,32,13.70,5.02,39.97,79.64,27.33,34.29,14.38,285.00,7.81,0.22,7.50,55.32,31.14,10.06,3.20,0.30,No,No,No,Non-Anemic
PID_4434,Female,29,13.10,4.99,39.31,78.78,26.26,33.35,13.93,337.00,8.06,0.27,11.00,25.27,65.48,6.20,1.40,1.60,No,No,No,Compensated Microcytosis
PID_4435,Male,14,13.40,4.41,40.20,91.13,30.35,33.34,12.49,313.00,7.40,0.23,7.30,52.81,35.53,10.13,1.00,0.60,No,No,No,Non-Anemic
PID_4436,Male,39,13.60,4.27,39.04,91.47,31.82,34.86,13.64,244.00,9.61,0.23,6.60,51.19,41.20,5.36,1.70,0.60,Yes,No,No,Non-Anemic
PID_4437,Female,55,14.10,4.51,39.82,88.32,31.27,35.44,12.49,259.00,8.03,0.21,6.60,61.09,27.25,7.98,2.30,1.40,No,No,No,Non-Anemic
PID_4438,Male,47,14.70,5.16,43.66,84.58,28.47,33.65,13.57,264.00,7.80,0.21,8.60,61.22,28.47,5.08,4.60,0.60,No,No,No,Non-Anemic
PID_4439,Female,27,14.10,4.39,41.98,95.64,32.15,33.60,11.10,205.00,7.48,0.15,4.70,53.66,28.75,13.19,2.70,1.70,No,No,No,Non-Anemic
PID_4440,Female,25,14.10,4.97,40.75,81.99,28.36,34.62,11.79,379.00,8.81,0.33,8.40,64.08,21.76,6.87,6.60,0.60,Yes,No,Yes,Non-Anemic
PID_4441,Female,26,14.20,5.17,43.87,84.89,27.50,32.40,12.90,229.00,9.06,0.21,6.60,56.02,27.29,8.16,7.70,0.80,No,No,No,Non-Anemic
PID_4442,Male,38,12.90,4.26,37.64,88.35,30.30,34.25,11.96,243.00,6.92,0.17,4.10,41.78,46.34,7.59,3.50,0.80,No,Yes,No,Anemic
PID_4443,Male,60,16.40,5.38,47.31,87.91,30.47,34.65,12.04,156.00,9.53,0.15,6.20,50.01,35.69,9.73,4.20,0.40,No,No,No,Non-Anemic
PID_4444,Male,74,15.40,5.36,44.23,82.54,28.74,34.84,11.78,213.00,9.07,0.19,8.40,55.51,38.57,4.10,1.20,0.60,No,No,No,Non-Anemic
PID_4445,Male,70,14.50,4.47,45.78,102.41,32.41,31.67,12.97,377.00,7.50,0.28,14.70,72.12,18.22,8.03,1.10,0.60,No,No,No,Non-Anemic
PID_4446,Female,24,13.20,4.47,39.90,89.25,29.55,33.06,12.43,188.00,8.83,0.17,6.60,66.22,26.00,6.30,1.00,0.50,No,No,No,Non-Anemic
PID_4447,Female,28,16.10,5.49,48.87,89.00,29.29,32.97,13.81,243.00,8.28,0.20,6.60,43.91,41.87,11.83,1.80,0.60,Yes,No,Yes,Non-Anemic
PID_4448,Male,23,14.90,4.61,43.67,94.76,32.30,34.15,11.83,221.00,7.60,0.17,8.30,67.78,24.23,6.72,0.90,0.40,Yes,No,No,Non-Anemic
PID_4449,Male,74,16.30,5.09,47.14,92.64,32.06,34.54,12.39,232.00,8.44,0.19,5.90,51.83,35.96,9.06,2.70,0.40,No,No,No,Non-Anemic
PID_4450,Male,41,11.70,4.26,32.69,76.72,27.43,35.81,12.30,379.00,7.00,0.27,8.70,38.74,50.44,8.59,1.80,0.40,No,No,No,Anemic
PID_4451,Female,27,13.80,4.97,41.31,83.11,27.76,33.42,11.39,421.00,7.79,0.33,9.80,50.03,36.94,5.28,7.09,0.60,No,No,No,Non-Anemic
PID_4452,Female,24,15.10,4.78,45.21,94.59,31.61,33.40,11.96,295.00,9.80,0.29,5.90,60.53,29.77,7.54,2.00,0.20,No,No,Yes,Non-Anemic
PID_4453,Female,68,13.90,4.82,39.29,81.48,28.83,35.38,12.22,435.00,7.88,0.34,7.50,62.42,28.68,6.38,1.90,0.60,No,No,No,Non-Anemic
PID_4454,Female,57,12.20,4.22,35.51,84.12,28.88,34.37,12.62,243.00,8.07,0.20,4.70,47.42,39.75,8.85,3.19,0.80,No,No,No,Non-Anemic
PID_4455,Male,26,13.00,3.99,36.60,91.71,32.59,35.53,13.22,220.00,7.53,0.17,5.20,60.11,25.02,8.47,6.00,0.40,No,No,No,Non-Anemic
PID_4456,Female,27,14.10,4.76,41.05,86.22,29.60,34.36,12.48,350.00,7.60,0.27,6.40,53.63,32.69,10.52,2.80,0.40,No,No,No,Non-Anemic
PID_4457,Male,65,12.90,5.01,39.56,78.94,25.77,32.58,12.63,348.00,6.83,0.24,8.40,43.53,47.13,7.60,1.20,0.60,No,No,No,Anemic
PID_4458,Male,45,12.80,4.80,39.51,82.28,26.63,32.38,12.39,376.00,9.11,0.34,6.80,22.71,59.05,12.79,4.70,0.80,No,No,No,Anemic
PID_4459,Male,27,14.20,4.89,44.18,90.34,29.07,32.16,12.02,256.00,7.70,0.20,12.80,36.73,56.37,5.53,1.10,0.30,No,No,Yes,Non-Anemic
PID_4460,Male,34,11.20,3.47,32.19,92.77,32.26,34.76,11.83,263.00,8.13,0.21,8.30,69.70,13.81,5.46,10.40,0.60,No,No,No,Anemic
PID_4461,Female,31,12.70,3.95,35.85,90.76,32.19,35.44,13.27,258.00,7.79,0.20,8.40,60.93,31.09,6.28,0.90,0.80,No,No,No,Non-Anemic
PID_4462,Female,46,15.40,4.86,42.52,87.46,31.72,36.19,12.37,306.00,7.96,0.24,5.20,64.71,23.52,9.10,1.90,0.80,No,No,No,Non-Anemic
PID_4463,Male,25,17.30,5.59,49.41,88.39,30.94,35.00,11.89,249.00,9.07,0.23,9.10,47.51,41.90,7.58,2.60,0.40,No,No,No,Non-Anemic
PID_4464,Male,24,15.20,4.74,42.94,90.59,32.10,35.41,11.66,208.00,8.11,0.17,5.30,36.83,52.77,8.39,1.60,0.40,No,No,No,Non-Anemic
PID_4465,Female,28,13.40,4.88,40.24,82.44,27.46,33.27,12.43,481.00,7.04,0.34,7.70,42.16,49.81,5.73,1.80,0.50,No,No,No,Non-Anemic
PID_4466,Male,22,15.90,5.27,48.75,92.53,30.13,32.62,12.23,159.00,8.67,0.14,5.00,52.82,36.83,8.36,1.20,0.80,No,No,No,Non-Anemic
PID_4467,Female,17,13.30,4.77,37.98,79.62,27.89,35.01,12.80,392.00,7.14,0.28,8.00,84.30,8.90,5.40,0.80,0.60,No,No,No,Non-Anemic
PID_4468,Male,51,15.20,5.17,44.06,85.19,29.38,34.52,11.93,240.00,7.78,0.19,7.30,51.96,30.97,8.19,7.30,1.50,No,No,No,Non-Anemic
PID_4469,Male,21,13.70,4.76,40.14,84.31,28.76,34.13,13.34,186.00,8.56,0.16,7.00,36.97,49.50,9.80,3.00,0.70,No,No,No,Non-Anemic
PID_4470,Female,35,14.30,4.83,41.49,85.89,29.60,34.47,12.17,230.00,8.78,0.20,5.40,54.66,35.43,6.33,2.50,1.10,No,No,Yes,Non-Anemic
PID_4471,Male,26,13.70,4.51,39.84,88.36,30.37,34.41,14.28,214.00,8.19,0.18,7.40,59.98,31.82,5.67,2.20,0.30,No,No,No,Non-Anemic
PID_4472,Female,56,13.90,4.32,39.11,90.50,32.21,35.54,11.19,231.00,8.08,0.19,5.60,47.08,31.39,13.45,6.89,1.20,No,No,No,Non-Anemic
PID_4473,Male,80,14.50,4.74,40.78,86.03,30.61,35.51,13.92,202.00,8.02,0.16,5.60,51.84,35.83,10.03,1.70,0.60,No,No,Yes,Non-Anemic
PID_4474,Female,64,13.00,4.70,37.51,79.83,27.67,34.68,12.39,373.00,7.88,0.29,6.80,55.23,35.04,5.80,3.40,0.60,No,No,No,Non-Anemic
PID_4475,Male,41,12.90,4.11,36.84,89.63,31.37,34.97,11.53,210.00,9.48,0.20,13.50,59.40,31.88,5.61,2.30,0.80,No,No,No,Anemic
PID_4476,Male,65,14.00,4.56,40.44,88.65,30.69,34.64,12.62,356.00,7.13,0.25,6.80,65.15,26.25,6.89,0.70,1.00,No,No,No,Non-Anemic
PID_4477,Female,21,14.10,4.58,42.16,92.06,30.75,33.48,11.87,305.00,6.89,0.21,7.50,69.37,21.27,7.99,0.90,0.40,No,No,No,Non-Anemic
PID_4478,Female,74,13.70,5.10,39.25,76.91,26.85,34.90,14.37,246.00,8.38,0.21,8.30,59.00,30.33,9.25,0.90,0.60,Yes,Yes,No,Compensated Microcytosis
PID_4479,Female,73,13.30,4.26,41.14,96.55,31.25,32.34,14.08,253.00,9.98,0.25,11.60,64.96,19.48,10.43,4.30,0.90,No,No,No,Non-Anemic
PID_4480,Male,50,13.10,4.38,37.15,84.81,29.93,35.24,12.50,327.00,8.59,0.28,7.40,47.57,39.74,7.06,4.30,1.30,No,No,No,Non-Anemic
PID_4481,Female,33,15.40,5.22,47.29,90.57,29.51,32.56,12.39,260.00,7.63,0.20,8.40,70.58,21.59,6.52,1.20,0.10,No,No,No,Non-Anemic
PID_4482,Male,79,12.40,4.35,36.11,83.02,28.47,34.34,12.41,276.00,7.51,0.21,5.40,25.28,66.19,5.77,2.50,0.20,No,No,No,Anemic
PID_4483,Female,55,12.20,3.82,36.99,96.84,31.94,32.97,12.42,234.00,8.38,0.20,12.50,77.41,15.70,5.72,0.90,0.30,No,No,No,Non-Anemic
PID_4484,Female,70,14.20,4.60,40.96,89.05,30.90,34.69,12.93,374.00,7.50,0.28,9.40,59.33,29.77,6.62,3.40,0.90,No,Yes,No,Non-Anemic
PID_4485,Female,71,15.40,5.28,45.35,85.91,29.17,33.94,12.26,266.00,8.34,0.22,5.70,55.33,32.46,6.88,4.59,0.80,No,No,No,Non-Anemic
PID_4486,Male,78,12.50,4.51,38.96,86.40,27.69,32.07,12.47,278.00,7.88,0.22,9.40,55.79,26.96,8.42,7.60,1.20,Yes,No,No,Anemic
PID_4487,Female,73,14.20,4.79,41.15,85.94,29.63,34.50,11.76,273.00,8.20,0.22,5.90,41.51,46.52,8.40,2.79,0.80,No,No,No,Non-Anemic
PID_4488,Female,43,18.00,5.86,54.04,92.18,30.69,33.35,13.50,209.00,8.98,0.19,7.00,62.12,29.36,6.28,1.40,0.80,No,Yes,No,Non-Anemic
PID_4489,Female,75,12.90,4.58,36.80,80.35,28.18,35.10,12.86,266.00,7.68,0.20,7.60,40.28,44.31,7.69,6.30,1.40,Yes,Yes,No,Non-Anemic
PID_4490,Female,63,12.40,4.29,36.47,85.05,28.92,34.03,12.16,283.00,7.53,0.21,10.30,69.31,23.36,5.07,1.80,0.40,No,No,No,Non-Anemic
PID_4491,Female,65,12.40,4.34,35.97,82.86,28.57,34.44,12.89,287.00,7.48,0.22,5.90,40.29,48.69,8.59,1.60,0.80,Yes,No,No,Non-Anemic
PID_4492,Male,48,14.30,4.24,43.53,102.69,33.70,32.83,11.21,308.00,7.39,0.23,4.40,61.99,28.40,7.20,1.80,0.60,No,No,No,Non-Anemic
PID_4493,Female,55,13.90,4.48,41.75,93.18,31.00,33.31,12.72,227.00,8.83,0.20,4.60,47.49,37.27,12.10,2.60,0.60,No,No,No,Non-Anemic
PID_4494,Male,56,15.90,5.13,47.53,92.65,31.02,33.42,11.79,220.00,8.93,0.20,7.10,49.91,39.97,5.58,2.80,1.70,No,No,No,Non-Anemic
PID_4495,Female,38,17.00,5.55,48.53,87.44,30.67,35.05,12.37,282.00,8.53,0.24,7.80,64.76,23.86,8.70,2.30,0.40,No,No,Yes,Non-Anemic
PID_4496,Female,75,14.20,4.49,39.43,87.81,31.61,36.01,13.68,265.00,7.59,0.20,8.50,54.13,34.79,8.11,2.70,0.30,No,No,No,Non-Anemic
PID_4497,Male,73,16.00,5.22,48.44,92.82,30.66,33.01,13.38,219.00,7.88,0.17,9.80,55.84,27.61,10.78,4.70,1.10,No,No,No,Non-Anemic
PID_4498,Female,27,17.10,5.70,48.45,84.98,29.98,35.31,11.93,231.00,8.99,0.21,9.20,57.86,31.53,8.57,1.50,0.50,No,No,No,Non-Anemic
PID_4499,Male,80,15.80,4.95,50.32,101.68,31.95,31.43,12.77,302.00,8.12,0.24,8.90,53.15,36.44,8.11,1.80,0.50,No,No,No,Non-Anemic
PID_4500,Female,73,14.50,4.99,44.52,89.22,29.09,32.60,12.39,277.00,8.74,0.24,9.80,63.70,21.83,12.53,1.70,0.30,No,No,No,Non-Anemic
PID_4501,Female,75,15.50,4.85,47.18,97.26,31.95,32.89,12.12,242.00,8.10,0.20,11.40,76.29,16.76,5.59,1.20,0.10,No,No,No,Non-Anemic
PID_4502,Male,25,17.70,5.65,54.67,96.76,31.34,32.38,12.59,269.00,9.01,0.24,7.80,59.66,31.68,6.88,1.10,0.60,Yes,Yes,No,Non-Anemic
PID_4503,Male,54,14.50,5.36,45.17,84.26,27.08,32.13,13.53,342.00,7.34,0.25,6.80,50.75,38.73,8.51,1.30,0.70,No,Yes,No,Compensated Microcytosis
PID_4504,Male,76,14.40,5.35,41.74,78.07,26.93,34.53,12.18,354.00,8.92,0.32,8.40,57.59,29.93,8.11,4.20,0.20,No,No,No,Compensated Microcytosis
PID_4505,Male,23,12.40,3.99,36.75,92.08,31.05,33.73,12.26,265.00,8.21,0.22,7.10,49.78,39.33,8.21,2.00,0.70,No,No,No,Anemic
PID_4506,Female,50,15.10,5.37,43.82,81.61,28.08,34.48,12.52,183.00,11.17,0.20,10.10,70.81,20.38,4.91,3.10,0.80,No,No,No,Non-Anemic
PID_4507,Male,52,13.40,5.11,38.47,75.31,26.26,34.80,11.80,382.00,6.59,0.25,7.50,46.79,37.99,8.57,5.89,0.80,No,No,No,Compensated Microcytosis
PID_4508,Male,40,14.10,4.52,41.09,90.93,31.23,34.30,13.01,206.00,8.36,0.17,7.60,44.19,42.92,7.88,4.40,0.60,No,Yes,No,Non-Anemic
PID_4509,Male,79,12.90,4.14,37.08,89.55,31.17,34.77,12.32,247.00,8.02,0.20,4.70,46.28,40.48,10.01,3.10,0.10,No,No,No,Anemic
PID_4510,Female,79,15.40,4.53,45.41,100.24,34.01,33.92,11.51,154.00,8.49,0.13,5.30,60.80,23.81,11.89,2.90,0.60,No,No,No,Non-Anemic
PID_4511,Female,46,13.40,4.37,41.14,94.12,30.63,32.56,13.31,227.00,7.58,0.17,6.90,30.16,58.21,6.80,3.80,1.00,No,No,No,Non-Anemic
PID_4512,Male,55,12.30,5.09,34.87,68.51,24.16,35.26,14.37,314.00,7.12,0.22,11.10,24.06,59.76,13.20,2.30,0.70,No,No,No,Anemic
PID_4513,Male,45,13.40,4.34,40.25,92.70,30.84,33.26,12.27,298.00,7.37,0.22,8.30,58.27,33.67,5.72,1.90,0.50,No,No,No,Non-Anemic
PID_4514,Female,21,14.90,4.85,45.32,93.46,30.75,32.88,12.41,264.00,8.29,0.22,6.10,60.03,28.35,10.50,0.50,0.60,No,No,No,Non-Anemic
PID_4515,Female,64,18.20,5.49,53.87,98.12,33.15,33.80,12.47,278.00,8.07,0.23,9.60,62.81,24.52,8.13,4.20,0.40,Yes,No,No,Non-Anemic
PID_4516,Male,59,14.80,5.25,44.98,85.66,28.16,32.91,11.96,298.00,8.10,0.24,6.60,39.93,37.81,8.79,12.60,0.90,No,Yes,No,Non-Anemic
PID_4517,Male,42,14.60,4.78,43.58,91.20,30.57,33.48,12.24,361.00,8.21,0.30,8.10,72.54,19.81,4.91,2.50,0.20,No,No,Yes,Non-Anemic
PID_4518,Female,57,10.20,4.01,29.64,73.92,25.46,34.43,13.26,135.00,10.39,0.14,3.70,49.26,39.53,9.42,1.10,0.70,No,No,No,Anemic
PID_4519,Female,72,11.40,4.04,33.12,81.97,28.26,34.44,15.38,363.00,8.08,0.29,15.60,78.50,14.49,6.19,0.40,0.40,No,No,No,Anemic
PID_4520,Male,61,12.70,4.10,38.58,94.12,30.96,32.89,12.86,262.00,7.89,0.21,5.00,50.10,33.22,9.01,6.39,1.30,Yes,No,No,Anemic
PID_4521,Female,43,14.20,4.85,42.50,87.59,29.24,33.43,12.99,381.00,7.82,0.30,4.40,34.12,53.78,8.46,2.70,0.90,No,Yes,No,Non-Anemic
PID_4522,Female,41,12.70,4.23,35.99,85.11,30.00,35.30,15.40,331.00,7.40,0.24,7.50,56.99,35.18,6.86,0.60,0.30,No,No,No,Compensated Microcytosis
PID_4523,Female,49,13.70,4.38,39.60,90.41,31.30,34.56,11.18,170.00,8.89,0.15,7.50,62.60,29.89,4.79,2.40,0.30,No,No,No,Non-Anemic
PID_4524,Male,65,17.10,5.35,46.86,87.58,31.96,36.47,12.74,220.00,8.57,0.19,5.60,59.92,26.64,10.60,2.00,0.90,No,No,No,Non-Anemic
PID_4525,Female,62,13.90,4.91,39.25,79.94,28.29,35.44,13.47,374.00,6.63,0.25,5.70,43.89,44.39,8.21,2.51,1.00,No,No,No,Non-Anemic
PID_4526,Male,26,15.60,5.41,44.10,81.55,28.86,35.33,12.91,358.00,8.13,0.29,6.10,56.42,27.34,10.08,6.00,0.20,No,No,No,Non-Anemic
PID_4527,Male,22,15.40,4.97,47.63,95.84,30.99,32.30,12.04,281.00,8.12,0.23,4.90,42.77,45.47,8.76,1.80,1.20,No,No,No,Non-Anemic
PID_4528,Male,24,14.80,5.02,42.39,84.45,29.46,34.93,12.23,248.00,7.60,0.19,6.60,70.81,16.75,10.97,0.80,0.60,No,No,No,Non-Anemic
PID_4529,Female,65,16.20,5.56,47.74,85.85,29.16,33.93,12.14,312.00,8.59,0.27,6.10,41.95,45.41,8.51,2.81,1.30,No,No,No,Non-Anemic
PID_4530,Female,46,15.60,5.59,46.79,83.73,27.87,33.34,13.12,250.00,9.28,0.23,7.60,58.76,31.41,7.57,1.80,0.40,No,No,No,Non-Anemic
PID_4531,Female,39,14.60,4.65,42.69,91.82,31.39,34.21,13.33,328.00,8.36,0.28,9.30,47.27,41.47,7.19,3.20,0.90,No,No,No,Non-Anemic
PID_4532,Female,77,11.20,4.01,31.88,79.46,27.96,35.14,14.48,158.00,8.90,0.14,5.30,55.81,30.01,7.22,5.30,1.70,No,No,No,Anemic
PID_4533,Male,71,14.20,4.21,41.04,97.51,33.69,34.61,13.07,322.00,7.43,0.24,9.10,58.17,26.49,6.19,8.80,0.30,No,No,No,Non-Anemic
PID_4534,Female,71,16.80,5.28,50.99,96.56,31.82,32.97,12.13,243.00,8.53,0.21,8.00,51.49,32.29,10.76,5.10,0.30,No,Yes,No,Non-Anemic
PID_4535,Male,23,11.70,4.26,33.53,78.68,27.48,34.90,13.06,292.00,8.59,0.25,7.60,56.30,32.66,9.40,0.90,0.70,No,No,No,Anemic
PID_4536,Female,29,15.20,5.32,45.74,85.95,28.54,33.24,12.07,431.00,7.29,0.31,9.30,52.59,38.50,6.78,2.00,0.20,No,No,No,Non-Anemic
PID_4537,Male,29,15.30,5.17,44.66,86.37,29.57,34.23,12.58,209.00,9.37,0.20,6.90,59.92,28.09,9.61,1.60,0.80,No,No,No,Non-Anemic
PID_4538,Male,20,14.40,4.88,42.81,87.75,29.51,33.63,12.31,288.00,8.27,0.24,5.90,59.88,31.92,5.91,1.40,0.90,No,No,No,Non-Anemic
PID_4539,Male,74,14.20,4.47,42.09,94.15,31.80,33.71,12.43,274.00,7.57,0.21,6.20,63.40,23.30,8.12,4.60,0.60,Yes,No,No,Non-Anemic
PID_4540,Female,60,14.30,4.99,40.95,82.04,28.66,34.91,13.08,280.00,7.87,0.22,14.20,55.05,34.69,5.11,1.20,4.00,No,No,No,Non-Anemic
PID_4541,Female,59,11.20,3.84,34.20,89.06,29.20,32.72,12.56,374.00,7.20,0.27,8.40,47.00,44.50,5.60,2.30,0.60,No,No,No,Anemic
PID_4542,Female,55,12.60,4.49,34.68,77.25,28.05,36.37,12.31,441.00,8.01,0.35,6.60,41.58,39.13,9.96,9.00,0.30,No,No,No,Non-Anemic
PID_4543,Female,23,12.50,4.60,39.29,85.42,27.18,31.82,12.37,339.00,6.81,0.23,6.50,37.67,52.71,5.18,4.00,0.40,No,No,No,Non-Anemic
PID_4544,Male,75,15.80,5.20,47.47,91.29,30.42,33.25,12.54,269.00,8.44,0.23,6.30,54.02,35.04,7.80,2.50,0.60,No,Yes,No,Non-Anemic
PID_4545,Male,54,10.20,4.24,29.61,69.83,24.08,34.40,15.18,469.00,7.91,0.37,6.80,65.79,23.37,8.62,1.60,0.60,No,No,No,Anemic
PID_4546,Male,63,13.30,4.41,38.33,86.94,30.19,34.71,14.29,268.00,7.59,0.20,6.40,66.19,23.35,7.58,2.50,0.40,No,No,No,Non-Anemic
PID_4547,Female,18,13.50,4.36,39.85,91.37,31.00,33.86,12.73,238.00,8.30,0.20,11.30,74.19,19.04,5.66,0.80,0.30,No,No,No,Non-Anemic
PID_4548,Female,36,13.80,4.66,40.67,87.24,29.63,33.93,14.51,219.00,8.60,0.19,3.40,60.51,22.90,12.39,3.40,0.80,No,No,No,Non-Anemic
PID_4549,Female,71,16.70,5.01,48.42,96.65,33.32,34.49,11.91,262.00,7.80,0.20,5.40,52.63,34.42,11.47,0.90,0.60,No,No,No,Non-Anemic
PID_4550,Female,49,16.00,5.26,47.45,90.23,30.39,33.73,12.03,257.00,7.72,0.20,8.10,63.55,27.89,5.59,2.30,0.60,No,No,No,Non-Anemic
PID_4551,Male,74,11.40,3.87,31.96,82.55,29.49,35.66,12.51,265.00,6.59,0.17,9.10,78.60,16.04,4.10,1.30,0.00,Yes,No,No,Anemic
PID_4552,Male,78,15.30,5.26,43.71,83.09,29.06,35.01,13.23,235.00,9.48,0.22,8.70,51.81,35.58,11.30,0.80,0.50,No,No,No,Non-Anemic
PID_4553,Female,47,14.00,4.53,39.95,88.22,30.94,35.08,11.72,218.00,7.98,0.17,5.60,58.52,31.47,7.42,2.10,0.50,No,No,No,Non-Anemic
PID_4554,Female,52,13.70,4.40,41.72,94.77,31.16,32.82,12.30,345.00,7.61,0.26,8.40,62.29,26.37,7.67,2.70,0.90,No,No,No,Non-Anemic
PID_4555,Male,36,13.70,5.03,40.41,80.36,27.24,33.93,12.16,392.00,6.87,0.27,7.10,63.22,29.22,5.73,1.30,0.60,Yes,No,Yes,Non-Anemic
PID_4556,Male,55,15.20,4.50,45.19,100.43,33.74,33.63,11.13,334.00,8.02,0.27,5.20,53.69,36.74,7.61,1.40,0.60,No,No,No,Non-Anemic
PID_4557,Male,62,15.40,6.05,46.96,77.61,25.42,32.77,12.67,307.00,7.92,0.24,8.40,50.72,28.84,12.31,7.89,0.20,No,Yes,No,Compensated Microcytosis
PID_4558,Female,34,15.40,5.07,44.73,88.23,30.37,34.43,12.04,346.00,7.60,0.26,8.90,64.62,23.75,8.12,2.50,1.00,No,No,No,Non-Anemic
PID_4559,Female,25,15.00,4.80,44.97,93.72,31.24,33.38,12.59,327.00,8.11,0.26,7.20,63.12,28.17,6.27,2.10,0.30,No,No,No,Non-Anemic
PID_4560,Male,45,13.90,4.45,39.96,89.79,31.24,34.77,11.02,247.00,8.00,0.20,8.60,58.72,31.30,7.41,2.20,0.40,No,No,No,Non-Anemic
PID_4561,Male,51,14.80,4.81,45.24,94.03,30.74,32.69,11.53,338.00,8.34,0.28,8.80,57.31,33.27,6.89,2.00,0.50,No,No,No,Non-Anemic
PID_4562,Female,30,11.30,3.41,31.33,91.90,33.15,36.06,13.51,283.00,7.29,0.21,7.50,64.70,24.51,9.07,1.70,0.00,Yes,No,Yes,Anemic
PID_4563,Male,50,14.80,4.90,44.95,91.77,30.24,32.92,11.64,246.00,8.49,0.21,6.60,51.18,34.14,9.80,3.70,1.20,Yes,No,No,Non-Anemic
PID_4564,Male,44,11.80,5.60,34.44,61.50,21.10,34.30,14.72,351.00,7.96,0.28,12.20,43.17,45.09,7.89,3.30,0.60,No,No,No,Anemic
PID_4565,Male,43,13.70,4.69,39.20,83.60,29.20,34.95,11.80,352.00,8.08,0.29,4.40,49.42,34.97,8.52,6.29,0.80,No,No,No,Non-Anemic
PID_4566,Female,80,14.40,4.76,43.22,90.81,30.29,33.33,12.50,312.00,8.87,0.28,8.60,69.64,19.16,8.76,1.70,0.70,No,No,No,Non-Anemic
PID_4567,Male,65,13.50,4.86,38.55,79.34,27.75,35.04,12.37,258.00,7.64,0.20,5.10,33.20,52.70,8.11,5.70,0.30,No,No,Yes,Non-Anemic
PID_4568,Male,54,12.90,4.44,39.66,89.36,29.05,32.50,12.33,320.00,9.33,0.30,13.40,67.56,22.01,6.74,3.10,0.60,No,No,No,Anemic
PID_4569,Male,24,14.20,5.02,39.73,79.12,28.32,35.78,12.22,323.00,7.52,0.24,7.60,73.21,19.38,6.22,0.60,0.60,No,No,No,Non-Anemic
PID_4570,Male,65,12.30,3.80,36.16,95.13,32.37,34.02,12.38,258.00,6.62,0.17,7.90,68.51,23.86,6.89,0.40,0.30,No,No,No,Anemic
PID_4571,Female,34,12.10,5.10,36.35,71.30,23.72,33.25,15.41,303.00,5.87,0.18,7.90,52.49,32.84,9.46,4.30,0.90,No,No,No,Compensated Microcytosis
PID_4572,Male,27,15.60,4.93,46.37,94.08,31.62,33.63,12.57,192.00,8.52,0.16,5.70,61.96,28.80,7.03,1.90,0.30,No,No,No,Non-Anemic
PID_4573,Female,50,14.30,4.52,40.89,90.51,31.63,34.96,12.52,258.00,8.08,0.21,7.40,56.57,30.73,8.92,2.50,1.30,No,No,No,Non-Anemic
PID_4574,Female,19,12.00,4.64,36.04,77.67,25.83,33.30,12.38,370.00,6.79,0.25,7.60,45.72,40.84,9.56,3.30,0.50,No,No,Yes,Compensated Microcytosis
PID_4575,Female,47,13.20,4.51,39.88,88.45,29.26,33.08,13.01,158.00,7.99,0.13,4.60,43.31,43.82,11.20,1.00,0.70,No,No,No,Non-Anemic
PID_4576,Male,61,14.80,4.89,43.87,89.69,30.26,33.71,12.08,344.00,7.62,0.26,6.80,58.86,32.07,7.22,1.20,0.60,No,No,No,Non-Anemic
PID_4577,Male,37,12.90,4.50,39.59,87.93,28.68,32.59,13.24,230.00,8.41,0.19,4.30,32.80,57.61,7.27,2.30,0.00,No,No,No,Anemic
PID_4578,Female,26,14.40,4.69,39.80,84.83,30.72,36.16,11.80,225.00,7.68,0.17,8.30,57.77,26.81,5.21,9.19,1.10,No,No,No,Non-Anemic
PID_4579,Male,63,13.00,4.32,39.02,90.32,30.11,33.34,12.72,233.00,8.94,0.21,4.40,39.81,44.32,9.52,5.60,0.80,No,No,No,Non-Anemic
PID_4580,Male,47,12.30,4.66,35.14,75.41,26.36,35.01,14.98,371.00,6.76,0.25,11.40,45.21,42.41,7.79,4.20,0.40,No,No,No,Anemic
PID_4581,Male,78,13.90,4.39,40.58,92.45,31.64,34.25,12.13,190.00,9.08,0.17,5.40,61.03,26.76,7.87,3.60,0.70,No,No,No,Non-Anemic
PID_4582,Female,62,12.10,4.11,36.87,89.69,29.47,32.83,12.01,259.00,8.19,0.21,3.80,55.21,33.48,5.12,5.60,0.60,No,No,No,Non-Anemic
PID_4583,Male,66,12.80,4.30,37.65,87.56,29.79,34.00,11.78,235.00,7.63,0.18,5.30,46.69,39.55,11.80,1.70,0.30,No,No,No,Anemic
PID_4584,Male,28,13.90,4.03,39.78,98.67,34.50,34.96,12.60,243.00,8.71,0.21,6.90,64.88,21.60,11.63,0.30,1.60,No,No,No,Non-Anemic
PID_4585,Male,35,13.00,4.39,38.49,87.72,29.63,33.77,12.32,243.00,8.44,0.20,8.90,53.87,33.22,6.98,5.30,0.60,No,No,Yes,Non-Anemic
PID_4586,Male,37,13.00,4.22,36.69,86.92,30.84,35.40,13.07,245.00,9.41,0.23,7.20,52.02,37.08,8.06,1.90,0.90,No,No,No,Non-Anemic
PID_4587,Female,62,14.50,4.95,41.16,83.16,29.26,35.22,12.42,242.00,8.38,0.20,5.50,58.84,30.47,7.37,2.40,0.90,No,No,No,Non-Anemic
PID_4588,Female,18,13.30,4.68,37.89,80.96,28.39,35.07,12.99,277.00,7.40,0.20,5.90,37.22,48.99,9.18,4.50,0.10,No,No,Yes,Non-Anemic
PID_4589,Female,62,13.60,4.86,40.66,83.64,27.94,33.45,12.24,325.00,8.60,0.28,8.40,64.33,26.85,6.59,1.90,0.30,No,No,No,Non-Anemic
PID_4590,Female,49,11.40,4.09,34.86,85.20,27.88,32.71,12.12,280.00,7.08,0.20,6.80,34.06,53.52,6.25,5.49,0.60,No,No,No,Anemic
PID_4591,Female,64,14.80,4.89,44.49,91.01,30.27,33.27,12.11,400.00,7.89,0.32,9.80,71.46,19.79,6.78,1.50,0.40,No,No,No,Non-Anemic
PID_4592,Female,56,14.30,4.22,41.77,98.94,33.91,34.26,11.99,212.00,7.50,0.16,6.30,54.03,35.62,6.48,3.30,0.60,No,No,No,Non-Anemic
PID_4593,Female,35,13.90,5.06,40.11,79.26,27.49,34.67,12.48,254.00,8.74,0.22,9.40,46.33,41.36,8.60,2.90,0.80,Yes,Yes,No,Non-Anemic
PID_4594,Male,20,15.00,5.08,47.78,94.07,29.51,31.39,12.68,232.00,8.52,0.20,7.40,51.26,37.66,7.67,2.80,0.60,No,No,No,Non-Anemic
PID_4595,Male,26,13.90,4.40,40.89,92.94,31.58,34.01,11.90,242.00,8.59,0.21,7.80,71.89,19.31,6.90,1.40,0.50,No,No,No,Non-Anemic
PID_4596,Female,33,11.30,3.70,33.05,89.32,30.51,34.17,12.20,453.00,5.94,0.27,8.20,70.82,21.85,6.38,0.60,0.30,No,No,No,Anemic
PID_4597,Male,72,14.40,5.63,42.77,75.98,25.58,33.64,16.31,12.00,7.56,0.01,7.80,64.82,16.22,12.98,4.30,1.70,No,No,No,Compensated Microcytosis
PID_4598,Female,29,14.70,4.71,41.35,87.79,31.17,35.53,13.17,221.00,8.51,0.19,7.00,51.22,43.32,2.78,1.90,0.70,No,No,No,Non-Anemic
PID_4599,Female,36,14.90,5.54,43.18,77.95,26.87,34.48,13.90,256.00,7.33,0.19,8.40,72.21,18.70,5.30,2.80,1.00,No,Yes,No,Compensated Microcytosis
PID_4600,Male,29,10.40,4.53,29.24,64.52,22.93,35.60,13.79,251.00,10.21,0.26,5.90,65.73,23.82,7.09,2.80,0.60,No,No,No,Anemic
PID_4601,Male,40,15.40,5.07,45.64,90.03,30.37,33.71,12.30,79.00,9.40,0.07,4.90,60.42,25.51,9.27,4.00,0.80,Yes,No,No,Non-Anemic
PID_4602,Male,41,16.20,5.89,46.12,78.30,27.49,35.14,12.56,233.00,9.47,0.22,8.20,55.03,35.20,5.61,3.40,0.80,No,No,No,Non-Anemic
PID_4603,Male,64,15.00,5.34,41.71,78.12,28.09,35.93,12.94,231.00,8.83,0.20,6.00,31.26,51.88,9.89,5.30,1.60,No,No,No,Non-Anemic
PID_4604,Female,21,13.50,4.31,37.95,88.06,31.30,35.61,12.32,257.00,8.23,0.21,7.30,65.92,24.81,8.00,0.90,0.40,No,No,No,Non-Anemic
PID_4605,Male,76,15.10,5.39,46.19,85.67,27.98,32.67,13.11,269.00,7.42,0.20,4.40,53.09,36.22,6.87,3.40,0.40,No,No,No,Non-Anemic
PID_4606,Male,32,14.40,4.91,42.74,87.06,29.33,33.73,13.08,227.00,8.13,0.18,5.40,50.37,41.46,4.71,2.50,1.00,No,No,No,Non-Anemic
PID_4607,Male,21,15.00,4.80,44.66,93.05,31.27,33.62,11.36,277.00,7.91,0.22,7.00,48.12,42.32,7.09,1.90,0.50,No,No,Yes,Non-Anemic
PID_4608,Male,25,14.70,4.84,42.50,87.80,30.36,34.57,12.83,431.00,6.88,0.30,10.60,57.14,36.00,4.66,1.60,0.60,No,No,No,Non-Anemic
PID_4609,Male,44,14.20,4.41,40.78,92.49,32.22,34.85,12.32,242.00,8.38,0.20,9.00,68.75,21.20,7.53,1.70,0.90,Yes,No,No,Non-Anemic
PID_4610,Male,44,15.60,5.51,47.28,85.82,28.32,32.98,12.03,326.00,9.04,0.29,7.10,55.24,30.14,11.23,3.00,0.40,No,No,No,Non-Anemic
PID_4611,Female,24,11.60,4.06,34.04,83.84,28.59,34.12,12.29,294.00,7.61,0.22,6.80,47.96,40.28,10.18,0.90,0.60,No,Yes,No,Anemic
PID_4612,Female,53,12.80,4.45,40.54,91.05,28.78,31.55,11.47,277.00,8.10,0.22,6.40,44.43,45.31,8.56,1.60,0.10,No,No,No,Non-Anemic
PID_4613,Female,68,17.30,5.09,48.42,95.11,34.03,35.74,11.84,229.00,7.33,0.17,5.90,60.17,28.65,7.66,3.30,0.20,No,Yes,No,Non-Anemic
PID_4614,Male,33,13.50,5.05,40.44,80.09,26.77,33.41,12.47,327.00,6.80,0.22,8.40,61.44,21.64,13.72,2.60,0.60,No,No,No,Compensated Microcytosis
PID_4615,Female,49,15.70,5.30,46.09,86.97,29.65,34.06,11.31,376.00,7.46,0.28,7.40,60.58,29.76,6.93,1.90,0.80,No,No,No,Non-Anemic
PID_4616,Male,49,13.40,4.35,39.85,91.64,30.84,33.66,14.11,358.00,7.11,0.25,6.10,64.34,24.84,6.22,4.00,0.60,No,No,No,Non-Anemic
PID_4617,Female,29,15.60,5.36,44.10,82.24,29.14,35.40,12.20,233.00,8.46,0.20,6.80,59.64,27.02,9.64,3.10,0.60,No,Yes,No,Non-Anemic
PID_4618,Male,29,13.40,4.17,43.80,105.06,32.12,30.55,12.86,265.00,8.50,0.23,6.80,58.70,25.92,11.54,3.39,0.40,No,No,No,Non-Anemic
PID_4619,Female,41,13.10,4.35,38.55,88.67,30.10,33.97,13.93,213.00,8.47,0.18,6.90,52.63,36.41,9.10,1.20,0.60,No,No,No,Non-Anemic
PID_4620,Female,39,13.60,4.78,40.15,84.01,28.43,33.90,11.33,294.00,8.01,0.24,10.60,55.27,30.00,7.49,6.80,0.40,No,No,No,Non-Anemic
PID_4621,Female,36,15.10,5.10,45.13,88.50,29.58,33.49,11.52,343.00,7.32,0.25,6.60,61.16,32.18,4.87,1.00,0.80,No,Yes,No,Non-Anemic
PID_4622,Female,34,13.10,4.14,36.32,87.69,31.64,36.06,11.93,348.00,7.54,0.26,9.60,56.88,31.66,8.42,2.30,0.70,No,No,No,Non-Anemic
PID_4623,Female,80,12.10,3.59,36.74,102.34,33.73,32.94,12.12,192.00,8.47,0.16,6.60,71.82,20.67,5.77,1.20,0.50,No,No,No,Non-Anemic
PID_4624,Male,25,15.40,5.09,44.09,86.60,30.27,34.93,13.11,317.00,7.60,0.24,5.40,58.03,25.31,11.70,4.10,0.90,No,No,Yes,Non-Anemic
PID_4625,Male,39,15.60,4.90,45.31,92.46,31.84,34.41,11.79,268.00,8.14,0.22,8.60,55.97,33.68,8.81,1.30,0.30,No,No,No,Non-Anemic
PID_4626,Male,36,14.30,4.78,40.27,84.26,29.94,35.53,12.02,251.00,7.57,0.19,3.70,30.15,49.82,9.96,7.78,2.30,No,No,No,Non-Anemic
PID_4627,Male,68,14.60,4.57,43.98,96.25,31.95,33.21,12.73,263.00,8.63,0.23,9.30,58.79,30.78,8.17,1.70,0.50,No,No,No,Non-Anemic
PID_4628,Male,47,15.80,5.59,47.70,85.35,28.25,33.15,12.36,240.00,8.10,0.19,5.50,56.36,32.81,8.58,1.70,0.60,No,No,No,Non-Anemic
PID_4629,Female,79,13.80,4.24,39.08,92.14,32.57,35.32,15.88,179.00,8.42,0.15,4.40,54.92,30.74,10.23,3.50,0.60,No,Yes,No,Compensated Microcytosis
PID_4630,Female,56,13.70,4.31,39.70,92.11,31.82,34.54,12.61,219.00,8.43,0.18,6.10,69.10,20.73,9.08,1.00,0.10,No,No,No,Non-Anemic
PID_4631,Female,19,13.50,4.35,42.00,96.52,31.03,32.16,13.07,381.00,7.21,0.27,8.40,60.22,25.14,7.36,5.99,1.20,No,No,No,Non-Anemic
PID_4632,Male,59,15.60,5.45,46.77,85.85,28.63,33.33,12.90,201.00,8.03,0.16,5.50,60.42,29.56,6.41,2.80,0.80,No,No,No,Non-Anemic
PID_4633,Male,75,13.40,4.70,38.88,82.73,28.49,34.49,12.78,328.00,8.38,0.28,8.20,39.51,48.97,8.73,2.20,0.60,No,No,Yes,Non-Anemic
PID_4634,Male,59,15.70,5.08,44.85,88.28,30.91,34.97,12.11,215.00,8.61,0.18,5.20,40.75,24.43,31.27,3.19,0.40,No,No,No,Non-Anemic
PID_4635,Female,20,13.70,4.56,41.28,90.56,30.07,33.22,12.72,243.00,9.39,0.23,7.00,63.44,28.21,6.08,1.50,0.70,Yes,No,No,Non-Anemic
PID_4636,Male,38,12.40,4.28,40.65,95.02,28.95,30.47,11.79,347.00,7.46,0.26,9.90,56.89,36.34,4.21,1.60,1.00,No,No,No,Anemic
PID_4637,Male,27,14.60,5.02,42.16,84.02,29.11,34.65,12.62,263.00,8.37,0.22,6.40,55.28,34.42,6.90,2.50,0.90,No,No,No,Non-Anemic
PID_4638,Male,20,11.60,4.75,35.65,75.09,24.44,32.51,14.49,441.00,7.61,0.34,6.00,41.13,37.71,10.61,9.60,1.00,No,No,No,Anemic
PID_4639,Male,37,8.90,5.44,28.18,51.78,16.39,31.57,21.73,661.00,6.80,0.45,11.80,15.88,67.28,9.71,6.10,1.00,No,No,No,Anemic
PID_4640,Female,46,14.30,4.10,46.73,114.02,34.87,30.64,13.51,263.00,8.33,0.22,6.10,55.14,30.03,6.86,6.59,1.30,No,Yes,No,Non-Anemic
PID_4641,Female,46,14.30,4.78,40.88,85.57,29.95,35.00,12.32,253.00,8.01,0.20,9.40,72.44,21.52,5.30,0.40,0.40,No,No,No,Non-Anemic
PID_4642,Male,47,14.10,5.32,41.28,77.61,26.48,34.15,15.38,326.00,8.13,0.26,8.10,68.98,22.42,6.99,1.00,0.60,No,No,No,Compensated Microcytosis
PID_4643,Female,61,13.70,4.65,40.62,87.32,29.46,33.74,11.68,273.00,8.08,0.22,6.60,49.07,41.29,8.80,0.50,0.30,No,No,No,Non-Anemic
PID_4644,Male,49,14.10,5.09,39.53,77.67,27.70,35.69,13.24,278.00,8.08,0.23,9.10,71.17,17.44,9.58,1.50,0.30,No,No,No,Non-Anemic
PID_4645,Female,32,12.90,4.11,37.11,90.27,31.39,34.73,12.22,294.00,8.17,0.24,8.20,37.74,51.51,7.89,2.30,0.60,No,No,No,Non-Anemic
PID_4646,Male,23,13.00,4.37,36.17,82.80,29.75,35.97,11.26,286.00,7.08,0.20,6.30,44.83,43.68,9.92,0.70,0.90,No,No,No,Non-Anemic
PID_4647,Female,31,13.40,4.36,41.45,95.08,30.77,32.33,11.47,209.00,8.82,0.18,5.90,64.75,24.99,7.18,2.80,0.30,No,No,No,Non-Anemic
PID_4648,Male,32,12.30,4.35,36.22,83.30,28.24,33.98,13.09,440.00,7.60,0.33,6.30,21.72,62.62,8.17,6.51,0.90,No,No,No,Anemic
PID_4649,Female,60,15.90,4.75,49.59,104.43,33.49,32.04,15.27,238.00,7.34,0.17,7.30,54.80,31.28,11.78,1.50,0.60,No,No,No,Compensated Microcytosis
PID_4650,Female,25,15.20,5.38,45.07,83.76,28.23,33.73,12.53,514.00,7.46,0.39,12.40,65.70,25.44,6.82,1.60,0.40,No,No,No,Non-Anemic
PID_4651,Male,38,12.00,4.66,35.61,76.42,25.74,33.73,14.13,371.00,8.08,0.30,12.80,64.93,26.59,6.67,0.90,0.90,No,No,No,Anemic
PID_4652,Male,52,14.10,4.78,40.57,84.90,29.48,34.78,11.80,326.00,9.31,0.30,7.60,50.07,37.38,7.81,4.10,0.60,No,No,No,Non-Anemic
PID_4653,Male,43,12.60,4.88,37.00,75.79,25.86,34.08,11.99,385.00,6.82,0.26,7.60,44.42,41.28,7.04,7.00,0.30,No,No,No,Anemic
PID_4654,Female,38,15.60,4.85,44.89,92.55,32.14,34.76,12.19,393.00,7.70,0.30,11.40,71.96,22.29,4.48,0.80,0.40,No,No,No,Non-Anemic
PID_4655,Male,40,13.90,4.44,39.89,89.85,31.29,34.84,11.51,303.00,7.59,0.23,5.70,63.83,25.76,8.51,1.50,0.40,No,No,No,Non-Anemic
PID_4656,Male,30,12.50,3.80,34.17,89.91,32.93,36.59,11.12,309.00,7.41,0.23,5.10,46.03,42.17,8.41,3.00,0.40,No,No,No,Anemic
PID_4657,Female,55,13.20,4.18,39.26,93.88,31.61,33.64,12.17,206.00,9.18,0.19,11.90,73.81,17.31,7.42,1.30,0.20,No,No,No,Non-Anemic
PID_4658,Male,40,15.50,4.78,47.15,98.61,32.40,32.84,11.62,213.00,9.90,0.21,5.70,52.11,30.99,11.12,5.39,0.40,No,No,No,Non-Anemic
PID_4659,Male,57,14.50,4.79,42.28,88.30,30.29,34.34,12.26,262.00,7.99,0.21,7.50,35.71,54.51,8.78,0.80,0.20,No,No,No,Non-Anemic
PID_4660,Female,32,12.70,4.05,38.44,94.95,31.34,33.04,12.11,305.00,8.68,0.27,7.20,62.86,25.87,8.12,2.20,0.90,Yes,No,No,Non-Anemic
PID_4661,Male,21,15.40,4.95,43.04,86.95,31.12,35.81,11.97,248.00,7.42,0.18,5.10,63.57,20.44,12.47,2.90,0.60,No,No,Yes,Non-Anemic
PID_4662,Male,65,12.20,4.43,36.24,81.78,27.57,33.64,12.50,344.00,7.44,0.25,7.90,44.54,43.27,8.79,2.20,1.20,No,No,No,Anemic
PID_4663,Female,47,16.30,5.31,48.92,92.10,30.68,33.32,12.41,236.00,9.09,0.21,9.00,66.84,16.01,7.69,8.59,0.90,No,Yes,No,Non-Anemic
PID_4664,Male,23,13.70,4.96,40.98,82.64,27.60,33.45,11.57,347.00,7.49,0.26,8.00,41.23,51.82,4.19,2.50,0.30,No,No,No,Non-Anemic
PID_4665,Male,22,13.10,4.27,37.58,88.02,30.68,34.84,12.53,237.00,8.61,0.20,7.90,68.61,22.69,6.84,1.30,0.60,No,No,No,Non-Anemic
PID_4666,Female,80,13.20,4.36,39.04,89.54,30.26,33.84,13.72,336.00,7.59,0.26,6.90,60.12,28.59,8.77,2.00,0.50,No,No,No,Non-Anemic
PID_4667,Male,35,12.60,4.11,37.92,92.26,30.62,33.26,11.61,241.00,8.01,0.19,6.10,42.74,43.65,11.42,1.70,0.50,No,No,No,Anemic
PID_4668,Female,41,11.80,4.24,32.78,77.28,27.84,36.00,12.06,254.00,8.58,0.22,6.60,43.77,33.15,8.10,14.09,0.90,No,No,No,Anemic
PID_4669,Male,67,14.50,5.11,43.98,86.03,28.40,32.96,12.00,302.00,7.58,0.23,4.20,43.87,39.52,10.03,5.70,0.90,No,No,No,Non-Anemic
PID_4670,Female,37,14.50,4.53,42.59,94.03,32.05,34.02,11.87,248.00,8.21,0.20,5.10,61.67,25.13,8.87,3.50,0.80,No,No,No,Non-Anemic
PID_4671,Female,54,14.10,4.07,40.54,99.62,34.66,34.79,13.73,155.00,8.21,0.13,5.90,61.50,20.51,14.93,3.00,0.10,Yes,No,No,Non-Anemic
PID_4672,Female,49,12.10,4.35,37.76,86.79,27.79,32.08,13.93,247.00,7.28,0.18,6.90,51.72,31.59,8.80,7.30,0.60,No,No,No,Non-Anemic
PID_4673,Male,31,14.80,4.77,42.80,89.71,31.03,34.60,12.61,220.00,7.38,0.16,7.10,41.44,48.87,7.31,2.00,0.40,No,No,No,Non-Anemic
PID_4674,Male,28,15.00,4.64,45.82,98.78,32.29,32.72,12.56,277.00,7.63,0.21,7.80,51.31,34.50,6.72,7.10,0.40,No,Yes,No,Non-Anemic
PID_4675,Male,56,14.10,4.74,40.30,85.05,29.72,34.98,12.57,321.00,8.76,0.28,7.10,64.09,28.06,5.87,1.00,0.90,No,No,No,Non-Anemic
PID_4676,Female,32,12.50,4.13,38.06,92.14,30.23,32.85,12.30,195.00,10.81,0.21,4.80,41.33,40.38,11.59,5.90,0.80,No,No,No,Non-Anemic
PID_4677,Female,60,13.20,4.36,37.90,86.91,30.27,34.83,12.64,222.00,8.49,0.19,6.80,58.38,29.86,7.89,3.40,0.50,No,No,No,Non-Anemic
PID_4678,Female,53,13.50,5.05,38.21,75.68,26.72,35.37,11.63,277.00,8.88,0.25,5.60,43.22,44.97,8.02,3.10,0.70,No,No,No,Compensated Microcytosis
PID_4679,Male,74,11.90,4.40,33.97,77.23,27.07,35.03,12.50,296.00,8.07,0.24,7.60,23.30,56.17,9.59,10.00,0.90,No,No,No,Anemic
PID_4680,Male,35,13.20,4.22,38.48,91.23,31.26,34.29,12.72,295.00,9.29,0.27,8.50,70.54,20.85,7.29,0.80,0.50,No,No,No,Non-Anemic
PID_4681,Male,43,13.40,5.71,39.74,69.57,23.50,33.73,13.78,291.00,7.30,0.21,4.40,36.68,47.49,9.13,6.10,0.60,No,No,No,Compensated Microcytosis
PID_4682,Female,71,14.40,4.67,43.23,92.61,30.82,33.31,11.94,255.00,8.61,0.22,9.00,61.43,29.25,7.20,1.70,0.40,No,No,No,Non-Anemic
PID_4683,Male,45,13.40,4.77,37.47,78.56,28.11,35.73,12.40,283.00,8.57,0.24,4.70,31.44,51.59,8.47,7.79,0.70,No,No,No,Non-Anemic
PID_4684,Female,25,12.30,4.43,37.09,83.71,27.80,33.18,13.49,321.00,8.52,0.27,8.40,62.38,22.23,9.44,5.10,0.90,No,No,No,Non-Anemic
PID_4685,Female,42,13.60,4.33,41.52,95.91,31.44,32.77,11.36,245.00,9.97,0.24,6.40,55.52,32.17,10.79,0.80,0.70,No,No,No,Non-Anemic
PID_4686,Male,50,11.90,4.32,34.20,79.14,27.51,34.82,12.59,226.00,8.71,0.20,4.80,48.23,38.76,9.81,2.69,0.60,No,No,No,Anemic
PID_4687,Female,56,13.50,4.36,40.85,93.66,30.97,33.01,12.27,253.00,8.77,0.22,9.40,64.59,23.72,8.60,2.50,0.60,Yes,Yes,No,Non-Anemic
PID_4688,Male,33,16.70,5.45,50.82,93.23,30.62,32.83,12.04,217.00,8.90,0.19,5.80,63.11,26.28,9.33,0.90,0.40,No,No,No,Non-Anemic
PID_4689,Male,32,12.30,4.27,38.12,89.30,28.77,32.27,11.80,306.00,9.00,0.28,7.50,34.85,49.76,8.20,6.61,0.60,No,No,No,Anemic
PID_4690,Male,34,16.70,5.18,49.97,96.44,32.24,33.39,12.34,427.00,7.81,0.33,4.90,50.32,33.73,10.93,4.30,0.80,No,No,No,Non-Anemic
PID_4691,Male,60,13.10,4.06,38.64,95.16,32.28,33.90,11.98,290.00,8.00,0.23,3.20,49.38,37.47,11.90,0.60,0.70,No,No,No,Non-Anemic
PID_4692,Male,74,12.40,4.55,36.16,79.46,27.28,34.29,14.12,562.00,7.38,0.42,8.60,34.27,57.83,4.71,1.50,1.70,No,No,No,Anemic
PID_4693,Male,25,16.50,5.22,46.95,89.97,31.58,35.13,12.51,288.00,7.27,0.21,8.20,61.23,27.84,8.41,2.20,0.30,No,No,Yes,Non-Anemic
PID_4694,Male,22,11.60,4.31,33.49,77.70,26.90,34.67,12.56,258.00,9.27,0.24,6.30,50.89,34.02,12.10,2.69,0.30,No,No,No,Anemic
PID_4695,Male,21,13.70,5.50,40.57,73.76,24.89,33.79,12.94,323.00,8.44,0.27,7.30,48.64,19.45,11.26,19.98,0.60,No,No,No,Compensated Microcytosis
PID_4696,Male,23,14.90,5.14,44.13,85.88,29.03,33.77,12.49,346.00,7.97,0.28,6.40,71.45,17.45,9.32,0.90,0.90,No,No,No,Non-Anemic
PID_4697,Male,80,13.10,4.15,37.85,91.22,31.55,34.64,11.61,337.00,6.79,0.23,11.10,48.26,39.95,8.43,3.30,0.10,No,No,No,Non-Anemic
PID_4698,Female,64,12.10,4.51,34.06,75.49,26.81,35.54,12.10,385.00,7.61,0.29,5.60,31.45,57.88,6.62,3.70,0.40,No,No,No,Compensated Microcytosis
PID_4699,Male,49,14.60,4.87,42.75,87.77,29.99,34.14,12.17,298.00,7.10,0.21,10.40,65.01,24.97,7.14,2.10,0.80,No,No,No,Non-Anemic
PID_4700,Male,39,13.60,4.38,40.67,92.89,31.04,33.47,12.32,329.00,8.44,0.28,7.50,65.44,26.04,6.70,1.70,0.20,No,No,No,Non-Anemic
PID_4701,Male,39,13.60,4.60,41.45,90.15,29.53,32.84,13.40,400.00,8.83,0.35,8.70,56.36,35.68,5.62,1.60,0.70,No,No,No,Non-Anemic
PID_4702,Male,30,12.40,4.11,38.43,93.49,30.19,32.26,11.98,278.00,8.44,0.23,6.60,41.97,43.19,11.93,2.10,0.80,No,No,No,Anemic
PID_4703,Female,26,11.40,3.41,32.76,96.03,33.47,34.83,12.50,155.00,9.32,0.14,11.30,64.21,24.41,9.29,1.30,0.80,No,Yes,No,Anemic
PID_4704,Female,51,16.40,5.46,47.27,86.55,30.02,34.72,11.90,399.00,7.14,0.28,7.20,50.14,39.93,5.82,3.20,0.90,Yes,No,No,Non-Anemic
PID_4705,Female,78,14.50,5.15,41.80,81.19,28.17,34.69,12.40,336.00,6.29,0.21,7.70,54.59,30.96,8.05,5.49,0.90,No,No,No,Non-Anemic
PID_4706,Male,58,12.90,4.57,38.11,83.40,28.26,33.82,12.61,458.00,7.11,0.33,9.50,41.24,43.58,7.94,6.39,0.80,No,No,Yes,Anemic
PID_4707,Male,31,11.90,4.51,33.34,73.93,26.37,35.70,13.54,274.00,8.14,0.22,6.30,44.32,41.27,12.33,1.30,0.80,No,No,No,Anemic
PID_4708,Female,68,12.60,4.35,37.70,86.71,29.00,33.40,12.77,206.00,8.87,0.18,7.60,55.49,31.69,10.90,1.70,0.20,No,Yes,No,Non-Anemic
PID_4709,Female,60,14.60,4.86,41.54,85.47,30.05,35.17,11.99,206.00,8.40,0.17,4.60,69.14,17.30,11.51,1.90,0.20,Yes,No,No,Non-Anemic
PID_4710,Female,59,12.20,4.10,35.93,87.67,29.76,33.95,12.21,372.00,7.73,0.29,6.60,51.39,38.61,7.22,2.20,0.60,No,No,No,Non-Anemic
PID_4711,Female,20,14.00,4.59,42.08,91.69,30.52,33.26,12.66,270.00,8.51,0.23,6.70,73.81,16.75,6.32,2.20,0.90,No,Yes,No,Non-Anemic
PID_4712,Male,46,11.00,3.93,31.69,80.64,27.99,34.69,12.00,360.00,6.84,0.24,10.70,68.82,22.50,5.28,2.60,0.80,Yes,No,No,Anemic
PID_4713,Female,61,16.30,5.85,47.26,80.81,27.86,34.50,12.52,322.00,8.12,0.26,10.30,44.59,35.78,5.31,12.60,1.70,No,No,No,Non-Anemic
PID_4714,Female,39,12.10,3.88,35.15,90.60,31.16,34.42,13.86,332.00,8.92,0.30,6.40,76.31,19.48,3.39,0.80,0.00,No,Yes,No,Non-Anemic
PID_4715,Male,38,14.30,4.68,41.94,89.62,30.56,34.14,12.02,171.00,8.38,0.14,6.40,58.51,33.44,6.25,1.40,0.40,No,No,No,Non-Anemic
PID_4716,Male,35,15.40,4.93,45.35,92.00,31.20,33.92,12.40,269.00,8.77,0.24,10.80,60.28,29.45,7.49,2.00,0.80,No,No,No,Non-Anemic
PID_4717,Male,38,16.20,4.92,43.94,89.32,32.90,36.85,12.01,309.00,8.60,0.27,10.90,74.41,15.40,7.49,2.30,0.40,No,No,No,Non-Anemic
PID_4718,Male,76,12.40,3.76,35.01,93.08,32.98,35.42,12.09,181.00,8.64,0.16,10.00,79.32,13.09,6.28,0.90,0.40,No,No,No,Anemic
PID_4719,Female,37,11.60,4.61,33.27,72.15,25.13,34.88,12.87,192.00,10.79,0.21,5.10,56.82,30.34,8.70,2.80,1.30,No,Yes,No,Anemic
PID_4720,Female,18,15.70,4.65,45.99,98.92,33.75,34.16,12.20,221.00,7.74,0.17,7.50,63.74,20.92,10.76,4.00,0.60,No,No,No,Non-Anemic
PID_4721,Male,29,12.60,3.91,35.79,91.52,32.25,35.25,12.91,218.00,8.49,0.19,6.30,61.82,25.19,10.79,1.40,0.80,No,No,No,Anemic
PID_4722,Male,46,12.60,4.34,36.39,83.82,29.04,34.64,12.81,284.00,7.56,0.22,6.30,53.08,35.87,7.48,2.50,1.00,Yes,No,No,Anemic
PID_4723,Female,51,13.30,4.72,39.08,82.77,28.20,34.06,12.39,212.00,8.89,0.19,4.10,41.07,47.42,7.77,2.80,0.90,No,No,No,Non-Anemic
PID_4724,Male,57,13.50,4.29,40.14,93.54,31.50,33.60,12.59,231.00,7.89,0.18,7.10,70.72,18.38,9.37,1.00,0.50,No,No,Yes,Non-Anemic
PID_4725,Female,34,12.40,5.07,36.58,72.15,24.46,33.94,15.84,310.00,8.59,0.27,13.50,62.40,28.47,6.93,1.80,0.40,No,No,No,Compensated Microcytosis
PID_4726,Male,77,16.50,5.07,54.64,107.78,32.52,30.21,11.62,256.00,8.08,0.21,8.10,64.89,24.02,5.91,4.60,0.60,No,No,No,Non-Anemic
PID_4727,Female,33,14.60,4.99,42.62,85.38,29.23,34.29,13.02,284.00,9.36,0.27,9.30,57.99,31.28,9.11,1.20,0.40,No,No,No,Non-Anemic
PID_4728,Male,55,13.00,4.49,38.91,86.65,28.98,33.37,12.63,205.00,7.87,0.16,4.10,38.53,45.46,6.81,8.79,0.40,No,No,Yes,Non-Anemic
PID_4729,Female,75,14.10,4.99,39.26,78.65,28.28,35.87,11.97,290.00,7.39,0.21,8.90,54.17,35.34,7.89,1.80,0.80,No,Yes,No,Non-Anemic
PID_4730,Male,57,13.20,4.32,38.80,89.84,30.57,33.99,11.61,370.00,8.11,0.30,5.90,59.87,33.37,4.83,1.50,0.40,No,No,No,Non-Anemic
PID_4731,Male,64,13.60,4.56,41.75,91.54,29.83,32.57,12.42,244.00,7.93,0.19,8.40,60.73,30.29,5.22,3.10,0.70,No,No,No,Non-Anemic
PID_4732,Female,47,16.60,4.81,48.91,101.67,34.51,33.98,13.11,231.00,7.88,0.18,7.00,63.27,25.18,9.32,1.60,0.70,Yes,No,No,Non-Anemic
PID_4733,Female,45,15.60,5.40,47.64,88.23,28.93,32.73,13.07,241.00,9.37,0.23,7.30,63.21,21.01,5.96,9.20,0.60,No,No,No,Non-Anemic
PID_4734,Female,60,15.60,5.34,45.13,84.53,29.18,34.59,12.93,333.00,8.17,0.27,12.10,76.10,16.80,5.21,1.60,0.30,No,No,No,Non-Anemic
PID_4735,Male,76,13.60,4.83,39.59,81.96,28.15,34.34,12.79,288.00,9.31,0.27,7.40,53.51,29.64,9.80,6.19,0.80,No,No,No,Non-Anemic
PID_4736,Male,34,12.90,4.26,36.70,86.12,30.25,35.15,13.10,322.00,8.30,0.27,7.10,46.10,47.03,4.67,2.20,0.00,Yes,No,No,Anemic
PID_4737,Female,66,11.30,4.89,34.19,69.91,23.07,33.05,14.33,483.00,8.59,0.42,9.40,41.03,42.90,10.87,4.40,0.80,No,No,No,Anemic
PID_4738,Male,33,12.20,3.70,35.84,96.85,32.98,34.04,12.29,217.00,9.04,0.20,8.20,71.89,18.70,8.48,0.60,0.30,No,Yes,No,Anemic
PID_4739,Male,23,12.50,4.80,38.63,80.46,26.08,32.32,13.21,287.00,7.38,0.21,7.90,47.19,40.99,9.49,1.70,0.60,No,No,No,Anemic
PID_4740,Male,35,13.70,4.57,39.32,86.00,30.00,34.83,12.62,383.00,7.60,0.29,10.00,62.72,29.48,5.86,1.30,0.60,No,No,No,Non-Anemic
PID_4741,Male,70,12.90,4.53,37.26,82.26,28.46,34.63,12.90,278.00,8.39,0.23,7.20,55.10,35.43,7.48,1.00,1.00,No,No,No,Anemic
PID_4742,Male,18,16.30,4.78,47.12,98.55,34.10,34.59,12.68,214.00,8.19,0.18,5.40,55.27,30.47,9.52,4.39,0.40,No,No,No,Non-Anemic
PID_4743,Male,20,12.30,4.84,36.17,74.77,25.44,34.01,13.63,277.00,9.93,0.27,8.20,47.74,34.79,9.72,7.39,0.40,No,No,Yes,Anemic
PID_4744,Female,63,16.20,5.44,46.96,86.35,29.78,34.49,12.33,231.00,8.80,0.20,6.30,47.93,42.69,7.09,1.70,0.60,No,Yes,No,Non-Anemic
PID_4745,Male,24,16.00,5.34,44.54,83.40,29.94,35.91,12.29,243.00,7.70,0.19,5.40,68.43,21.51,6.76,2.90,0.40,No,No,No,Non-Anemic
PID_4746,Male,42,16.60,5.38,49.32,91.65,30.89,33.66,13.20,276.00,8.20,0.23,10.60,71.11,23.22,3.44,1.50,0.80,No,No,No,Non-Anemic
PID_4747,Female,64,12.20,3.77,35.71,94.71,32.34,34.20,12.61,281.00,7.77,0.22,9.60,62.81,22.97,8.42,5.40,0.40,No,Yes,No,Non-Anemic
PID_4748,Female,27,15.00,5.36,45.88,85.58,28.01,32.71,12.41,270.00,9.08,0.25,7.80,61.12,26.53,10.83,0.70,0.80,Yes,No,No,Non-Anemic
PID_4749,Female,53,15.40,4.68,46.73,99.86,32.94,32.93,12.44,229.00,8.77,0.20,9.30,57.53,30.26,8.79,3.10,0.30,No,No,No,Non-Anemic
PID_4750,Male,38,14.10,4.79,41.33,86.30,29.46,34.09,12.80,294.00,9.69,0.29,10.10,49.62,36.91,10.18,2.69,0.60,No,No,No,Non-Anemic
PID_4751,Male,22,15.40,5.49,43.60,79.40,28.09,35.29,12.19,280.00,8.89,0.25,6.80,70.33,21.02,6.99,1.50,0.20,No,No,No,Non-Anemic
PID_4752,Female,31,15.00,4.94,44.52,90.14,30.37,33.68,12.62,299.00,8.57,0.26,6.10,53.74,33.10,10.01,2.60,0.60,No,No,No,Non-Anemic
PID_4753,Female,20,14.30,4.69,42.41,90.44,30.49,33.73,13.14,346.00,7.82,0.27,10.70,48.42,38.47,8.79,3.70,0.60,No,No,No,Non-Anemic
PID_4754,Female,75,16.50,5.37,49.24,91.66,30.71,33.55,12.91,222.00,9.60,0.21,7.40,58.34,29.43,9.63,2.00,0.60,Yes,No,No,Non-Anemic
PID_4755,Female,53,13.80,4.32,41.37,95.78,31.97,33.35,11.71,319.00,8.91,0.28,6.30,44.63,44.88,8.20,1.70,0.60,No,No,No,Non-Anemic
PID_4756,Male,46,16.40,5.16,47.74,92.52,31.78,34.35,12.51,222.00,8.22,0.18,5.30,55.90,32.71,9.11,1.60,0.70,No,No,Yes,Non-Anemic
PID_4757,Female,56,13.10,4.63,40.68,87.84,28.27,32.20,12.91,316.00,5.92,0.19,5.20,55.49,30.50,10.55,3.10,0.40,No,Yes,No,Non-Anemic
PID_4758,Female,67,13.10,4.38,36.86,84.17,29.93,35.50,13.53,205.00,9.00,0.18,5.40,66.27,25.37,6.92,1.00,0.40,No,No,No,Non-Anemic
PID_4759,Male,74,15.00,4.76,45.18,94.93,31.50,33.24,12.59,216.00,9.41,0.20,5.50,48.36,38.43,11.36,0.90,0.90,No,No,No,Non-Anemic
PID_4760,Male,68,15.00,4.99,43.02,86.24,30.03,34.90,11.66,331.00,8.86,0.29,11.50,66.59,27.68,3.49,1.60,0.60,No,No,No,Non-Anemic
PID_4761,Female,80,16.30,5.24,50.19,95.82,31.09,32.48,12.04,225.00,8.00,0.18,5.40,48.06,41.37,8.92,1.10,0.60,No,No,No,Non-Anemic
PID_4762,Female,44,13.10,4.22,37.64,89.20,31.03,34.81,12.48,333.00,7.81,0.26,4.40,51.17,40.04,6.00,2.00,0.80,No,No,No,Non-Anemic
PID_4763,Male,22,14.20,4.90,40.80,83.27,28.98,34.77,12.36,283.00,8.29,0.23,5.70,64.13,27.09,6.82,1.60,0.40,No,Yes,No,Non-Anemic
PID_4764,Male,57,13.00,4.14,37.72,91.13,31.38,34.50,12.61,256.00,7.91,0.20,6.70,53.81,33.98,8.37,3.20,0.60,No,No,No,Non-Anemic
PID_4765,Female,42,12.90,4.50,39.32,87.41,28.69,32.79,12.47,277.00,7.90,0.22,6.90,49.94,40.53,6.19,2.80,0.60,No,No,No,Non-Anemic
PID_4766,Male,27,12.50,3.80,36.44,95.87,32.92,34.26,12.23,274.00,7.38,0.20,11.40,79.68,14.60,4.32,0.90,0.50,No,No,No,Anemic
PID_4767,Female,55,13.40,4.72,41.13,87.15,28.37,32.62,12.59,287.00,8.33,0.24,5.70,42.47,42.96,10.57,2.40,1.60,No,Yes,No,Non-Anemic
PID_4768,Male,71,13.80,4.40,40.95,93.08,31.32,33.68,11.86,214.00,8.08,0.17,5.90,58.68,27.75,9.79,3.00,0.80,No,No,No,Non-Anemic
PID_4769,Male,54,15.80,5.40,44.84,83.00,29.23,35.27,12.10,264.00,8.32,0.22,7.60,59.11,31.24,6.88,1.80,1.00,No,No,No,Non-Anemic
PID_4770,Female,29,14.70,4.99,42.05,84.28,29.44,34.96,13.03,278.00,8.52,0.24,7.90,59.72,32.78,5.69,1.40,0.40,Yes,Yes,No,Non-Anemic
PID_4771,Male,66,14.10,4.64,41.45,89.36,30.38,34.00,11.79,193.00,10.42,0.20,8.20,44.80,45.33,6.94,2.40,0.60,No,No,No,Non-Anemic
PID_4772,Female,51,14.10,5.16,42.95,83.27,27.33,32.80,12.74,227.00,8.64,0.20,7.10,54.16,37.53,6.31,1.90,0.10,No,No,No,Non-Anemic
PID_4773,Female,44,14.70,4.91,42.27,86.08,29.90,34.79,11.02,315.00,8.41,0.26,11.10,50.86,39.07,7.52,1.60,1.00,Yes,No,No,Non-Anemic
PID_4774,Female,64,14.80,4.68,43.50,92.98,31.66,34.04,16.00,258.00,9.34,0.24,8.30,73.31,15.90,6.07,4.60,0.10,No,No,No,Compensated Microcytosis
PID_4775,Female,80,11.90,4.09,38.12,93.23,29.09,31.24,14.82,378.00,6.57,0.25,8.80,26.70,58.31,12.53,1.70,0.80,No,Yes,No,Anemic
PID_4776,Male,61,13.30,4.23,38.07,89.96,31.45,34.90,11.19,303.00,8.98,0.27,11.30,66.14,22.81,9.07,1.60,0.40,No,No,No,Non-Anemic
PID_4777,Female,42,13.60,4.36,40.03,91.84,31.17,33.94,13.92,340.00,8.13,0.28,7.90,69.15,18.27,8.48,3.30,0.80,No,No,No,Non-Anemic
PID_4778,Female,46,15.60,5.12,44.01,85.97,30.44,35.45,12.22,287.00,8.48,0.24,6.70,55.33,34.14,6.69,2.80,1.00,Yes,No,No,Non-Anemic
PID_4779,Female,18,14.10,4.62,43.14,93.39,30.55,32.67,11.97,288.00,7.56,0.22,5.30,56.80,31.30,9.08,2.20,0.60,No,Yes,No,Non-Anemic
PID_4780,Female,51,15.00,4.97,49.69,99.98,30.15,30.20,13.92,213.00,8.44,0.18,6.10,52.30,36.42,8.60,1.90,0.80,No,Yes,No,Non-Anemic
PID_4781,Female,65,15.00,5.09,43.69,85.82,29.49,34.33,12.52,222.00,8.43,0.19,8.60,54.05,26.07,5.61,14.09,0.20,Yes,No,No,Non-Anemic
PID_4782,Female,78,14.60,4.40,42.50,96.60,33.19,34.33,11.27,319.00,7.63,0.24,7.10,54.07,38.78,5.32,1.20,0.60,No,No,No,Non-Anemic
PID_4783,Female,75,16.10,5.47,50.36,92.05,29.43,31.96,12.59,346.00,7.08,0.25,7.80,58.16,29.20,8.26,4.20,0.20,No,No,No,Non-Anemic
PID_4784,Female,39,14.10,4.49,42.95,95.67,31.42,32.86,11.76,309.00,7.92,0.24,9.90,61.97,29.38,6.78,1.50,0.40,No,No,No,Non-Anemic
PID_4785,Male,61,13.80,4.38,36.99,84.48,31.54,37.31,13.07,271.00,8.69,0.24,9.40,58.31,27.15,9.76,3.80,0.90,No,No,No,Non-Anemic
PID_4786,Female,70,15.40,5.97,45.79,76.69,25.81,33.63,12.30,369.00,8.13,0.30,12.40,74.32,19.32,5.60,0.30,0.50,No,No,No,Compensated Microcytosis
PID_4787,Male,41,13.60,5.03,38.99,77.56,27.08,34.91,13.18,340.00,8.00,0.27,9.20,63.32,25.98,7.90,1.20,1.60,No,No,Yes,Compensated Microcytosis
PID_4788,Female,56,14.00,4.82,42.14,87.47,29.05,33.20,12.61,266.00,8.38,0.22,6.30,61.37,26.00,10.59,1.30,0.80,No,Yes,No,Non-Anemic
PID_4789,Male,24,13.90,4.52,44.14,97.67,30.71,31.48,12.36,262.00,8.10,0.21,6.00,60.92,30.50,5.46,2.20,0.90,No,No,No,Non-Anemic
PID_4790,Female,21,12.90,4.85,38.17,78.73,26.61,33.81,13.58,270.00,7.10,0.19,7.00,53.29,37.13,5.86,3.30,0.40,Yes,No,No,Compensated Microcytosis
PID_4791,Male,63,13.70,4.34,40.68,93.72,31.61,33.72,12.03,230.00,8.40,0.19,6.60,50.18,35.84,9.14,4.30,0.60,No,No,No,Non-Anemic
PID_4792,Female,27,13.60,5.30,40.57,76.58,25.69,33.54,13.54,237.00,9.31,0.22,5.90,41.27,42.49,8.89,6.50,0.80,No,No,No,Compensated Microcytosis
PID_4793,Female,55,15.20,5.03,44.89,89.22,30.22,33.84,11.93,425.00,7.11,0.30,9.10,69.32,22.34,7.17,0.70,0.40,No,No,No,Non-Anemic
PID_4794,Female,27,15.10,4.54,44.00,96.94,33.25,34.33,13.04,212.00,7.59,0.16,7.20,67.18,22.01,9.02,1.20,0.60,No,Yes,No,Non-Anemic
PID_4795,Female,37,16.20,5.23,47.90,91.60,30.94,33.82,11.40,262.00,8.27,0.22,5.10,54.86,25.08,9.78,9.09,1.20,No,No,No,Non-Anemic
PID_4796,Female,60,13.00,3.84,40.02,104.26,33.85,32.49,13.50,132.00,10.00,0.13,6.80,56.18,34.41,7.16,1.80,0.40,No,No,No,Non-Anemic
PID_4797,Female,77,16.30,5.06,47.13,93.18,32.22,34.56,11.18,247.00,7.72,0.19,8.40,55.43,33.59,8.64,1.80,0.60,No,No,No,Non-Anemic
PID_4798,Female,47,14.10,4.56,44.53,97.65,30.92,31.65,12.61,218.00,7.82,0.17,6.60,70.41,21.89,4.68,2.60,0.40,No,No,No,Non-Anemic
PID_4799,Female,58,15.50,4.82,49.14,101.95,32.19,31.51,11.60,348.00,7.43,0.26,6.20,47.88,38.74,6.09,6.09,1.20,No,No,No,Non-Anemic
PID_4800,Male,38,15.20,4.86,43.57,89.61,31.30,34.89,11.97,219.00,8.60,0.19,6.40,51.40,39.46,5.91,2.60,0.60,No,No,Yes,Non-Anemic
PID_4801,Female,71,12.40,3.63,35.83,98.66,34.14,34.59,11.66,309.00,7.78,0.24,5.10,62.38,21.96,13.55,1.80,0.40,Yes,No,No,Non-Anemic
PID_4802,Male,48,12.70,4.61,37.43,81.21,27.56,33.97,12.17,295.00,8.14,0.24,6.80,57.36,34.77,5.53,2.00,0.40,No,No,No,Anemic
PID_4803,Male,70,11.50,4.69,35.58,75.83,24.53,32.35,16.01,266.00,7.47,0.20,8.90,44.30,39.50,9.71,5.10,1.40,No,No,Yes,Anemic
PID_4804,Male,36,13.20,4.45,39.82,89.49,29.63,33.17,11.82,251.00,8.40,0.21,6.10,56.80,30.77,8.49,3.10,0.80,No,No,No,Non-Anemic
PID_4805,Female,51,16.10,5.69,47.80,83.96,28.33,33.66,12.07,355.00,9.03,0.32,10.00,67.87,25.39,4.86,1.60,0.20,Yes,No,No,Non-Anemic
PID_4806,Female,51,15.40,5.04,48.00,95.21,30.54,32.12,12.33,322.00,7.43,0.24,8.10,66.72,27.23,4.12,1.70,0.30,No,No,No,Non-Anemic
PID_4807,Female,63,13.30,4.59,40.17,87.51,28.95,33.15,12.99,295.00,8.18,0.24,5.80,47.98,40.44,7.25,3.09,1.20,No,No,No,Non-Anemic
PID_4808,Male,30,12.00,4.18,34.50,82.51,28.73,34.76,12.57,259.00,8.19,0.21,6.20,45.73,42.93,8.13,2.30,0.90,No,No,Yes,Anemic
PID_4809,Female,31,13.90,4.65,38.92,83.70,29.90,35.69,11.90,480.00,7.83,0.37,6.40,36.79,48.90,11.59,1.70,1.00,No,No,No,Non-Anemic
PID_4810,Male,48,11.20,3.68,33.44,90.86,30.47,33.52,11.03,299.00,8.41,0.25,5.60,53.66,34.70,9.09,1.40,1.20,No,No,No,Anemic
PID_4811,Male,35,14.00,6.58,40.11,60.92,21.29,34.87,16.60,304.00,7.91,0.24,8.40,61.43,26.47,10.01,2.00,0.10,No,No,No,Compensated Microcytosis
PID_4812,Female,45,12.90,4.55,40.69,89.41,28.35,31.67,12.88,345.00,8.02,0.28,11.00,67.62,22.67,7.59,1.50,0.60,No,No,No,Non-Anemic
PID_4813,Male,80,13.40,4.85,38.52,79.43,27.59,34.82,14.77,336.00,8.92,0.30,5.50,58.71,32.24,7.23,1.30,0.60,No,Yes,No,Compensated Microcytosis
PID_4814,Male,75,16.80,5.28,50.85,96.30,31.80,33.02,11.51,338.00,9.09,0.31,8.90,64.15,23.12,9.04,3.30,0.40,No,No,No,Non-Anemic
PID_4815,Male,56,14.30,4.62,41.61,90.03,30.98,34.39,13.10,241.00,7.52,0.18,5.30,54.93,32.87,8.56,2.80,0.80,No,No,No,Non-Anemic
PID_4816,Male,57,15.20,4.75,45.10,94.97,31.99,33.71,12.09,197.00,8.53,0.17,4.60,52.62,34.70,9.49,3.00,0.20,No,No,No,Non-Anemic
PID_4817,Male,78,14.70,4.89,41.31,84.48,30.03,35.57,13.53,225.00,8.33,0.19,9.50,60.64,28.88,7.62,2.10,0.80,No,No,Yes,Non-Anemic
PID_4818,Female,48,17.10,5.27,51.90,98.45,32.42,32.93,11.78,137.00,9.88,0.14,5.60,59.25,29.74,8.85,1.80,0.30,No,No,No,Non-Anemic
PID_4819,Female,72,16.50,5.63,47.48,84.35,29.29,34.74,13.01,235.00,7.76,0.18,12.20,57.20,33.97,7.30,0.90,0.60,No,No,No,Non-Anemic
PID_4820,Male,21,13.10,4.49,38.91,86.67,29.15,33.66,12.72,314.00,8.58,0.27,11.80,45.92,43.58,7.11,3.00,0.40,No,No,No,Non-Anemic
PID_4821,Male,58,12.10,4.32,35.79,82.85,27.99,33.79,12.32,328.00,7.57,0.25,4.10,31.21,49.08,8.42,10.00,1.30,No,No,No,Anemic
PID_4822,Male,45,15.00,4.97,44.41,89.37,30.22,33.78,13.27,324.00,7.39,0.24,6.90,43.81,43.84,7.56,4.70,0.10,Yes,No,No,Non-Anemic
PID_4823,Male,55,14.50,4.84,43.96,90.85,29.94,32.99,12.93,256.00,7.11,0.18,4.30,47.18,40.77,9.47,1.80,0.80,No,No,No,Non-Anemic
PID_4824,Female,64,13.60,4.44,40.02,90.12,30.67,33.95,11.89,310.00,6.60,0.20,6.70,53.83,36.13,8.60,0.90,0.60,No,No,No,Non-Anemic
PID_4825,Female,25,13.10,4.32,38.61,89.37,30.34,33.92,11.86,274.00,9.12,0.25,10.00,71.84,15.24,11.79,0.80,0.40,No,No,No,Non-Anemic
PID_4826,Male,67,12.30,4.99,35.87,71.93,24.65,34.30,13.59,361.00,7.53,0.27,14.50,56.19,33.11,6.61,3.50,0.60,Yes,No,Yes,Anemic
PID_4827,Male,44,10.20,4.01,29.91,74.60,25.47,34.12,18.52,482.00,6.12,0.29,5.70,50.51,31.92,11.53,5.40,0.70,No,No,No,Anemic
PID_4828,Female,65,16.30,5.54,46.63,84.20,29.41,34.94,11.91,288.00,8.61,0.25,6.10,57.53,27.07,11.90,2.50,1.00,No,Yes,No,Non-Anemic
PID_4829,Female,19,15.30,5.57,43.58,78.24,27.48,35.11,12.72,229.00,7.37,0.17,11.60,54.66,30.01,4.62,9.30,1.40,No,No,No,Non-Anemic
PID_4830,Male,48,10.40,4.07,31.77,78.06,25.56,32.74,13.38,496.00,7.31,0.36,18.90,57.89,32.60,8.28,0.50,0.70,No,No,No,Anemic
PID_4831,Male,79,13.40,4.95,38.24,77.23,27.09,35.08,13.73,225.00,8.43,0.19,9.20,51.46,38.72,6.07,3.10,0.60,No,No,No,Compensated Microcytosis
PID_4832,Female,46,16.20,5.39,49.73,92.28,30.09,32.61,14.89,232.00,8.03,0.19,6.20,65.01,19.80,6.82,7.79,0.60,No,No,No,Compensated Microcytosis
PID_4833,Female,55,13.80,4.95,39.76,80.31,27.91,34.68,12.29,264.00,8.93,0.23,6.40,37.79,46.43,9.06,6.29,0.40,Yes,No,Yes,Non-Anemic
PID_4834,Male,45,13.10,4.49,37.70,84.00,29.18,34.74,12.40,341.00,7.98,0.27,6.30,52.55,31.55,10.96,3.60,1.30,Yes,No,No,Non-Anemic
PID_4835,Female,21,11.10,3.86,35.01,90.70,28.73,31.67,12.61,367.00,7.80,0.29,7.00,36.74,52.12,7.47,2.30,1.30,No,No,No,Anemic
PID_4836,Female,64,15.90,5.06,46.61,92.09,31.42,34.13,13.48,274.00,8.92,0.24,8.20,63.15,22.46,9.59,3.80,1.00,No,No,No,Non-Anemic
PID_4837,Female,59,15.10,4.74,45.16,95.29,31.82,33.41,11.76,244.00,8.14,0.20,6.50,49.71,38.83,8.58,2.50,0.40,No,No,No,Non-Anemic
PID_4838,Male,42,12.50,5.41,37.78,69.81,23.14,33.10,12.49,209.00,9.54,0.20,5.10,42.32,48.04,7.62,1.10,0.90,No,No,Yes,Anemic
PID_4839,Female,57,13.80,4.99,38.74,77.60,27.68,35.60,11.98,214.00,7.39,0.16,5.50,50.89,32.29,8.58,6.90,1.30,No,No,No,Non-Anemic
PID_4840,Male,72,15.00,4.72,45.16,95.68,31.79,33.21,12.06,403.00,8.38,0.34,6.40,63.60,25.90,8.56,1.60,0.30,No,No,No,Non-Anemic
PID_4841,Male,61,13.80,4.85,41.78,86.14,28.45,33.02,12.12,422.00,8.79,0.37,6.40,55.05,26.99,10.10,7.09,0.80,No,No,No,Non-Anemic
PID_4842,Male,43,14.80,5.17,43.41,83.96,28.60,34.05,12.17,203.00,9.04,0.18,4.20,64.93,22.22,10.93,1.60,0.40,No,No,No,Non-Anemic
PID_4843,Female,41,15.60,4.93,44.80,90.89,31.61,34.78,11.94,184.00,8.01,0.15,7.00,53.34,35.58,9.41,1.30,0.40,No,No,No,Non-Anemic
PID_4844,Female,49,11.40,4.48,33.70,75.19,25.47,33.79,12.49,296.00,7.61,0.22,14.30,76.19,13.43,6.97,2.80,0.60,No,No,No,Anemic
PID_4845,Female,65,14.50,4.87,40.96,84.07,29.76,35.40,12.46,191.00,7.71,0.15,3.50,44.02,42.27,7.00,5.29,1.40,No,No,Yes,Non-Anemic
PID_4846,Female,62,13.70,4.20,39.55,94.14,32.60,34.62,12.91,334.00,7.40,0.25,5.90,52.01,40.02,6.80,0.60,0.50,No,No,No,Non-Anemic
PID_4847,Male,26,13.70,4.52,43.65,96.54,30.33,31.36,12.61,194.00,9.32,0.18,9.20,63.76,24.70,6.57,4.40,0.60,No,No,No,Non-Anemic
PID_4848,Female,22,15.60,5.32,46.76,87.90,29.36,33.39,13.58,216.00,9.40,0.20,9.10,67.48,20.27,7.76,3.89,0.60,No,No,No,Non-Anemic
PID_4849,Male,24,13.10,4.51,39.31,87.18,29.05,33.36,12.47,352.00,6.63,0.23,7.70,57.89,32.46,8.54,0.70,0.40,No,No,No,Non-Anemic
PID_4850,Female,65,15.10,5.47,43.67,79.82,27.57,34.55,12.26,318.00,7.87,0.25,8.00,57.03,27.05,6.72,9.09,0.10,No,No,No,Non-Anemic
PID_4851,Male,46,13.50,4.55,43.76,96.14,29.71,30.85,11.98,210.00,8.20,0.17,3.30,39.94,49.31,6.98,2.10,1.60,No,No,No,Non-Anemic
PID_4852,Male,39,12.70,4.43,34.27,77.36,28.68,37.02,12.64,273.00,8.63,0.23,6.70,29.24,57.85,11.82,0.50,0.60,No,No,No,Anemic
PID_4853,Male,77,13.80,4.41,39.84,90.32,31.31,34.60,12.06,294.00,8.30,0.24,8.00,61.61,28.06,7.13,2.60,0.60,No,No,No,Non-Anemic
PID_4854,Female,71,15.20,4.76,44.47,93.40,31.93,34.22,12.51,231.00,7.79,0.18,4.70,55.82,30.90,11.26,1.10,0.90,No,No,No,Non-Anemic
PID_4855,Female,71,13.40,4.38,37.83,86.39,30.58,35.41,12.41,286.00,7.73,0.22,8.70,55.27,32.00,8.87,3.20,0.60,No,No,No,Non-Anemic
PID_4856,Female,23,12.90,4.22,35.04,83.02,30.58,36.83,12.03,288.00,8.63,0.25,4.70,25.49,58.45,6.62,8.29,1.20,No,No,Yes,Non-Anemic
PID_4857,Female,29,11.40,4.27,32.53,76.19,26.74,35.03,13.09,541.00,6.72,0.36,11.50,52.27,36.59,6.91,3.79,0.40,No,No,No,Anemic
PID_4858,Male,29,15.00,4.55,42.69,93.84,32.98,35.13,12.22,274.00,7.41,0.20,5.90,54.48,28.33,10.41,6.40,0.40,No,No,No,Non-Anemic
PID_4859,Male,20,13.10,4.36,38.35,87.96,30.01,34.12,12.97,175.00,8.58,0.15,6.40,58.62,29.17,10.24,1.20,0.80,No,No,Yes,Non-Anemic
PID_4860,Male,74,14.30,4.85,42.27,87.15,29.49,33.84,12.09,275.00,8.60,0.24,9.80,59.62,30.14,9.07,0.90,0.20,No,No,No,Non-Anemic
PID_4861,Female,60,15.70,5.32,46.97,88.31,29.50,33.47,11.30,232.00,6.61,0.15,6.10,62.18,23.22,10.63,3.10,0.90,No,No,No,Non-Anemic
PID_4862,Female,59,15.80,5.13,47.87,93.31,30.78,32.98,11.87,300.00,8.53,0.26,9.80,66.07,26.19,5.07,2.30,0.30,No,No,No,Non-Anemic
PID_4863,Female,55,14.70,4.61,44.31,96.11,31.90,33.16,12.58,377.00,7.07,0.27,8.10,47.54,41.15,6.28,4.40,0.60,No,No,No,Non-Anemic
PID_4864,Female,23,14.70,4.60,45.40,98.72,31.95,32.37,13.12,203.00,8.13,0.16,5.30,43.81,45.13,9.27,1.60,0.20,Yes,Yes,No,Non-Anemic
PID_4865,Male,75,15.90,5.14,46.89,91.21,30.93,33.93,12.47,373.00,8.11,0.30,7.50,56.49,26.12,10.31,5.90,1.20,No,No,No,Non-Anemic
PID_4866,Male,54,12.30,4.11,38.46,93.62,29.92,31.99,12.89,249.00,9.63,0.24,11.40,71.09,20.04,4.87,3.40,0.60,No,No,No,Anemic
PID_4867,Female,63,12.80,4.20,37.40,89.01,30.48,34.24,12.38,261.00,7.33,0.19,5.90,54.04,34.78,8.61,2.00,0.60,No,No,No,Non-Anemic
PID_4868,Female,18,13.80,4.08,40.64,99.60,33.84,33.95,12.13,98.00,9.90,0.10,4.00,51.88,39.79,6.63,1.70,0.00,No,No,No,Non-Anemic
PID_4869,Male,36,12.30,4.11,35.99,87.53,29.89,34.20,12.09,252.00,7.88,0.20,5.90,51.70,31.40,14.77,1.50,0.60,No,No,No,Anemic
PID_4870,Male,71,13.20,4.96,39.55,79.71,26.60,33.33,13.78,397.00,7.60,0.30,7.90,43.73,41.34,8.72,5.59,0.60,No,Yes,No,Compensated Microcytosis
PID_4871,Male,49,13.40,4.61,35.55,77.10,29.07,37.70,14.36,216.00,8.81,0.19,8.00,67.43,24.41,5.08,2.40,0.70,No,No,No,Non-Anemic
PID_4872,Female,74,12.70,4.93,35.64,72.32,25.74,35.61,23.16,367.00,7.84,0.29,5.50,39.84,48.28,8.80,3.00,0.10,Yes,No,No,Compensated Microcytosis
PID_4873,Female,78,12.20,4.60,37.53,81.61,26.52,32.52,14.12,536.00,8.11,0.43,9.40,58.83,33.91,3.91,2.80,0.60,No,No,No,Compensated Microcytosis
PID_4874,Male,47,14.80,4.72,43.17,91.45,31.39,34.27,12.86,259.00,6.03,0.16,6.90,49.35,37.53,11.56,1.20,0.30,No,No,No,Non-Anemic
PID_4875,Male,52,13.10,4.23,39.37,93.06,31.00,33.29,12.22,244.00,8.41,0.20,6.90,57.39,28.56,8.32,5.10,0.60,No,No,No,Non-Anemic
PID_4876,Female,36,13.90,4.95,42.40,85.68,28.06,32.75,12.93,314.00,8.23,0.26,6.40,48.59,37.52,8.97,4.00,0.90,No,No,No,Non-Anemic
PID_4877,Male,55,12.00,3.84,37.05,96.49,31.29,32.41,11.58,269.00,7.43,0.20,8.60,37.20,47.92,10.67,3.80,0.40,No,No,No,Anemic
PID_4878,Male,62,15.90,6.04,46.06,76.24,26.31,34.52,12.62,327.00,7.78,0.26,4.10,53.69,28.39,12.50,3.20,2.20,Yes,No,No,Compensated Microcytosis
PID_4879,Male,34,14.70,4.60,44.30,96.33,31.94,33.21,11.58,222.00,9.36,0.21,5.50,54.76,34.15,9.34,1.30,0.40,No,No,No,Non-Anemic
PID_4880,Female,25,12.10,3.97,34.41,86.68,30.46,35.14,12.10,188.00,9.34,0.17,8.60,71.78,21.69,5.84,0.30,0.40,No,No,No,Non-Anemic
PID_4881,Male,45,15.40,5.04,43.76,86.81,30.56,35.19,12.49,294.00,8.10,0.24,11.40,77.64,15.42,6.18,0.40,0.40,No,No,No,Non-Anemic
PID_4882,Male,51,15.80,4.93,44.32,89.91,32.07,35.69,12.33,255.00,8.83,0.22,8.00,62.63,27.97,7.48,1.60,0.30,Yes,No,Yes,Non-Anemic
PID_4883,Male,30,12.90,4.58,39.12,85.40,28.18,32.96,14.42,251.00,8.27,0.21,6.40,42.21,44.89,9.98,2.00,0.90,No,No,No,Anemic
PID_4884,Male,50,13.50,4.29,39.05,91.02,31.48,34.57,11.51,293.00,8.13,0.24,7.10,51.78,35.60,7.89,4.40,0.40,No,Yes,No,Non-Anemic
PID_4885,Female,44,11.40,3.64,32.80,90.11,31.28,34.77,12.87,244.00,8.24,0.20,17.30,77.31,16.15,5.11,0.60,0.80,No,No,No,Anemic
PID_4886,Male,43,13.80,4.85,41.28,85.11,28.49,33.44,11.68,217.00,8.13,0.18,8.00,66.54,28.29,4.19,0.60,0.40,No,No,No,Non-Anemic
PID_4887,Female,80,12.70,4.30,38.40,89.30,29.54,33.11,13.92,239.00,9.40,0.22,7.50,61.66,26.42,7.76,3.59,0.50,No,No,No,Non-Anemic
PID_4888,Female,65,15.10,5.06,42.02,83.04,29.81,35.91,12.70,195.00,9.61,0.19,7.90,65.61,23.78,7.11,2.90,0.60,No,No,No,Non-Anemic
PID_4889,Female,54,14.50,4.80,42.31,88.11,30.17,34.28,12.31,418.00,8.31,0.35,9.10,57.52,31.96,7.39,2.70,0.40,Yes,No,Yes,Non-Anemic
PID_4890,Male,24,12.40,4.24,35.67,84.10,29.28,34.79,12.69,321.00,6.52,0.21,7.90,40.59,48.77,6.11,3.60,0.90,Yes,No,No,Anemic
PID_4891,Male,65,14.20,4.36,43.01,98.67,32.55,33.03,11.76,212.00,8.28,0.18,6.60,61.22,24.21,11.72,1.60,1.30,No,No,No,Non-Anemic
PID_4892,Female,34,12.30,4.25,37.80,88.93,28.97,32.52,11.93,224.00,7.77,0.17,5.10,56.13,35.19,5.12,3.20,0.40,No,No,No,Non-Anemic
PID_4893,Male,27,13.50,4.88,40.52,83.04,27.63,33.31,13.09,290.00,7.56,0.22,6.60,57.12,31.69,7.70,3.10,0.40,No,No,No,Non-Anemic
PID_4894,Male,50,17.70,5.49,52.29,95.23,32.22,33.86,11.92,276.00,6.86,0.19,9.10,65.33,24.51,8.42,1.70,0.10,No,No,Yes,Non-Anemic
PID_4895,Male,19,10.40,3.47,31.78,91.62,30.01,32.75,12.32,370.00,8.88,0.33,7.80,63.43,25.95,7.06,2.60,0.90,No,No,No,Anemic
PID_4896,Female,47,13.90,4.85,40.90,84.30,28.70,33.96,12.31,261.00,7.92,0.21,5.70,55.21,39.16,4.49,0.70,0.40,No,No,No,Non-Anemic
PID_4897,Male,61,15.10,4.47,47.23,105.61,33.78,31.96,14.03,313.00,7.17,0.23,7.10,61.03,24.24,9.66,4.30,0.80,No,No,No,Non-Anemic
PID_4898,Male,37,14.50,5.06,44.40,87.79,28.65,32.69,13.93,297.00,10.63,0.31,11.20,66.10,27.46,4.67,0.80,0.90,No,No,No,Non-Anemic
PID_4899,Male,26,17.00,5.57,48.84,87.67,30.48,34.80,12.49,206.00,9.14,0.19,10.80,57.83,32.46,7.46,1.60,0.60,No,No,No,Non-Anemic
PID_4900,Male,63,16.00,5.32,46.08,86.61,30.04,34.74,12.94,289.00,8.42,0.24,8.90,65.28,16.96,9.11,8.40,0.20,No,No,No,Non-Anemic
PID_4901,Female,47,15.70,5.11,46.82,91.61,30.75,33.50,12.90,208.00,8.49,0.18,4.30,63.35,25.02,8.91,2.30,0.40,No,No,Yes,Non-Anemic
PID_4902,Female,78,10.80,3.32,32.95,99.26,32.55,32.75,12.22,249.00,7.87,0.20,5.60,53.17,26.05,11.19,7.79,1.80,No,No,No,Anemic
PID_4903,Female,62,15.10,4.99,46.08,92.33,30.26,32.80,11.96,236.00,8.38,0.20,6.40,49.07,37.49,9.21,3.80,0.40,No,No,No,Non-Anemic
PID_4904,Female,66,14.40,4.59,42.92,93.46,31.36,33.55,12.29,259.00,9.07,0.24,7.60,62.34,29.66,6.08,1.30,0.60,No,No,No,Non-Anemic
PID_4905,Female,28,13.80,4.98,39.69,79.73,27.71,34.79,13.36,264.00,7.92,0.21,5.70,47.40,41.07,6.84,4.40,0.30,No,No,No,Non-Anemic
PID_4906,Female,35,12.60,4.61,35.88,77.82,27.34,35.14,13.82,269.00,7.57,0.20,4.90,35.03,54.98,8.63,0.80,0.60,No,No,No,Non-Anemic
PID_4907,Female,37,13.60,4.47,40.71,91.07,30.46,33.43,12.42,346.00,7.97,0.28,7.40,66.10,22.51,9.38,1.30,0.70,No,No,No,Non-Anemic
PID_4908,Male,62,14.40,4.15,44.15,106.39,34.67,32.62,12.30,243.00,8.51,0.21,7.80,59.12,29.54,8.20,2.60,0.50,No,No,No,Non-Anemic
PID_4909,Male,18,12.30,4.26,35.84,84.12,28.86,34.29,12.41,224.00,8.38,0.19,6.40,70.22,21.17,5.78,0.80,2.00,No,No,No,Anemic
PID_4910,Female,62,14.50,5.10,43.92,86.15,28.44,32.98,12.03,353.00,7.49,0.26,7.10,53.32,29.79,6.09,10.09,0.70,No,No,No,Non-Anemic
PID_4911,Male,49,12.70,4.22,38.05,90.14,30.08,33.36,12.06,412.00,8.67,0.36,6.00,47.60,40.61,9.07,1.60,1.10,No,No,No,Anemic
PID_4912,Female,64,15.00,5.11,42.15,82.46,29.36,35.59,13.11,374.00,8.11,0.30,7.40,58.49,31.62,8.01,1.30,0.60,No,No,Yes,Non-Anemic
PID_4913,Female,56,13.30,4.55,38.01,83.53,29.23,34.96,12.43,359.00,7.46,0.27,8.80,49.62,34.96,7.96,6.59,0.80,No,No,No,Non-Anemic
PID_4914,Male,35,14.10,4.41,41.24,93.51,31.95,34.17,11.77,438.00,6.40,0.28,8.60,56.30,34.43,5.88,3.20,0.20,No,No,No,Non-Anemic
PID_4915,Male,20,14.20,5.23,43.73,83.62,27.16,32.51,12.91,351.00,9.09,0.32,8.10,64.19,28.21,6.08,0.70,0.80,No,No,Yes,Non-Anemic
PID_4916,Male,26,13.90,4.48,40.58,90.60,31.05,34.21,14.87,107.00,9.01,0.10,6.60,72.65,15.89,8.89,2.40,0.20,No,No,No,Compensated Microcytosis
PID_4917,Female,33,16.30,4.80,46.21,96.25,33.96,35.32,11.80,256.00,6.63,0.17,5.60,55.69,32.31,9.08,1.60,1.30,No,No,No,Non-Anemic
PID_4918,Male,72,12.70,4.39,37.85,86.25,28.95,33.57,14.00,475.00,6.80,0.32,12.40,13.78,70.87,10.32,4.60,0.40,No,No,No,Anemic
PID_4919,Male,29,15.00,4.95,42.11,85.08,30.34,35.63,13.39,142.00,8.18,0.12,9.10,72.15,19.44,4.91,2.50,1.00,No,No,No,Non-Anemic
PID_4920,Male,36,14.40,4.38,40.50,92.52,32.87,35.54,12.61,279.00,8.93,0.25,7.60,51.71,37.16,6.89,3.40,0.80,Yes,Yes,No,Non-Anemic
PID_4921,Female,29,16.30,5.09,45.28,88.98,31.99,35.97,12.47,303.00,7.96,0.24,11.80,67.40,22.49,6.39,2.80,0.90,No,No,No,Non-Anemic
PID_4922,Female,40,17.20,5.00,50.05,100.10,34.43,34.36,11.61,225.00,6.92,0.16,5.40,54.70,30.69,7.52,6.10,1.00,No,No,No,Non-Anemic
PID_4923,Female,41,12.00,4.05,34.58,85.35,29.63,34.67,12.88,278.00,7.99,0.22,8.30,58.48,31.05,6.30,3.30,0.90,No,No,No,Non-Anemic
PID_4924,Male,64,13.00,4.77,36.42,76.32,27.26,35.67,15.61,213.00,9.61,0.20,6.10,65.05,25.09,6.94,2.50,0.40,No,No,No,Compensated Microcytosis
PID_4925,Male,21,15.20,4.88,44.01,90.16,31.17,34.54,12.07,280.00,8.13,0.23,5.60,59.63,23.89,10.98,4.40,1.10,No,No,No,Non-Anemic
PID_4926,Female,76,11.50,4.00,34.43,86.07,28.75,33.37,13.89,379.00,8.57,0.33,5.90,50.18,35.55,12.27,1.50,0.50,No,Yes,No,Anemic
PID_4927,Female,32,13.80,4.21,41.24,97.97,32.79,33.45,12.49,312.00,8.44,0.26,5.40,60.64,26.45,9.08,2.99,0.80,No,No,No,Non-Anemic
PID_4928,Female,21,13.10,4.68,38.21,81.65,28.00,34.28,12.97,476.00,6.88,0.33,9.10,41.80,43.59,5.67,8.39,0.60,Yes,No,No,Non-Anemic
PID_4929,Male,25,13.80,4.43,42.53,95.99,31.12,32.42,11.62,304.00,8.19,0.25,7.20,52.13,36.50,9.37,1.60,0.40,No,No,No,Non-Anemic
PID_4930,Male,44,13.80,4.45,40.79,91.71,30.97,33.82,12.42,211.00,8.51,0.18,4.70,47.93,37.05,9.90,4.30,0.80,No,No,No,Non-Anemic
PID_4931,Male,44,13.70,4.85,38.79,80.02,28.29,35.34,12.69,230.00,8.63,0.20,4.30,48.50,39.67,6.73,4.60,0.50,No,No,No,Non-Anemic
PID_4932,Female,24,14.30,5.03,45.58,90.60,28.42,31.34,11.29,327.00,7.98,0.26,3.90,28.20,48.41,12.48,10.20,0.70,No,No,No,Non-Anemic
PID_4933,Male,53,15.90,4.92,44.36,90.15,32.32,35.88,12.70,241.00,9.12,0.22,9.40,54.68,34.99,8.37,1.40,0.60,No,No,No,Non-Anemic
PID_4934,Female,68,15.50,4.70,43.85,93.28,32.97,35.33,11.76,287.00,7.39,0.21,6.80,74.14,16.30,6.59,2.30,0.70,No,No,Yes,Non-Anemic
PID_4935,Male,33,13.60,4.49,40.66,90.56,30.32,33.45,12.48,406.00,7.42,0.30,6.30,65.10,23.44,7.62,3.40,0.40,No,No,No,Non-Anemic
PID_4936,Male,49,12.40,5.49,35.78,65.22,22.62,34.66,14.08,378.00,9.53,0.36,17.00,57.97,30.79,5.67,4.90,0.60,Yes,No,No,Anemic
PID_4937,Female,49,15.20,4.81,44.70,92.92,31.58,33.98,11.39,248.00,7.56,0.19,4.60,56.08,31.57,10.57,1.70,0.10,No,No,No,Non-Anemic
PID_4938,Male,29,13.90,4.73,39.18,82.87,29.35,35.50,12.17,309.00,6.89,0.21,5.30,45.89,41.61,8.50,3.40,0.60,No,Yes,No,Non-Anemic
PID_4939,Female,29,11.70,3.63,33.26,91.61,32.26,35.20,11.69,208.00,9.93,0.21,5.90,56.40,32.09,9.22,1.90,0.40,No,No,No,Anemic
PID_4940,Female,41,14.50,4.86,44.86,92.31,29.82,32.32,12.00,259.00,8.94,0.23,5.40,61.33,27.82,9.30,1.20,0.40,No,Yes,No,Non-Anemic
PID_4941,Male,39,15.40,5.11,44.37,86.84,30.15,34.67,12.16,287.00,7.39,0.21,8.30,64.40,25.04,6.59,3.30,0.70,No,No,No,Non-Anemic
PID_4942,Female,36,16.40,5.18,48.59,93.83,31.68,33.72,11.59,278.00,8.61,0.24,6.30,54.13,36.43,7.78,0.90,0.70,No,No,No,Non-Anemic
PID_4943,Female,34,13.50,4.22,39.59,93.80,32.02,34.08,11.42,289.00,8.81,0.25,6.10,65.65,25.68,7.10,0.80,0.80,No,No,No,Non-Anemic
PID_4944,Male,80,11.90,4.11,35.92,87.42,28.94,33.17,11.87,323.00,9.08,0.29,10.10,32.09,54.52,5.33,7.40,0.70,No,Yes,No,Anemic
PID_4945,Male,25,14.30,4.86,39.61,81.49,29.40,36.11,12.48,206.00,8.96,0.19,3.50,36.17,48.63,9.56,4.40,1.20,No,No,No,Non-Anemic
PID_4946,Male,39,10.40,3.51,29.51,84.06,29.61,35.29,11.77,258.00,6.60,0.17,7.80,70.00,19.31,8.70,1.70,0.30,No,No,No,Anemic
PID_4947,Female,36,17.10,5.05,51.64,102.27,33.85,33.08,12.38,217.00,7.88,0.17,5.50,56.16,32.03,7.51,4.00,0.30,No,No,No,Non-Anemic
PID_4948,Female,68,14.70,4.95,45.37,91.69,29.67,32.42,12.32,295.00,6.92,0.20,8.90,63.80,23.95,8.36,3.20,0.60,No,No,No,Non-Anemic
PID_4949,Female,47,13.70,4.65,40.85,87.84,29.47,33.55,12.03,256.00,8.13,0.21,7.60,61.62,31.08,5.82,1.30,0.20,No,Yes,No,Non-Anemic
PID_4950,Male,79,13.50,4.81,39.11,81.32,28.08,34.50,12.60,296.00,8.88,0.26,10.30,73.10,22.21,2.50,2.20,0.00,Yes,Yes,No,Non-Anemic
PID_4951,Male,56,13.50,4.84,39.37,81.34,27.93,34.30,12.00,260.00,8.52,0.22,3.50,60.47,24.25,14.16,0.80,0.30,No,No,No,Non-Anemic
PID_4952,Female,19,15.00,4.99,42.25,84.70,30.05,35.49,12.84,270.00,7.63,0.21,6.40,59.43,26.98,11.11,1.90,0.60,Yes,No,No,Non-Anemic
PID_4953,Male,59,17.30,5.97,49.50,82.90,28.98,34.96,12.37,242.00,8.73,0.21,7.80,80.04,14.41,4.61,0.60,0.40,No,No,No,Non-Anemic
PID_4954,Male,75,11.60,3.82,32.99,86.37,30.36,35.12,11.87,387.00,7.88,0.31,10.70,72.88,20.67,4.61,1.40,0.40,No,No,No,Anemic
PID_4955,Male,59,16.30,5.50,47.39,86.13,29.64,34.39,11.97,248.00,8.62,0.21,8.30,46.42,45.83,5.63,1.30,0.90,No,No,No,Non-Anemic
PID_4956,Female,20,13.00,4.23,40.21,95.03,30.75,32.33,12.67,386.00,7.63,0.29,6.90,62.48,28.47,5.68,2.60,0.80,No,No,Yes,Non-Anemic
PID_4957,Male,38,14.50,4.97,42.94,86.40,29.19,33.79,12.03,262.00,7.93,0.21,7.60,62.74,29.79,6.31,0.60,0.60,No,No,No,Non-Anemic
PID_4958,Female,27,15.60,5.05,44.23,87.59,30.90,35.30,12.08,309.00,8.78,0.27,4.10,40.06,44.73,12.01,2.30,0.90,No,No,No,Non-Anemic
PID_4959,Male,20,12.30,4.41,36.24,82.21,27.91,33.94,12.48,199.00,9.51,0.19,4.40,42.77,44.23,9.69,2.70,0.60,No,No,No,Anemic
PID_4960,Female,37,12.30,4.91,35.55,72.42,25.03,34.58,15.34,355.00,7.33,0.26,10.20,64.27,28.99,3.08,3.20,0.50,No,No,No,Compensated Microcytosis
PID_4961,Female,46,12.70,4.38,37.78,86.25,28.97,33.65,12.16,316.00,8.94,0.28,10.80,32.40,51.21,14.02,2.00,0.40,No,No,No,Non-Anemic
PID_4962,Female,46,15.00,4.72,45.78,97.03,31.74,32.74,13.07,215.00,9.12,0.20,4.80,56.59,33.25,7.78,2.30,0.10,No,No,No,Non-Anemic
PID_4963,Female,47,15.50,4.94,45.79,92.65,31.42,33.81,12.40,222.00,7.58,0.17,6.40,53.16,36.53,7.97,1.90,0.40,Yes,Yes,No,Non-Anemic
PID_4964,Male,61,12.00,3.80,34.91,91.89,31.57,34.34,12.29,203.00,7.62,0.15,6.60,73.84,13.25,8.24,4.10,0.60,No,Yes,No,Anemic
PID_4965,Male,49,14.70,4.48,44.26,98.81,32.85,33.25,11.37,279.00,8.10,0.23,6.30,45.87,40.63,7.82,5.19,0.50,No,No,No,Non-Anemic
PID_4966,Male,32,16.00,5.22,47.45,90.90,30.64,33.74,11.87,229.00,8.18,0.19,5.30,57.12,28.66,11.13,2.70,0.40,No,No,No,Non-Anemic
PID_4967,Male,23,12.70,4.31,38.63,89.61,29.43,32.86,11.79,233.00,7.76,0.18,5.10,32.21,49.46,8.37,9.01,0.90,No,No,No,Anemic
PID_4968,Female,31,14.70,5.03,41.59,82.69,29.26,35.33,12.50,407.00,7.86,0.32,7.80,54.14,35.38,7.31,2.80,0.40,No,No,No,Non-Anemic
PID_4969,Female,32,13.60,4.73,40.42,85.46,28.72,33.66,11.97,397.00,7.08,0.28,6.10,46.06,45.96,6.07,1.30,0.60,No,Yes,No,Non-Anemic
PID_4970,Female,60,12.90,4.49,36.09,80.39,28.70,35.75,12.26,357.00,8.49,0.30,9.40,30.37,50.40,11.30,6.30,1.60,No,No,No,Non-Anemic
PID_4971,Male,25,15.40,4.89,42.98,87.88,31.52,35.85,13.27,239.00,8.27,0.20,8.00,47.26,41.41,9.54,0.90,0.90,No,No,No,Non-Anemic
PID_4972,Male,38,12.50,4.58,36.87,80.51,27.31,33.87,13.60,277.00,7.61,0.21,7.60,44.62,38.79,9.88,6.20,0.50,No,No,No,Anemic
PID_4973,Female,52,14.40,4.72,43.92,93.05,30.53,32.77,12.76,246.00,9.10,0.22,6.40,56.94,27.56,12.60,2.00,0.90,No,No,No,Non-Anemic
PID_4974,Female,43,13.90,4.45,44.13,99.17,31.25,31.50,11.91,407.00,7.38,0.30,11.70,64.51,28.22,5.71,0.80,0.80,No,No,No,Non-Anemic
PID_4975,Male,38,14.30,3.95,44.36,112.31,36.17,32.24,13.43,312.00,7.98,0.25,11.80,55.26,33.58,5.56,4.90,0.60,No,No,No,Non-Anemic
PID_4976,Female,40,11.40,4.93,35.24,71.47,23.09,32.34,13.04,312.00,7.91,0.25,6.70,40.60,41.64,7.88,5.59,4.30,Yes,No,No,Anemic
PID_4977,Female,30,15.80,4.70,44.31,94.30,33.64,35.68,12.57,286.00,8.10,0.23,9.10,60.07,28.64,7.56,2.50,1.20,No,Yes,No,Non-Anemic
PID_4978,Female,55,12.30,4.56,36.03,79.03,26.95,34.15,13.93,295.00,7.29,0.22,4.60,47.78,39.09,9.79,2.40,0.90,No,No,Yes,Compensated Microcytosis
PID_4979,Male,40,14.30,4.50,41.49,92.17,31.77,34.48,11.70,220.00,8.37,0.18,8.10,65.61,27.82,4.91,0.80,0.90,No,No,No,Non-Anemic
PID_4980,Male,57,14.10,4.31,45.00,104.37,32.69,31.34,11.62,231.00,9.00,0.21,7.20,61.48,28.85,7.73,1.60,0.40,No,No,No,Non-Anemic
PID_4981,Female,32,12.40,4.30,38.08,88.60,28.80,32.53,12.90,490.00,8.18,0.40,9.30,35.79,53.28,7.85,2.30,0.80,Yes,No,No,Non-Anemic
PID_4982,Female,21,11.90,4.27,33.94,79.50,27.86,35.07,12.10,194.00,8.40,0.16,9.20,57.21,29.47,11.70,1.00,0.60,No,Yes,No,Anemic
PID_4983,Female,65,13.40,4.49,39.02,86.92,29.83,34.30,12.48,354.00,7.32,0.26,9.60,57.20,29.64,8.82,3.40,1.00,No,No,No,Non-Anemic
PID_4984,Male,47,13.10,4.10,38.73,94.44,31.96,33.84,11.61,205.00,9.31,0.19,8.00,64.88,20.07,10.92,3.70,0.40,No,No,No,Non-Anemic
PID_4985,Female,23,15.10,4.96,43.54,87.80,30.47,34.66,13.21,255.00,8.26,0.21,7.80,65.62,24.08,7.98,1.50,0.80,No,No,No,Non-Anemic
PID_4986,Male,22,14.60,4.79,40.60,84.78,30.46,35.94,12.31,240.00,8.08,0.19,4.20,53.07,31.55,6.93,7.71,0.80,No,No,No,Non-Anemic
PID_4987,Female,80,15.20,4.79,45.06,94.07,31.72,33.76,11.97,327.00,7.72,0.25,4.80,56.99,29.60,8.40,3.70,1.30,No,No,No,Non-Anemic
PID_4988,Male,35,13.40,4.44,39.32,88.58,30.19,34.12,13.23,337.00,8.98,0.30,4.40,43.64,40.29,10.96,4.70,0.40,No,No,No,Non-Anemic
PID_4989,Female,41,11.30,4.05,33.01,81.48,27.90,34.26,12.26,412.00,7.38,0.30,9.80,41.20,45.27,9.12,3.50,1.00,No,No,No,Anemic
PID_4990,Female,67,12.40,4.64,33.63,72.48,26.69,36.85,11.76,173.00,9.62,0.17,5.80,59.94,32.58,5.73,1.30,0.50,No,No,No,Compensated Microcytosis
PID_4991,Female,37,11.60,4.31,36.85,85.47,26.91,31.51,12.82,321.00,6.87,0.22,7.30,45.28,38.00,9.31,6.70,0.70,No,No,No,Anemic
PID_4992,Female,54,11.40,4.34,32.74,75.44,26.29,34.78,13.88,274.00,8.00,0.22,8.00,36.10,52.79,9.57,0.90,0.60,No,No,No,Anemic
PID_4993,Female,49,15.40,5.23,45.48,86.97,29.48,33.83,11.64,301.00,8.11,0.24,5.50,25.33,58.14,12.22,4.00,0.40,No,No,No,Non-Anemic
PID_4994,Male,31,15.10,5.05,43.54,86.26,29.88,34.70,11.10,297.00,7.48,0.22,4.40,46.46,40.89,8.22,4.10,0.40,No,No,No,Non-Anemic
PID_4995,Male,28,16.20,5.77,48.78,84.51,28.11,33.23,11.98,239.00,8.47,0.20,5.30,43.65,42.25,12.22,1.50,0.40,No,Yes,No,Non-Anemic
PID_4996,Female,56,13.70,4.54,40.36,88.92,30.21,33.95,11.82,290.00,7.44,0.21,6.90,48.33,39.90,7.10,3.80,0.90,No,No,No,Non-Anemic
PID_4997,Male,32,15.40,4.89,44.18,90.38,31.51,34.89,11.37,255.00,7.92,0.20,7.60,54.89,36.14,6.73,2.00,0.30,No,No,No,Non-Anemic
PID_4998,Male,60,13.20,4.63,34.98,75.56,28.53,37.71,13.66,210.00,9.41,0.20,5.90,40.75,51.91,5.12,1.60,0.60,No,No,No,Non-Anemic
PID_4999,Female,53,12.80,4.47,36.60,81.93,28.60,34.98,12.51,275.00,8.94,0.24,7.70,56.37,31.09,9.10,3.00,0.40,No,No,No,Non-Anemic
PID_5000,Male,74,12.70,4.16,38.51,92.52,30.52,33.01,13.08,268.00,9.41,0.25,7.90,52.50,36.80,8.02,2.10,0.60,Yes,No,No,Anemic
PID_5001,Male,35,14.40,4.77,43.00,90.13,30.18,33.51,12.51,397.00,7.60,0.30,10.50,53.01,39.64,5.90,1.30,0.20,No,No,No,Non-Anemic
PID_5002,Female,43,13.90,4.70,41.55,88.37,29.55,33.50,12.18,260.00,9.88,0.26,8.50,73.22,19.51,6.52,0.40,0.40,No,No,No,Non-Anemic
PID_5003,Male,71,13.50,4.57,42.39,92.79,29.57,31.87,12.72,183.00,9.12,0.17,7.10,40.90,52.46,4.97,1.00,0.60,No,No,No,Non-Anemic
PID_5004,Male,45,14.10,4.55,41.96,92.19,31.00,33.56,11.61,222.00,7.91,0.18,9.90,69.01,22.17,7.36,0.80,0.60,No,No,No,Non-Anemic
PID_5005,Male,25,14.10,4.70,40.43,85.99,29.98,34.87,13.92,336.00,8.12,0.27,7.80,55.44,33.48,8.75,1.70,0.60,No,Yes,No,Non-Anemic
PID_5006,Female,42,14.10,4.81,43.42,90.25,29.32,32.46,13.57,286.00,8.10,0.23,8.60,56.37,36.81,5.57,0.60,0.60,No,No,No,Non-Anemic
PID_5007,Male,50,14.60,4.58,41.41,90.38,31.86,35.26,12.03,419.00,8.02,0.34,11.30,67.83,21.74,7.47,2.30,0.70,No,No,No,Non-Anemic
PID_5008,Male,56,13.00,4.52,37.59,83.18,28.74,34.58,12.84,313.00,10.01,0.31,9.20,66.77,23.95,7.07,1.40,0.80,No,No,No,Non-Anemic
PID_5009,Male,33,13.90,4.74,41.97,88.55,29.35,33.11,11.71,272.00,8.40,0.23,6.30,54.87,35.55,7.32,1.70,0.60,No,No,No,Non-Anemic
PID_5010,Female,32,14.50,5.22,42.86,82.14,27.75,33.87,13.31,303.00,7.77,0.24,9.10,70.57,19.78,8.13,1.00,0.60,No,No,No,Non-Anemic
PID_5011,Male,34,12.60,4.21,35.08,83.29,29.96,35.89,12.42,384.00,7.58,0.29,11.80,58.68,33.46,5.69,1.90,0.30,No,No,No,Anemic
PID_5012,Male,60,14.80,4.83,42.43,87.87,30.67,34.85,12.04,274.00,8.36,0.23,5.90,51.99,39.91,5.98,1.70,0.40,Yes,No,No,Non-Anemic
PID_5013,Female,74,13.60,4.26,39.99,93.90,31.95,33.97,12.67,175.00,10.10,0.18,7.80,62.03,26.12,8.52,3.20,0.20,No,No,No,Non-Anemic
PID_5014,Male,25,13.60,4.41,40.34,91.45,30.85,33.74,12.12,306.00,8.44,0.26,11.40,60.62,30.21,6.12,2.30,0.80,No,No,No,Non-Anemic
PID_5015,Female,22,14.90,4.68,43.71,93.37,31.87,34.09,12.47,255.00,7.92,0.20,9.40,68.72,22.00,6.17,2.30,0.80,No,No,No,Non-Anemic
PID_5016,Female,21,14.10,4.70,42.23,89.82,29.99,33.36,12.82,228.00,9.58,0.22,6.60,57.20,32.46,8.22,1.50,0.60,Yes,No,Yes,Non-Anemic
PID_5017,Female,23,13.90,4.16,44.16,106.20,33.42,31.47,13.32,294.00,8.80,0.26,8.10,65.95,24.38,5.56,3.20,0.90,No,No,No,Non-Anemic
PID_5018,Male,80,16.30,5.53,44.72,80.85,29.47,36.47,12.33,336.00,7.28,0.25,5.40,60.43,31.20,7.29,1.00,0.10,No,Yes,No,Non-Anemic
PID_5019,Male,64,13.40,4.47,39.20,87.73,29.94,34.22,12.38,222.00,8.91,0.20,4.50,39.06,45.29,10.40,4.90,0.40,No,No,No,Non-Anemic
PID_5020,Male,49,13.70,4.31,39.74,92.17,31.77,34.47,15.04,322.00,8.10,0.26,8.20,49.49,39.79,7.30,2.50,1.00,No,No,No,Compensated Microcytosis
PID_5021,Male,39,13.50,4.61,39.79,86.29,29.29,33.94,13.40,255.00,8.48,0.22,7.30,60.98,31.34,5.78,1.50,0.40,No,No,No,Non-Anemic
PID_5022,Female,39,12.50,4.48,37.74,84.23,27.89,33.10,12.71,690.00,6.63,0.46,17.90,29.49,61.03,7.49,1.70,0.30,No,No,No,Non-Anemic
PID_5023,Female,30,13.10,4.63,38.78,83.75,28.29,33.75,12.36,467.00,7.60,0.35,10.50,27.24,60.37,7.51,4.30,0.60,Yes,No,Yes,Non-Anemic
PID_5024,Male,26,13.50,4.47,42.08,94.14,30.21,32.07,11.91,263.00,8.82,0.23,7.00,41.22,49.61,7.07,1.70,0.30,Yes,No,No,Non-Anemic
PID_5025,Male,51,12.30,3.80,33.49,88.13,32.36,36.71,12.67,218.00,7.63,0.17,8.30,79.70,14.06,4.58,1.10,0.50,No,No,No,Anemic
PID_5026,Male,78,13.30,4.70,40.90,87.03,28.29,32.55,11.97,439.00,6.52,0.29,9.10,34.96,51.33,7.69,5.50,0.50,No,No,No,Non-Anemic
PID_5027,Female,58,14.60,5.01,44.56,88.98,29.12,32.72,12.19,140.00,8.82,0.12,4.30,43.27,40.91,9.96,4.90,0.90,No,No,No,Non-Anemic
PID_5028,Female,31,15.00,5.28,44.81,84.84,28.37,33.50,12.53,228.00,8.33,0.19,14.00,77.95,12.29,8.13,1.60,0.10,No,No,Yes,Non-Anemic
PID_5029,Female,68,15.50,5.04,43.61,86.52,30.73,35.58,12.28,332.00,7.42,0.25,9.50,50.83,36.19,7.36,4.69,0.90,No,No,No,Non-Anemic
PID_5030,Female,60,15.60,5.78,45.86,79.35,26.97,34.03,13.67,206.00,9.18,0.19,6.70,55.29,35.22,7.83,1.30,0.40,No,No,No,Compensated Microcytosis
PID_5031,Male,59,15.10,5.25,46.44,88.45,28.77,32.54,11.78,212.00,9.87,0.21,6.20,59.61,27.83,9.63,2.20,0.70,No,No,No,Non-Anemic
PID_5032,Female,20,13.40,4.52,37.74,83.52,29.67,35.50,11.41,186.00,9.41,0.17,6.10,66.07,24.77,4.42,4.10,0.60,No,No,No,Non-Anemic
PID_5033,Male,46,14.60,5.43,41.86,77.07,26.90,34.92,14.32,365.00,6.90,0.25,5.00,56.67,28.30,10.14,3.90,1.00,No,No,No,Compensated Microcytosis
PID_5034,Male,61,11.80,4.75,34.06,71.68,24.87,34.64,14.22,383.00,7.18,0.28,8.30,29.83,57.77,5.42,6.10,0.90,No,No,No,Anemic
PID_5035,Male,39,17.20,5.39,49.34,91.56,31.92,34.83,12.03,135.00,8.33,0.11,5.10,43.55,38.89,13.45,3.30,0.80,No,No,Yes,Non-Anemic
PID_5036,Male,38,11.20,4.43,30.37,68.54,25.30,36.89,20.69,372.00,7.98,0.30,7.80,41.53,30.59,7.48,18.68,1.70,No,No,No,Anemic
PID_5037,Female,35,15.60,5.10,42.60,83.52,30.60,36.63,12.51,248.00,8.86,0.22,13.10,65.45,24.10,8.23,2.00,0.30,No,No,No,Non-Anemic